Symbol,Description,Price,Price - Currency,"Price change %, 1 day","Volume, 1 day","Relative volume, 1 day",Market capitalization,Market capitalization - Currency,Price to earnings ratio,"Earnings per share diluted, Trailing 12 months","Earnings per share diluted, Trailing 12 months - Currency","Earnings per share diluted growth %, TTM YoY","Dividend yield %, Trailing 12 months",Sector,Industry,Analyst rating,Price to earnings ratio forward,"Price to earnings ratio forward Non-GAAP, Annual"
NVDA,NVIDIA Corporation,225.73,USD,-2.0098975516582844,122962048,0.7718881007084482,5440093014413.363,USD,28.535130078628676,7.9106,USD,125.14871211043119,0.121548880013891,Electronic technology,Semiconductors,Strong buy,18.81879054526889,24.389972461470425
AAPL,Apple Inc.,316.22,USD,-1.1719848735818983,35477016,0.957146038660817,4614971518388.078,USD,36.25004298831865,8.7233,USD,32.60922440789274,0.33128105759915,Electronic technology,Telecommunications equipment,Buy,34.160929066648926,35.804896264648704
GOOG,Alphabet Inc.,335.38,USD,0.020876204109627858,14150281,0.8816048618066019,4122816187110.904,USD,16.848778968415445,19.9053,USD,112.01789423230548,0.253496764188363,Technology services,Internet software/Services,Strong buy,25.037014663353382,16.306207809000036
GOOGL,Alphabet Inc.,338.36,USD,-0.029545588843575575,22915741,0.9568897504650029,4120737823152.7,USD,16.99848783992203,19.9053,USD,112.01789423230548,0.251137505170478,Technology services,Internet software/Services,Strong buy,25.254881284293862,16.449641689408733
MSFT,Microsoft Corporation,493.95,USD,-1.1506904142485492,18882317,0.8535380776575793,3667848244947.571,USD,27.525159650941188,17.9454,USD,31.54908515130189,0.728437062237343,Technology services,Packaged software,Strong buy,25.166946605109082,25.043240720578122
AMZN,"Amazon.com, Inc.",256.97,USD,-0.595721635526658,29397908,0.918488763011845,2771759329726.687,USD,20.669047504142338,12.4326,USD,89.7295812477109,0,Retail trade,Internet retail,Strong buy,27.477868110082568,20.21137271770642
SPCX,Space Exploration Technologies Corp,153.47,USD,3.7309901993916936,85839650,1.3793200314020904,2082751960025.416,USD,,,,,0,Communications,Specialty telecommunications,Buy,105.76566568208413,
AVGO,Broadcom Inc.,368.56,USD,2.9799242794674474,30463847,1.1406966777042407,1753453659767.6404,USD,47.039603834028924,7.8351,USD,100.17117163149555,0.709705360510764,Electronic technology,Semiconductors,Strong buy,21.32810878770627,31.73672092575884
META,"Meta Platforms, Inc.",613.48,USD,-0.5334241289297411,18909714,1.1331639713964954,1562844112557.8318,USD,23.108593211464648,26.5477,USD,-3.857269092594742,0.340483486550902,Technology services,Internet software/Services,Strong buy,20.113130952029294,19.538414667276545
TSLA,"Tesla, Inc.",368.16,USD,3.9765024853140654,51078407,1.212740605873608,1454065392005.6045,USD,342.06076372758525,1.0763,USD,-37.67083622886263,0,Consumer durables,Motor vehicles,Buy,184.8174215118322,215.87618782917073
MU,"Micron Technology, Inc.",1000.26,USD,-1.6063506428353653,26603800,1.0606657571202038,1129686738446.3787,USD,22.64461051206531,44.1721,USD,697.287150515315,0.0521350790387472,Electronic technology,Semiconductors,Strong buy,6.962377089431805,13.63348276289767
LLY,Eli Lilly and Company,1123.91,USD,-2.2142757708637695,2403019,0.9688478566900289,1058000594947.6775,USD,38.19043056022781,29.4291,USD,95.1428306190653,0.582063061181875,Health technology,Pharmaceuticals: major,Buy,27.49982407511714,30.880925020412857
BRK.B,Berkshire Hathaway Inc. New,505.83,USD,-0.039523348418075734,4400877,1.0780461055065518,973861284348.9377,USD,12.718403882176935,39.7715,USD,36.302726637147536,0,Finance,Property/Casualty insurance,Neutral,23.22549043375921,22.809494030832564
SKHY,SK hynix Inc.,185.55,USD,4.830508474576278,23156303,1.7240920696004092,960380122514.8922,USD,12.05183164458301,15.396,USD,433.67534403272214,0,Electronic technology,Semiconductors,Strong buy,6.436929624463872,7.432858216597134
JPM,JP Morgan Chase & Co.,353.51,USD,-1.4304037474905185,5633145,1.076881552119343,939695469975.2367,USD,15.144154564537548,23.343,USD,19.772185022704537,1.6729868391702,Finance,Major banks,Buy,14.637344278693114,14.237020393119126
WMT,Walmart Inc.,106.05,USD,-1.0173604629456818,22664816,0.8462648019645691,841373768449.0769,USD,38.422520923154956,2.7601,USD,4.131140119218296,0.91235766287101,Retail trade,Specialty stores,Strong buy,35.323872109263185,36.69016959473017
AMD,"Advanced Micro Devices, Inc.",505.74,USD,5.898611721841827,28166284,1.794847700940274,825607906814.5189,USD,129.79340433722572,3.8965,USD,124.2848097622748,0,Electronic technology,Semiconductors,Buy,44.993276897348174,66.28047831926945
V,Visa Inc.,368.64,USD,-1.714346655291014,4930372,0.8307216718156292,688268351676.4354,USD,31.63667258824438,11.6523,USD,15.026505167767343,0.714533287119738,Finance,Finance/Rental/Leasing,Strong buy,25.468576837564658,27.873097561285427
ASML,ASML Holding N.V. - New York Registry Shares,1764.85,USD,2.9139065124090195,1354039,1.2308232534175725,666097424989.1814,USD,54.94380623268266,32.121,USD,23.100094276713666,0.449893695185669,Electronic technology,Semiconductors,Strong buy,32.362181820395605,40.29225669969923
XOM,ExxonMobil Holdings Corporation,160.66,USD,0.7462218599109536,12616378,0.901869044003064,660619804548.6089,USD,20.67483399392598,7.7708,USD,10.170981370686484,2.58355803599423,Energy minerals,Integrated oil,Buy,13.294221324871017,13.745703291302819
JNJ,Johnson & Johnson,269.12,USD,-2.2199614867565356,8085992,1.293055504694327,648551893388.1207,USD,31.192192679477966,8.6278,USD,-7.724064171122985,1.91839552374378,Health technology,Pharmaceuticals: major,Buy,22.556390347252915,23.232467373153984
INTC,Intel Corporation,104.47,USD,9.050104384133615,140265187,1.7115447170463378,552239455912.0027,USD,,-2.1201,USD,55.48626858150668,0,Electronic technology,Semiconductors,Buy,62.87097758442326,69.67565173778958
MA,Mastercard Incorporated,570.89,USD,-1.4364392879957268,2705851,0.9855859766048543,500105331522.2586,USD,31.407445714065656,18.1769,USD,22.61557038106353,0.58182697121942,Finance,Finance/Rental/Leasing,Strong buy,26.83711471095465,28.60809292977359
ORCL,Oracle Corporation,162.52,USD,2.355460385438978,37662336,1.801637388765598,468134134750.95935,USD,27.90138717209175,5.8248,USD,34.18415535948765,1.25960448419196,Technology services,Packaged software,Buy,20.158844550401454,20.140352929571225
ABBV,AbbVie Inc.,248.78,USD,-2.994619043905474,5572102,1.4335138442049553,439623429627.66956,USD,70.34042071929427,3.5368,USD,68.31485271022699,2.66318334243157,Health technology,Pharmaceuticals: major,Buy,16.375783350979745,17.731108080932195
BAC,Bank of America Corporation,62.39,USD,-0.4626675175494562,28339827,0.9149751149302447,436277583232.9295,USD,14.358372456964005,4.3452,USD,27.24983161039038,1.78685386088066,Finance,Major banks,Buy,12.667408153677043,13.449694714134166
CSCO,"Cisco Systems, Inc.",109.17,USD,-0.027472527472528513,14687437,1.0932392329504397,430412174727.20764,USD,32.79461684039773,3.3289,USD,27.475683541395412,1.52014652014652,Electronic technology,Telecommunications equipment,Buy,21.298654070214347,21.322565473576972
CVX,Chevron Corporation,209.8,USD,0.5752636625119928,7706480,1.0319441127666569,414516818329.65295,USD,20.113895653174314,10.4306,USD,34.62660368104495,3.37967401725791,Energy minerals,Integrated oil,Buy,13.49407273819756,13.047955839945988
PLTR,Palantir Technologies Inc.,170.3,USD,-2.3117076808351977,24582286,0.7933639527634236,409246765149.1723,USD,145.54311597299377,1.1701,USD,288.8667331339315,0,Technology services,Packaged software,Buy,89.69068038518014,106.78146980962426
COST,Costco Wholesale Corporation,910.18,USD,-0.6071592373381155,2240323,1.1946563261316963,403645548811.64435,USD,45.779557182951244,19.8818,USD,12.777024612434968,0.604975211304519,Retail trade,Specialty stores,Buy,41.47393454939416,44.362822163318526
LRCX,Lam Research Corporation,320.42,USD,4.150820737851467,8937398,1.3144372047317536,400948281259.6453,USD,55.588903731718744,5.7641,USD,38.61340900346286,0.338046481391191,Producer manufacturing,Industrial machinery,Strong buy,33.70247724041483,33.78769534005657
KO,Coca-Cola Company (The),88.36,USD,0.32928352446917936,19426903,1.2503776108392364,380173213135.83295,USD,26.621674550329907,3.3191,USD,17.602664493498224,2.36175769274441,Consumer non-durables,Beverages: non-alcoholic,Buy,25.993563974732467,26.731666526998048
CAT,"Caterpillar, Inc.",822.48,USD,1.0492173870309807,2444423,1.0768611915019517,378073384694.051,USD,35.37883154535053,23.2478,USD,18.21556423399235,0.756812541464973,Producer manufacturing,Trucks/Construction/Farm machinery,Buy,28.6077790981927,30.184273137872232
AMAT,"Applied Materials, Inc.",472.79,USD,3.9761606298520027,6312905,0.9810331564359774,375204913420.304,USD,40.76759907563895,11.5972,USD,38.26930872499227,0.43544236986211,Producer manufacturing,Industrial machinery,Strong buy,26.85470050127563,36.89657930727705
MRK,"Merck & Company, Inc.",148.46,USD,-1.2439300206213029,11187297,1.17598727381557,366276304779.0933,USD,118.66357605307329,1.2511,USD,-80.7110590339341,2.23508281780084,Health technology,Pharmaceuticals: major,Buy,17.198133714041578,54.00363904354703
UNH,UnitedHealth Group Incorporated,400.84,USD,0.9316613788588378,7050221,1.7270828253807173,359791932396.4359,USD,25.775834351488648,15.551,USD,-32.64203819448956,2.25361333534774,Health services,Managed health care,Buy,18.767065943594957,20.28549798939055
GE,GE Aerospace,334.91,USD,-0.6555529188419493,3062819,0.9620557912883358,347490051842.2104,USD,39.475017974799925,8.4841,USD,18.431815961025716,0.492406264831514,Electronic technology,Aerospace & defense,Buy,39.80703494939048,42.29525144211893
DELL,Dell Technologies Inc.,533.88,USD,1.8582821383599817,6662452,0.5890129189830475,346104292853.2601,USD,30.990346717129206,17.2273,USD,153.33519602364635,0.44072194451864,Electronic technology,Computer processing hardware,Buy,18.92603507116105,20.62886986922646
MS,Morgan Stanley,216.24,USD,-0.6797721844570961,3455611,0.9375586972794144,339619255195.3801,USD,17.471962767848485,12.3764,USD,40.22978086972287,1.90611794966011,Finance,Investment managers,Buy,16.34897779195805,16.762694539581712
PG,Procter & Gamble Company (The),145.58,USD,-0.5872712373668295,8328442,1.0695884470852026,338390977135.9683,USD,21.991268750283236,6.6199,USD,1.73974518573163,2.92993717563507,Consumer non-durables,Household/Personal care,Buy,20.847465661039227,20.8693657693948
NFLX,"Netflix, Inc.",76.77,USD,-1.8913738019169382,33865312,1.2642536661198522,319665669301.7195,USD,24.18562157393989,3.1742,USD,35.26804738770987,0,Technology services,Internet software/Services,Buy,22.176958668585183,21.338010259032938
HD,"Home Depot, Inc. (The)",313.7,USD,-2.289363027565807,5660092,1.70754454831369,312975226985.52277,USD,21.95179980966243,14.2904,USD,-2.9250730249303722,2.88428593676997,Retail trade,Home improvement chains,Buy,20.367290352442424,20.904716409229447
GS,"Goldman Sachs Group, Inc. (The)",1036.53,USD,-0.2002676654374527,1263453,0.7324396637991374,301807904851.6896,USD,15.997265187316147,64.7942,USD,42.76881720430108,1.63680303482539,Finance,Investment banks/Brokers,Neutral,14.848822305440072,14.758929791133228
PM,Philip Morris International Inc,184.73,USD,1.205281323618029,4832946,1.3139530211279373,287922674619.9283,USD,26.553493653782574,6.9569,USD,32.011992637431455,3.22138826494275,Consumer non-durables,Tobacco,Buy,21.117642634111835,22.060874782412636
PANW,"Palo Alto Networks, Inc.",336.98,USD,1.116245574026294,6128732,0.8536649302900379,274638708047.84198,USD,663.7384282056332,0.5077,USD,-68.27073307918255,0,Technology services,Packaged software,Buy,80.49349982383538,80.53701540786055
ARM,Arm Holdings plc,261.53,USD,3.7446943551905942,5108398,1.445435741437465,269232116089.00003,USD,268.29093147312267,0.9748,USD,48.43916552459267,0,Electronic technology,Semiconductors,Buy,109.76779324890086,117.28702066391637
RTX,RTX Corporation,198.81,USD,-0.9861048857014741,3627286,0.9817945469849082,267947794550.3788,USD,35.00792393026941,5.679,USD,24.774794568704138,1.40445241296877,Electronic technology,Aerospace & defense,Buy,26.942269875056766,27.435048581604814
WFC,Wells Fargo & Company,87.96,USD,-2.234078026008675,9753217,0.7503785526716132,265990979184.70822,USD,12.779311346796455,6.883,USD,18.045551210811553,2.05624096921196,Finance,Major banks,Buy,11.728952390934143,12.06594789502296
GEV,GE Vernova Inc.,971.31,USD,3.1169382663623226,1700587,0.8005420906133393,258692480369.64465,USD,27.803508249653635,34.9348,USD,735.9407527936638,0.185784808110834,Producer manufacturing,Electrical products,Buy,46.49066130310455,31.65286578342187
SNDK,Sandisk Corporation,1737.99,USD,-0.11551724137930983,11199542,0.9465255989484954,254474768842.24115,USD,23.843128324235483,72.8927,USD,,0,Electronic technology,Computer peripherals,Buy,8.271145864062289,8.2049827220623
KLAC,KLA Corporation,188.98,USD,1.8211206896551702,12404389,1.4523527329601889,246911213488.12305,USD,51.525479183139296,3.6677,USD,20.65993354607363,0.363685344827586,Electronic technology,Semiconductors,Buy,34.139927818025406,34.44688129770213
ANET,"Arista Networks, Inc.",194.96,USD,0.6089379708948327,4743849,1.004688575914294,245888348294.6868,USD,61.46667507409042,3.1718,USD,24.726700747149035,0,Electronic technology,Computer peripherals,Strong buy,41.79575988275921,47.47723608260201
TXN,Texas Instruments Incorporated,258.92,USD,0.18572976319455897,5437894,1.0551969170107733,236458091710.859,USD,39.38965207734319,6.5733,USD,20.161231354197135,2.1978021978022,Electronic technology,Semiconductors,Buy,27.14316415156646,30.420338061456555
C,"Citigroup, Inc.",136.74,USD,-0.7115887307580524,6471567,0.763500385149896,229372705632.19913,USD,14.76052202636039,9.2639,USD,36.96699982257968,1.79349404589021,Finance,Major banks,Buy,11.766131233407895,12.21353700065757
TMO,Thermo Fisher Scientific Inc,603.02,USD,-1.753071132979242,2695405,1.7900741191850842,222965017800.96014,USD,32.43752084431582,18.5902,USD,7.601479432074029,0.293264687673108,Health technology,Medical specialties,Buy,22.980586926065058,24.014481167815354
AXP,American Express Company,326.1,USD,-0.018395879323032337,2587676,1.1974847265716304,220218532965.6779,USD,19.785220240262106,16.482,USD,15.718377892608398,1.08535688005887,Finance,Finance/Rental/Leasing,Buy,17.528097497287607,18.485405316178092
IBM,International Business Machines Corporation,232.09,USD,-1.1920473413086905,4787646,1.1060344810259823,218659972191.4993,USD,20.6011059924196,11.2659,USD,82.7337312658146,2.86942824300737,Technology services,Information technology services,Buy,18.1987823933269,18.85164416406819
LIN,Linde plc,468.38,USD,-1.9243252298092421,2580951,1.436607102651339,215913892325.79044,USD,30.24108676282589,15.4882,USD,10.101512738853511,1.29823900161233,Process industries,Chemicals: specialty,Buy,25.048593887090618,26.194691690861255
CRWD,"CrowdStrike Holdings, Inc.",210.02,USD,-1.445330830595957,8032716,0.609288233871736,215046795891.15067,USD,5882.913165266106,0.0357,USD,,0,Technology services,Packaged software,Buy,149.01535066713498,167.6249644828544
AMGN,Amgen Inc.,393.17,USD,-10.077076138416851,6831663,3.27733320144039,212560296268.40436,USD,24.423530873400424,16.098,USD,31.702528020944104,2.27340301443176,Health technology,Biotechnology,Neutral,16.759521728937106,17.037849576116486
VZ,Verizon Communications Inc.,50.41,USD,0.5384922217790108,16037444,0.8647892453932406,209442224891.8129,USD,13.127604166666666,3.84,USD,-10.788960133816568,5.57439170323095,Communications,Wireless telecommunications,Buy,9.911882363003766,10.09734190128481
CRM,"Salesforce, Inc.",249.12,USD,-3.900011572734642,17482726,0.8580721721223458,205025768689.36096,USD,22.705067444403937,10.972,USD,59.33315907176673,0.660417389962581,Technology services,Packaged software,Buy,16.985979952698084,14.967853542389001
STX,Seagate Technology Holdings PLC,904.38,USD,6.4878485305199725,5185573,1.7471414651193027,204972774442.90784,USD,65.1852385757532,13.874,USD,104.84275800974459,0.346175584024114,Electronic technology,Computer peripherals,Buy,24.939127493988583,25.128535831142063
APH,Amphenol Corporation,81.76,USD,-1.2321816863976758,10102952,0.8929872274112151,201617462300.2561,USD,40.9352626045161,1.9973,USD,59.36328093832282,0.552669726987195,Electronic technology,Electronic components,Strong buy,27.956992188728847,31.064585157085887
MRVL,"Marvell Technology, Inc.",225.41,USD,0.8320286289420645,20618134,0.8300827906987868,197662037201.6772,USD,74.22371497250485,3.0369,USD,,0.107358532766719,Electronic technology,Semiconductors,Strong buy,41.23564614067756,53.7074356480513
TMUS,"T-Mobile US, Inc.",181.69,USD,0.09365359189069386,4200992,1.085290118674286,194893713198.5386,USD,19.013981330319393,9.5556,USD,-9.885985345014564,2.24768620537682,Communications,Wireless telecommunications,Buy,14.42517285952435,16.662133314307315
PEP,"PepsiCo, Inc.",138.45,USD,0.5958003342294509,10092479,1.3995501489087014,188969232039.89066,USD,18.15809146589374,7.6247,USD,39.01002734731084,4.17605173290707,Consumer non-durables,Food: specialty/candy,Neutral,15.873947670204375,16.185951505977403
SCHW,Charles Schwab Corporation (The),106.87,USD,-2.2142922499771265,6852280,0.8164785520313597,184814107098.00137,USD,19.43373581611871,5.4992,USD,48.05481517378779,1.12544606093879,Finance,Investment banks/Brokers,Buy,14.795094789944818,16.447416515163805
DE,Deere & Company,680.73,USD,-1.8456303260132878,883575,0.650616015164583,183542104068.09103,USD,37.83620042797988,17.9915,USD,-5.943518537880851,0.93435035254423,Producer manufacturing,Trucks/Construction/Farm machinery,Buy,32.39675909623736,37.55441550565451
QCOM,QUALCOMM Incorporated,174.09,USD,3.1705582553040146,26129029,2.613869953466684,182835223290.85727,USD,20.14837276052035,8.6404,USD,-16.66602368735774,2.12753348346569,Electronic technology,Semiconductors,Neutral,18.799040535154443,16.513355243637676
ABT,Abbott Laboratories,105.52,USD,-2.593925966952831,11397828,1.5199536736519779,182590048984.6196,USD,34.10692352446829,3.0938,USD,-61.310089540293134,2.28930120926798,Health technology,Medical specialties,Buy,18.210060782463117,19.126527453146625
GILD,"Gilead Sciences, Inc.",146.64,USD,-2.884201463624635,6080502,1.1669873409791947,181827006776.38913,USD,,-2.6564,USD,-152.8405474220242,2.13252094440213,Health technology,Biotechnology,Buy,16.20218344973036,
DIS,Walt Disney Company (The),105.06,USD,-0.23739435951001803,7397791,0.9510097121171908,181405720420.5961,USD,21.669898106513756,4.8482,USD,-23.99034240561896,1.42436615706011,Consumer services,Movies/Entertainment,Strong buy,13.99935586439893,15.203178630692275
MCD,McDonald's Corporation,255.81,USD,0.04693183151472664,4206173,0.9507422095746111,181021768597.34988,USD,20.77594048469885,12.3128,USD,5.462051716901772,2.8745746802769,Consumer services,Restaurants,Buy,19.267867725459134,19.800032137028822
BLK,"BlackRock, Inc.",1095.37,USD,-2.3986670112003203,575957,0.9242042945652569,177971550101.1624,USD,27.248823347960634,40.1988,USD,-2.840666020529752,1.94958522307069,Finance,Investment managers,Strong buy,18.35098621242627,19.47245100697408
SCCO,Southern Copper Corporation,208.56,USD,4.9305695310927815,1416791,1.3067611854782561,176096314904.1928,USD,31.2369883325595,6.6767,USD,55.917519032273155,1.96275372887597,Non-energy minerals,Other metals/Minerals,Sell,28.856075756330526,27.20641891988847
ADI,"Analog Devices, Inc.",363.2,USD,0.2622498274672156,3139603,0.8988977747548598,175994175146.19403,USD,43.100583851521336,8.4268,USD,114.37875241681084,1.15389924085576,Electronic technology,Semiconductors,Strong buy,22.590354888753076,28.224736354773743
T,AT&T Inc.,25.6,USD,-0.3115264797507722,39871694,1.359526510162295,175421077085.10904,USD,8.465888422236185,3.0239,USD,72.38057234066811,4.32242990654206,Communications,Wireless telecommunications,Buy,10.649543088841735,10.943739347488092
NEE,"NextEra Energy, Inc.",83.83,USD,0.4794438451396278,7629250,0.7344739824751914,174867559138.64804,USD,18.809037671924433,4.4569,USD,55.29809401024427,2.91993287786168,Utilities,Electric utilities,Buy,20.647910393536907,20.800177854795255
SHOP,Shopify Inc.,134.1,USD,-7.574608863464063,14024854,2.1855203012094395,172538959644.53525,USD,92.3777665108897,1.4516479999999998,USD,-19.900471515478106,0,Commercial services,Miscellaneous commercial services,Buy,63.00566628139712,69.49082945795172
WDC,Western Digital Corporation,477.3,USD,2.1049929405724623,6407812,1.1369383806740354,172086179914.02002,USD,19.74345504258514,24.1751,USD,370.6348433819378,0.106961023403072,Electronic technology,Computer peripherals,Buy,23.230712120858886,23.482178266483906
UNP,Union Pacific Corporation,288.45,USD,-0.40397762585457353,1783311,0.7840449399670522,171361075227.14572,USD,23.358734117761383,12.3487,USD,7.263409337676438,1.91975692286444,Transportation,Railroads,Buy,21.253758828009747,22.06816964328749
WELL,Welltower Inc.,237.25,USD,0.4572977092772209,2804976,1.0891771943370845,170996734284.77158,USD,,-0.5499,USD,-145.4237568148026,1.29991108100097,Finance,Real estate investment trusts,Buy,85.61541878660309,83.52285128883945
BA,Boeing Company (The),210.73,USD,-0.7161366313309824,4373656,0.8265009049895177,166554669071.41916,USD,95.96957828581837,2.1958,USD,,0,Electronic technology,Aerospace & defense,Buy,158.39930485608534,
BX,Blackstone Inc.,133.97,USD,-1.601175174439961,3023817,0.999310453885922,166368877489.32733,USD,30.053615092985172,4.4577,USD,20.325532431775855,3.84135145060595,Finance,Investment managers,Buy,20.84859070872136,22.538679314482295
ETN,"Eaton Corporation, PLC",422.13,USD,2.7455275648046666,2035479,1.1613945391241653,163955291859.23862,USD,42.95045938768658,9.8283,USD,-1.1197633707593861,1.05634659851527,Producer manufacturing,Electrical products,Buy,28.06933597431875,31.157030533417544
COP,ConocoPhillips,135.04,USD,0.580962311932073,5176370,0.8471284072388028,162228612659.70624,USD,17.89106903907047,7.5479,USD,1.262443317502483,2.50260688216893,Energy minerals,Oil & gas production,Buy,13.97313110923524,13.10568418290271
PFE,"Pfizer, Inc.",27.79,USD,-2.3198594024604575,31772942,0.9704405462987032,158393926361.8253,USD,36.798199152542374,0.7552,USD,-59.82765040693653,6.04569420035149,Health technology,Pharmaceuticals: major,Neutral,10.035494377198086,9.343824149162266
IBKR,"Interactive Brokers Group, Inc.",90.97,USD,-1.7814726840855166,2185513,0.5350743495525062,154768097833.02997,USD,36.217055498049206,2.5118,USD,31.735459170294224,0.353595335780609,Finance,Investment banks/Brokers,Buy,31.012429517205643,33.68479518629947
UBER,"Uber Technologies, Inc.",73.13,USD,-3.471488912354817,25922787,1.8854902394911586,149372430223.39624,USD,16.07429387844818,4.5495,USD,-22.807404516687306,0,Transportation,Other transportation,Strong buy,18.74825829372647,21.711365022287325
DHR,Danaher Corporation,205.23,USD,-1.170182028315519,3276303,1.1618244474689998,144273836560.78806,USD,36.43933879014932,5.6321,USD,19.62321056879488,0.69344120196475,Health technology,Medical specialties,Strong buy,23.210751657171663,24.135131333781466
GLW,Corning Incorporated,165.96,USD,7.556707712248863,13856520,1.6619754444427053,142956006035.7115,USD,76.12145674708742,2.1802,USD,130.83112758073054,0.725858716785483,Electronic technology,Electronic components,Buy,44.612183674456865,50.5637079565023
TJX,"TJX Companies, Inc. (The)",128.92,USD,-2.3924894003634347,11174849,1.4154765240458005,141808649919.90155,USD,23.844489244825862,5.4067,USD,23.37585286265203,1.37038158691702,Retail trade,Apparel/Footwear retail,Buy,23.801655333863817,24.402468866598827
NOW,"ServiceNow, Inc.",134.21,USD,-4.990797111708893,14614029,0.8130802034708308,138773134603.47726,USD,83.81315181415101,1.6013,USD,0.7740717432347375,0,Technology services,Packaged software,Strong buy,29.599383884667166,32.95881290317511
BKNG,Booking Holdings Inc. Common Stock,180.3,USD,-6.720471829892897,10892383,2.0799107128706313,135473898211.82524,USD,19.94160196429757,9.0414,USD,57.21166385561022,0.83191060065187,Consumer services,Other consumer services,Buy,16.225899072747914,17.248605402898438
VRTX,Vertex Pharmaceuticals Incorporated,528.9,USD,-3.1531531531531583,1121470,1.1954375807661473,134055480575.02252,USD,30.770573348459724,17.1885,USD,22.86012451484244,0,Health technology,Pharmaceuticals: major,Buy,27.298583013086393,28.21214680941903
NEM,Newmont Corporation,127.09,USD,-0.7807010695604653,9021288,1.0761695042767516,133913745589.3809,USD,16.048135567537535,7.9193,USD,42.18029048995494,0.796315090951675,Non-energy minerals,Precious metals,Buy,12.859982626020797,13.398586385353633
PLD,"Prologis, Inc.",138.48,USD,0.8300567933595357,2638978,0.8633901560465574,133913634454.52861,USD,30.835003340013362,4.491,USD,22.353902738046575,3.02897917576817,Finance,Real estate investment trusts,Buy,39.73601147776183,38.00915260833967
BMY,Bristol-Myers Squibb Company,64.69,USD,-3.1876683627656326,9524772,1.3426142691470258,132143206845.68799,USD,14.250782041679518,4.5394,USD,83.16587983698503,3.75636037114636,Health technology,Pharmaceuticals: major,Buy,10.084471675168084,9.335673529375262
COF,Capital One Financial Corporation,213.96,USD,-2.5683060109289557,2985665,0.9951706144141472,131261211937.15521,USD,75.42301184433164,2.8368,USD,-76.17936014778739,1.45719489981785,Finance,Major banks,Buy,10.375480774010091,10.469940100257164
CB,Chubb Limited,336.64,USD,-1.4491056529757864,1617806,0.962587851136799,129875655131.20642,USD,11.913465996156717,28.2571,USD,24.675593990602046,1.15050206387775,Finance,Property/Casualty insurance,Buy,12.042913755508819,12.155689744940307
SPGI,S&P Global Inc.,429.31,USD,-3.2017316407747263,1746207,0.9127215955743784,126560585546.16388,USD,26.14284757363732,16.4217,USD,26.218823258137665,0.872584609140718,Commercial services,Financial publishing/Services,Strong buy,22.712368127962513,23.980796594124726
PGR,Progressive Corporation (The),214.9,USD,-1.8497373829641395,1912053,1.1177232141578404,124878383012.6828,USD,10.773873982272491,19.9464,USD,12.29942911191433,6.34848138844485,Finance,Multi-line insurance,Neutral,13.071970963070923,11.986719896850623
LMT,Lockheed Martin Corporation,536.15,USD,2.069372525129456,1692605,1.7609634895064532,123738470852.09946,USD,19.759779460001326,27.1334,USD,52.76697088614012,2.59861407249467,Electronic technology,Aerospace & defense,Buy,17.046900676963695,17.623557524225284
ISRG,"Intuitive Surgical, Inc.",350.16,USD,-4.510499045541304,3196294,1.7562581822509629,123703844584.35954,USD,40.13249131815109,8.7251,USD,21.753509530853165,0,Health technology,Medical specialties,Buy,30.924218707774614,32.424407867493294
CVS,CVS Health Corporation,96.07,USD,-0.6925780442423007,4196553,0.6790695965942254,122870677554.18927,USD,25.36233797090736,3.7879,USD,5.683276602868143,2.74963820549928,Retail trade,Drugstore chains,Buy,11.797109849303494,12.005684048436128
PH,Parker-Hannifin Corporation,955.87,USD,-0.69811653975213,552071,0.8190838004873515,120484998599.34254,USD,33.552837109710936,28.4885,USD,5.019759057463465,0.789536562814905,Producer manufacturing,Industrial machinery,Buy,27.176399988889138,27.210421528534123
SNOW,Snowflake Inc.,335.5,USD,-0.4982501927753742,5287837,0.7691499961454041,118364393333.38275,USD,,-3.1745,USD,23.458070116217392,0,Technology services,Packaged software,Strong buy,132.08209010163827,151.72194229410812
MDT,Medtronic plc.,92.39,USD,-1.8901985770415217,8195161,0.9089674000449428,118179540650.3259,USD,22.745513183485564,4.0619,USD,12.151416422773199,3.02644154189232,Health technology,Medical specialties,Buy,15.3735409363167,15.466294810446236
PDD,PDD Holdings Inc.,79.75,USD,-2.992336698698448,10693736,1.4472752617956048,117017421838,USD,8.846072787372577,9.0153,USD,-1.6988147550457338,0,Retail trade,Department stores,Buy,7.352505499438995,7.793444064700948
SBUX,Starbucks Corporation,102.01,USD,-2.354742988417722,6257474,1.122508836239712,116291401359.22197,USD,58.81912010609468,1.7343,USD,-24.99351267191419,2.37388724035608,Consumer services,Restaurants,Buy,34.050584193999875,39.02190099890099
FTNT,"Fortinet, Inc.",157.47,USD,0.7550067182801247,3575693,0.7886758915995307,115537879258.00372,USD,55.48625792811839,2.838,USD,13.261763179949714,0,Technology services,Information technology services,Neutral,44.7377146008252,45.64666691209444
MO,"Altria Group, Inc.",68.17,USD,-1.0307781649244974,11115100,1.4539604840510791,113826436884.76598,USD,14.355507823193715,4.7487,USD,-8.228814378200786,6.15563298490128,Consumer non-durables,Tobacco,Neutral,11.826138246289695,12.003973267607604
LOW,"Lowe's Companies, Inc.",200.8,USD,-1.7852775739789568,2869278,0.9355027634760724,112659644753.75693,USD,16.98039812606762,11.8254,USD,-2.844326136251599,2.37221814624603,Retail trade,Home improvement chains,Buy,16.053963062293455,16.366809544784253
VRT,"Vertiv Holdings, LLC",290.83,USD,3.6716215734502593,4755582,1.2114774086095468,111966114722.63351,USD,65.80757568900755,4.4194,USD,111.13128224727693,0.0802053256336221,Electronic technology,Electronic production equipment,Strong buy,37.16835964627755,43.25439377962464
MPC,Marathon Petroleum Corporation,397.77,USD,2.2807919773720764,1845899,0.7748702787364256,111703654101.97127,USD,13.694720352550307,29.0455,USD,330.27183171616923,1.02854204165595,Energy minerals,Oil refining/Marketing,Buy,7.647066015882642,7.665530567856885
BNY,The Bank of New York Mellon Corporation,162.85,USD,-1.207231254549872,2406315,0.8646369259001826,110494398436.71501,USD,18.959415093021633,8.5894,USD,31.18795246968262,1.34676049502548,Finance,Investment banks/Brokers,Buy,17.044280066251332,17.642330325957897
VLO,Valero Energy Corporation,382.85,USD,3.2720112214069905,2742631,1.1315769484876015,110233028315.87534,USD,15.881147540983608,24.1072,USD,899.6350970310168,1.27589555459646,Energy minerals,Oil refining/Marketing,Buy,8.64239537718418,8.622265949508542
FCX,"Freeport-McMoRan, Inc.",76.62,USD,5.348549429396398,16796081,1.14969083144602,110027662560.86044,USD,37.83330041477385,2.0252,USD,53.400999848507794,0.824969063660113,Non-energy minerals,Other metals/Minerals,Buy,21.57757959372645,26.0016329921425
ACN,Accenture plc,179.03,USD,-4.118466152527848,6100503,1.3097954725478018,109556001802.84062,USD,14.297465220655177,12.5218,USD,-0.3414327441164492,3.49185946872322,Technology services,Information technology services,Buy,12.48290337983168,12.916509265573472
SPOT,Spotify Technology S.A.,528.64,USD,-2.5422635178732675,1477873,1.0288954401325288,108837638471.93703,USD,32.913078939340174,16.0617,USD,285.97793958618695,0,Technology services,Internet software/Services,Buy,33.48113485974138,37.15799797514521
ADP,"Automatic Data Processing, Inc.",267.96,USD,-3.4795763993948654,1814231,0.9456347494764878,106450526318.19362,USD,24.48711036379753,10.9429,USD,9.619738344719813,2.3917585188387,Technology services,Packaged software,Neutral,21.86163095305403,21.860478814319475
SYK,Stryker Corporation,276.43,USD,-8.80810213439778,6320916,2.944057277835649,106031093994.33069,USD,28.641737382528778,9.6513,USD,27.708308522885172,1.14802230066308,Health technology,Medical specialties,Buy,17.242290198790638,18.40277151344438
CEG,Constellation Energy Corporation,299.05,USD,0.030104361787540754,3832893,1.5586988498774945,105955616881.66295,USD,29.124464355278533,10.268,USD,7.150310973828108,0.557700026759433,Utilities,Electric utilities,Strong buy,24.157445962204687,24.828504401631797
SNY,Sanofi,43.155,USD,-2.452531645569622,2600385,1.3781504757784047,105519280449.78732,USD,22.226514215080346,1.9416,USD,-30.908832111593483,3.98919303797468,Health technology,Pharmaceuticals: major,Buy,8.342870620258745,8.702061030374034
HOOD,"Robinhood Markets, Inc.",117.34,USD,-3.9063139791990795,26060743,1.1766353714510516,105498316203.70372,USD,51.96173943849084,2.2582,USD,14.69930922389272,0,Finance,Investment banks/Brokers,Buy,48.64529849864541,54.959929930070594
ABNB,"Airbnb, Inc.",174.54,USD,-4.067274925799717,7046467,1.5054033476533009,104512057049.7985,USD,39.672690078418,4.3995,USD,6.145049218297618,0,Consumer services,Hotels/Resorts/Cruise lines,Buy,30.81689671342934,33.010322392493755
APP,Applovin Corporation,312.01,USD,-2.6672073870726263,3915127,0.8906403514600785,104414455582.2296,USD,23.98195262178906,13.0102,USD,93.2791585577823,0,Technology services,Packaged software,Strong buy,17.219197553716103,19.77373362960028
MCK,McKesson Corporation,889.12,USD,-2.0782167204484634,747849,0.8328012203224038,103662822034.36848,USD,23.79247413686988,37.3698,USD,49.10940866650705,0.361237458562319,Distribution services,Medical distributors,Buy,19.185309238715096,19.92189653981403
PSX,Phillips 66,259.14,USD,1.587674938257079,2510872,0.9547666598259149,103402275718.18933,USD,14.749927428581186,17.5689,USD,322.8171929149018,1.96401270139951,Energy minerals,Oil refining/Marketing,Buy,8.877949064266087,9.7024750297179
EQIX,"Equinix, Inc.",1041.21,USD,0.5048360006949959,431601,0.799040339224792,102737942436.97852,USD,67.00839849406313,15.5385,USD,52.11304833041284,1.94694878279503,Finance,Real estate investment trusts,Strong buy,59.84880103229568,60.51364502171949
SO,Southern Company (The),88.99,USD,0.9987515605493081,6416603,1.0389366110041547,102370807381.6704,USD,21.47234822893543,4.1444,USD,7.0047248973690355,3.40483486550902,Utilities,Electric utilities,Neutral,19.135181813255763,19.38400300246204
ADBE,Adobe Inc.,257.26,USD,-3.4707890885895467,5491058,1.2403609599754812,102260853747.26395,USD,14.714108408307071,17.4839,USD,11.805369041681042,0,Technology services,Packaged software,Neutral,9.9261890649249,10.533893044502278
NET,"Cloudflare, Inc.",284.3,USD,1.9288684927577782,2412886,0.8390290087556622,101233467681.779,USD,,-0.5828,USD,-72.17134416543573,0,Technology services,Information technology services,Buy,192.65302803396335,225.3794905456356
CME,CME Group Inc.,278.23,USD,-1.087845284226244,1645438,0.8106539561058805,100045737444.12233,USD,23.59541033099553,11.7917,USD,14.121324739175051,3.99943119200825,Finance,Investment banks/Brokers,Buy,22.428495918768267,22.705730130445943
TT,Trane Technologies plc,446,USD,-0.4242018307657909,954763,0.9124256296033384,98130336095.307,USD,33.78403969245919,13.2015,USD,4.751362803208827,0.888591203393615,Producer manufacturing,Industrial machinery,Buy,26.978768676899488,29.20030703533604
MELI,"MercadoLibre, Inc.",1926.25,USD,-2.633999878687393,351492,0.9515793463326814,97654710723.48056,USD,52.418531872916525,36.7475,USD,-9.254677097532534,0,Retail trade,Internet retail,Buy,44.838856192378145,50.804903972863045
USB,U.S. Bancorp,62.49,USD,-1.388669717531948,5584622,0.8590698838429676,97362637448.08159,USD,12.46857416497067,5.0118,USD,19.95117514719256,3.28231024143917,Finance,Major banks,Buy,11.50604965222233,11.976534501867967
PNC,"PNC Financial Services Group, Inc. (The)",242.91,USD,-1.0952768729641686,1057693,0.6982496507573356,96907407964.68483,USD,13.360357288217628,18.1814,USD,24.22383164799126,2.89087947882736,Finance,Major banks,Buy,11.945544721461921,12.788628623721177
GD,General Dynamics Corporation,356.58,USD,-0.781880408469908,1090022,1.0372978118977372,96475286721.27907,USD,21.73976661667337,16.4022,USD,10.135098839707785,1.71958040012243,Electronic technology,Aerospace & defense,Buy,20.406405544260945,21.00474524162231
PWR,"Quanta Services, Inc.",639.05,USD,2.344613314969329,832011,0.7835835760416838,96076935278.00276,USD,73.19238125780257,8.7311,USD,35.41417869938117,0.0688650085680883,Industrial services,Engineering & construction,Buy,35.59310120426714,38.205423035756695
KKR,KKR & Co. Inc.,105.73,USD,-1.85649308456326,3453968,1.0615626279038841,94907017072.8151,USD,33.70525040645224,3.1369,USD,50.4364089775561,0.705467372134039,Finance,Investment managers,Buy,14.937354377395021,15.957486948607928
DUK,Duke Energy Corporation (Holding Company),121.24,USD,0.8484445183829613,3462404,1.0742458662493461,94531096836.74098,USD,18.18945599663936,6.6654,USD,8.975868157739853,3.56013974380303,Utilities,Electric utilities,Buy,17.880766377551996,18.065380166435734
CMCSA,Comcast Corporation,26.33,USD,-0.6040015100037756,27066318,1.3858761666452026,93435598597.718,USD,8.526002201929925,3.0882,USD,-49.000049543375226,4.98301245753114,Consumer services,Cable/Satellite TV,Buy,7.504785619086382,7.50819899322266
WMB,"Williams Companies, Inc. (The)",75.83,USD,2.265677680377603,7019263,0.8426647241565529,92752791952.4705,USD,30.270248692666957,2.5051,USD,26.392532795156416,2.76466621712744,Industrial services,Oil & gas pipelines,Buy,31.88210809560848,30.704009782525073
HWM,Howmet Aerospace Inc.,231.53,USD,-10.69927103020017,11676698,3.308003987385347,92334482284.7652,USD,49.93637442036019,4.6365,USD,35.486981677917065,0.192849153392217,Electronic technology,Aerospace & defense,Strong buy,39.47875022550273,43.4113811955389
CSX,CSX Corporation,49,USD,-0.829791540174047,7455023,0.8008796091083596,90771267542.40033,USD,28.2975282975283,1.7316,USD,6.402851173651228,1.11313499291641,Transportation,Railroads,Buy,22.870382341451073,24.398951741363145
JCI,Johnson Controls International plc,146.37,USD,0.9866151510970103,2804344,1.1003682289207044,88662387206.62952,USD,25.444589308996086,5.7525,USD,70.84942084942087,1.10390506416448,Producer manufacturing,Industrial machinery,Buy,25.1093397926511,28.85633342993512
ICE,Intercontinental Exchange Inc.,157.76,USD,-2.1704080367109015,5726122,1.8032177145644015,88565588604.18007,USD,22.279653716335492,7.0809,USD,35.9202242014742,1.2402331638348,Finance,Investment banks/Brokers,Strong buy,19.17302242961668,19.457078924626387
LITE,Lumentum Holdings Inc.,978.535,USD,11.038802616722739,7390734,2.0552480914995677,87774587000.51654,USD,,-82.2281,USD,-34971.96776929601,0,Producer manufacturing,Electrical products,Strong buy,45.36451085779391,45.47996447995416
INTU,Intuit Inc.,318.93,USD,-4.138863841298462,4472998,0.9559222820518662,87239154561.62895,USD,19.331199767247337,16.4982,USD,20.323815775079325,1.44274120829576,Technology services,Packaged software,Buy,13.283891970007467,13.265301368946824
ELV,"Elevance Health, Inc.",401.94,USD,-1.364417177914111,1174522,1.2926749461615648,87168443713.73979,USD,17.864714588583546,22.4991,USD,-4.238366624246124,1.68343558282209,Health services,Managed health care,Buy,14.742478132302534,14.805339292893105
WM,"Waste Management, Inc.",217.78,USD,-0.5525366455089309,2183658,0.9607460992284979,87049973962.7415,USD,30.827376318210774,7.0645,USD,4.823871561266581,1.61651216950546,Industrial services,Environmental services,Buy,25.484877350078285,26.84974830056184
HCA,"HCA Healthcare, Inc.",402.02,USD,-0.7358024691358069,1764702,1.4902908677626137,87037931164.82571,USD,13.459484614431732,29.8689,USD,25.46742221531456,0.740740740740741,Health services,Hospital/Nursing management,Buy,13.133907805403457,13.641733374930633
DASH,"DoorDash, Inc.",200.44,USD,-5.332262787512394,4539417,1.221268063973179,86855444756.78534,USD,105.250997689561,1.9044,USD,5.953043284744631,0,Transportation,Air freight/Couriers,Strong buy,57.186973786545714,76.6428269900216
MMM,3M Company,167.52,USD,-0.6169909824394827,2179681,0.876412567665535,86393817225.17513,USD,29.744318181818187,5.632,USD,-21.668984700973585,1.82130991931656,Producer manufacturing,Industrial conglomerates,Buy,18.096704589230086,18.731097826602277
MRSH,Marsh,180.52,USD,-2.810380101216754,2100082,0.9778546910653925,86146181584.26875,USD,22.089523017057832,8.1722,USD,-1.9073111593907066,1.98664800258426,Finance,Insurance brokers/Services,Neutral,16.439016820760443,17.278151341176777
MAR,Marriott International,328.79,USD,-2.2941368755757545,2107672,1.5206816022570773,85737353077.46504,USD,34.07785908252317,9.6482,USD,8.838426568298985,0.83207036937981,Consumer services,Hotels/Resorts/Cruise lines,Buy,26.871363817131215,28.071883625184217
UPS,"United Parcel Service, Inc.",100.48,USD,-1.7694789324469666,3709296,0.9028497960133637,85486530128.77428,USD,18.704741339190974,5.3719,USD,-20.137071836346333,6.41313911428292,Transportation,Air freight/Couriers,Buy,12.905613954914351,13.967208475182003
EMR,Emerson Electric Company,152.15,USD,-0.4384242900143879,1932446,0.8925564760396044,84869272210.267,USD,33.24738325721653,4.5763,USD,-1.699102117970537,1.45268943855516,Electronic technology,Electronic equipment/Instruments,Buy,21.501276651549592,23.195054323533736
SLB,SLB Limited,57.1,USD,-0.7129194922622093,14135016,0.93687257653261,84744580558.43854,USD,27.715755751868752,2.0602,USD,-29.425870101397646,2.0170405146931,Industrial services,Contract drilling,Buy,20.08539281892684,23.042943814765405
MNST,Monster Beverage Corporation,43.15,USD,-1.5289821999087214,8541199,0.959194615132101,84533082760.4142,USD,40.0426874536006,1.0776,USD,34.5822405395279,0,Consumer non-durables,Beverages: non-alcoholic,Buy,34.96038902851439,37.18394722033837
REGN,"Regeneron Pharmaceuticals, Inc.",810.31,USD,-2.1033682887933214,556536,0.8693086420871554,83425451972.46436,USD,20.025900141116228,40.4631,USD,1.954010824539639,0.447011066544242,Health technology,Pharmaceuticals: major,Buy,13.273812521170592,14.932228825188822
MCO,Moody's Corporation,481.25,USD,-2.4921487184682425,624398,0.9522920587220224,83352496470.21577,USD,30.516610547808828,15.7701,USD,34.02768924810688,0.816533279303009,Commercial services,Financial publishing/Services,Buy,27.054792518271892,28.413552541308142
CVNA,Carvana Co.,74.72,USD,0.17428609733207595,5806293,0.9438303472049182,82226650939.69916,USD,34.659987011782164,2.1558,USD,169.87981972959443,0,Retail trade,Specialty stores,Buy,38.81270118635343,46.14330980675019
AMT,American Tower Corporation (REIT),175.73,USD,-0.06823997725334349,2137677,1.0415124422051087,81883162865.76071,USD,24.162301145347797,7.2729,USD,164.01786038407087,3.969292010236,Finance,Real estate investment trusts,Strong buy,25.973461634419944,25.212899282552193
BE,Bloom Energy Corporation,277.22,USD,9.629453869577262,27499957,2.1584949530541526,81648868657.83493,USD,377.73538629241045,0.7339,USD,15514.893617021275,0,Electronic technology,Electronic production equipment,Buy,76.11902267150806,103.70152574638577
CTAS,Cintas Corporation,200.5,USD,0.01496483264328884,1625500,0.9936926953225103,80233996398.74295,USD,40.84917384837928,4.9083,USD,11.516790112237015,0.932807901431636,Commercial services,Miscellaneous commercial services,Buy,36.44243993858767,36.449999145561115
BAM,Brookfield Asset Management Inc,48.87,USD,-3.4189723320158185,3384463,1.8872612681798304,80060402503.59428,USD,28.989231452586502,1.6857984,USD,10.931106900430727,3.83438142857143,Finance,Investment managers,Buy,24.287489929910684,26.206071900045444
SHW,Sherwin-Williams Company (The),326.09,USD,-2.2834197356986623,1208196,0.8032178281175951,79161007492.86684,USD,30.063798794092154,10.8466,USD,7.709876665806048,0.955919810614006,Process industries,Industrial specialties,Buy,25.53038036187703,26.930917641555588
MDLZ,"Mondelez International, Inc.",61.63,USD,0.5711488250652765,10082843,1.3382647669125367,78658859450.29292,USD,22.605729376811063,2.7263,USD,-0.4418638621092528,3.26370757180157,Consumer non-durables,Food: specialty/candy,Buy,19.126279999056568,20.214510627131986
CDNS,"Cadence Design Systems, Inc.",284.11,USD,-2.934745473180723,4404538,1.7913223635425346,78241910019.19968,USD,56.525804782937406,5.0262,USD,35.99761891877266,0,Technology services,Packaged software,Strong buy,33.143558820980104,34.89926125741015
ECL,Ecolab Inc.,278.11,USD,-0.4189344027499138,1531678,1.1582636458265196,77962181811.60027,USD,37.30916798583349,7.4542,USD,-0.31693389855440474,1.01690060154684,Process industries,Chemicals: specialty,Buy,32.16766651576206,34.10165360709809
APO,"Apollo Global Management, Inc. (New)",131.81,USD,-1.391486496596084,3094023,1.5534014947185997,77839499825.06667,USD,49.856267493758985,2.6438,USD,-50.116981132075466,1.60469813720356,Finance,Investment managers,Buy,13.463909042361722,15.033736658570964
CMI,Cummins Inc.,561.55,USD,0.14266607222469097,770184,0.7072561655708038,77305494216.79669,USD,28.696043211422204,19.5689,USD,-7.964331234156232,1.46232724030317,Producer manufacturing,Auto parts: OEM,Buy,16.946008486976286,19.007529086884464
MSI,"Motorola Solutions, Inc.",462.98,USD,-1.083217604956734,1047655,1.1607528365543938,76620305679.60715,USD,36.46602920558908,12.6962,USD,2.1851634244689984,1.00843926930883,Electronic technology,Telecommunications equipment,Buy,25.565786177191587,26.155519414561088
ITW,Illinois Tool Works Inc.,268.69,USD,-0.5293943432548522,1053497,1.0381523811006654,76522907336.81802,USD,24.353303725188074,11.033,USD,-3.183629056318995,2.38412557381904,Producer manufacturing,Auto parts: OEM,Neutral,22.844562515447436,23.506786689011925
TRV,"The Travelers Companies, Inc.",365.66,USD,-0.9990523893326106,1258418,0.8928281680136114,76267540224.23479,USD,9.79114229100841,37.346,USD,65.14110353488454,1.23189386760525,Finance,Property/Casualty insurance,Neutral,12.214784726528421,10.7308206536398
EOG,"EOG Resources, Inc.",145.36,USD,0.11708795371583162,2529111,0.8598607195565802,76245562131.21567,USD,11.30775035200585,12.8549,USD,24.99538130937449,2.8101108891797,Energy minerals,Integrated oil,Buy,9.754897463854167,8.763140792613305
NTES,"NetEase, Inc.",119.45,USD,0.13412691759577214,1004114,1.5392851016418352,76225059729.16576,USD,16.56588910770255,7.2106,USD,-2.20661033729809,2.52326263727052,Technology services,Packaged software,Strong buy,11.925702040400921,13.028659425179605
DDOG,"Datadog, Inc.",210.23,USD,-1.2680223547644844,5307333,1.3900148822046123,75488343602.41542,USD,429.4790602655771,0.4895,USD,41.43311181739381,0,Technology services,Packaged software,Strong buy,79.07851692140332,83.11591988325895
GM,General Motors Company,85.79,USD,-2.2447584320875102,6239759,1.0381056555202477,75276569284.89095,USD,43.27146171693736,1.9826,USD,-68.57106623125456,0.752051048313582,Consumer durables,Motor vehicles,Buy,6.186560085820043,6.380475670076381
SNPS,"Synopsys, Inc.",392.03,USD,-0.4595774933983349,2185220,0.9681404859469616,75127312243.38028,USD,69.25590926756881,5.6606,USD,-55.681346643178706,0,Technology services,Packaged software,Buy,23.197716761931765,25.893353044240758
HPE,Hewlett Packard Enterprise Company,56.03,USD,7.750000000000003,27635527,1.0094675880165438,74377848355.34251,USD,29.215768067577432,1.9178,USD,142.2076281889366,1.07211538461538,Electronic technology,Computer processing hardware,Buy,12.342396539635217,14.750260426470229
FDX,FedEx Corporation,314.13,USD,-2.601389061143491,1677624,1.1164575102355438,74345282996.3859,USD,16.94610778443114,18.537,USD,9.927059242127733,1.72702468063996,Transportation,Air freight/Couriers,Buy,16.11335744138781,17.736349862247287
NU,Nu Holdings Ltd.,15.33,USD,-0.26024723487312396,75352178,1.133692636058442,74051326634.95706,USD,20.862819814915625,0.7348,USD,56.40698169433802,0,Finance,Regional banks,Buy,15.302593055836995,17.520921099852107
TGT,Target Corporation,162.71,USD,-1.052055460958398,2660307,0.6241434414540188,73918625766.7618,USD,16.884585849781043,9.6366,USD,12.33563368460318,2.78521041109219,Retail trade,Specialty stores,Neutral,17.560241308430623,16.144108918312952
NOC,Northrop Grumman Corporation,518.58,USD,0.6990562740300638,1207786,1.8366430192461982,73671045407.20868,USD,16.443073254718925,31.5379,USD,15.966068289956544,1.85638277214649,Electronic technology,Aerospace & defense,Buy,17.707572440627832,17.919972178394847
NSC,Norfolk Southern Corporation,327.92,USD,-0.46743155466519876,1273846,1.1981266708433733,73653574098.37286,USD,27.994331472280557,11.7138,USD,-20.859119530848844,1.63904571116372,Transportation,Railroads,Neutral,23.956850200209047,25.256086411059446
ROST,"Ross Stores, Inc.",229.31,USD,-0.5982053838484527,2610602,1.177331855799372,73253796868.83548,USD,27.70749507618323,8.2761,USD,31.42299080558334,0.736919675755343,Retail trade,Apparel/Footwear retail,Buy,26.949464260257713,27.024644505303225
CI,The Cigna Group,275.83,USD,-2.367973948746991,1590295,1.0768832599484273,72885456772.3116,USD,11.40721992696534,24.1803,USD,32.04187280888568,2.17329746566615,Health services,Managed health care,Buy,8.691580177046319,9.043396335475348
KMI,"Kinder Morgan, Inc.",31.98,USD,1.8471337579617892,17840473,1.7016208539018296,71213127157.4446,USD,20.629596181137916,1.5502,USD,27.19067935674433,3.75796178343949,Industrial services,Oil & gas pipelines,Buy,21.715968978351256,21.016797665676506
RCL,Royal Caribbean Cruises Ltd.,264.5,USD,-0.26019080659149957,2804678,1.6736541544716073,70937572018.30008,USD,16.33583260249268,16.1914,USD,22.036223309239748,1.88544062747464,Consumer services,Hotels/Resorts/Cruise lines,Buy,14.038535221888734,14.891967362888193
WBD,"Warner Bros. Discovery, Inc. - Series A",28.12,USD,-0.460176991150439,14136375,0.8327938716763018,70600978740.01274,USD,,-1.2732,USD,-521.58940397351,0,Consumer services,Cable/Satellite TV,Neutral,,
CL,Colgate-Palmolive Company,88.41,USD,-0.4055424129773566,4127952,0.9980818133887366,70478043745.26294,USD,34.9736935796511,2.5279,USD,-28.947664286918883,2.36566407570125,Consumer non-durables,Household/Personal care,Buy,22.4810185292313,22.86128313315165
DLR,"Digital Realty Trust, Inc.",189.5,USD,0.5892032485800806,1577111,0.7075997232613879,70304256882.937,USD,92.1782274540325,2.0558,USD,-46.11977460359062,2.59037103880248,Finance,Real estate investment trusts,Strong buy,83.10922350109554,69.97329567945363
ORLY,"O'Reilly Automotive, Inc.",85.89,USD,-2.2755717373990216,8076983,1.6717016859965559,69481643954.38457,USD,27.314358403561776,3.1445,USD,12.468257090740005,0,Retail trade,Specialty stores,Strong buy,24.783572955001755,26.144901013742736
SPG,"Simon Property Group, Inc.",211.88,USD,1.165011459129105,1573388,1.3957325953239674,68554095515.55787,USD,40.204933586337766,5.27,USD,-25.407991394318557,4.20168067226891,Finance,Real estate investment trusts,Neutral,31.22039657919464,31.873195587214134
HLT,Hilton Worldwide Holdings Inc.,304.47,USD,-2.1563082460312293,1663024,1.1325782557375192,68525511805.48025,USD,44.737499448991294,6.8057,USD,4.542242703533027,0.192814448229321,Consumer services,Hotels/Resorts/Cruise lines,Buy,31.743244929676834,33.68391286988332
AEP,"American Electric Power Company, Inc.",125.42,USD,0.7389558232931741,4022479,1.2737174714291568,68278321895.91133,USD,21.734308390808582,5.7706,USD,-15.46518611839503,3.05220883534137,Utilities,Electric utilities,Buy,18.809613329120094,19.65465353932639
RSG,"Republic Services, Inc.",221.63,USD,-0.48493556643168806,1504302,0.946977990329418,67865985286.27681,USD,31.39279593195371,7.0599,USD,4.356116596700759,1.12253603340667,Industrial services,Environmental services,Buy,29.084847625083018,30.458069409436682
AON,Aon plc,315.79,USD,-2.2594323563093734,1926594,1.4622920121082343,66987092729.26795,USD,17.412233060029447,18.1361,USD,51.84785156904115,0.968770311677861,Finance,Insurance brokers/Services,Buy,16.133161343006115,16.80119129432379
NBIS,Nebius Group N.V.,243.88,USD,7.725606254693234,26697323,2.084699413633944,66300053313.89867,USD,,-0.13,USD,-114.14427157001417,0,Technology services,Packaged software,Buy,,
APD,"Air Products and Chemicals, Inc.",297.71,USD,-1.1816642878481105,1010802,1.0625886386708545,66295707200.34998,USD,,-0.2151,USD,-103.09207216272551,2.38988282935573,Process industries,Chemicals: specialty,Buy,20.901958364163914,22.163988800302914
HON,Honeywell International Inc.,208.24,USD,-0.6535947712418322,2278418,0.8121656780654728,65999586300.39216,USD,7.700015899955998,27.0441,USD,53.73390557939914,3.74027956681456,Producer manufacturing,Industrial machinery,Buy,22.557244532489626,25.01389193527812
BSX,Boston Scientific Corporation,44.98,USD,-5.89958158995816,29028776,1.5074207198931724,65186341518.254814,USD,18.23932525039536,2.4661,USD,46.7741935483871,0,Health technology,Medical specialties,Strong buy,13.565934725475305,13.616455507671592
PCAR,PACCAR Inc.,122.5,USD,-1.7642341619887754,2220893,0.997092086182359,64479702249.09784,USD,25.787302121926576,4.7504,USD,-18.58504147528622,1.0906174819567,Producer manufacturing,Trucks/Construction/Farm machinery,Neutral,18.474787871731586,20.64067996634137
AJG,Arthur J. Gallagher & Co.,251.45,USD,-4.278807720126388,1121001,0.7614637725272675,64446632529.43603,USD,41.60461961017902,6.0438,USD,-8.900712961427725,1.02782747725456,Finance,Insurance brokers/Services,Buy,17.80986346999036,18.975360707306663
ALL,Allstate Corporation (The),253.46,USD,-2.3538929768463173,1654283,1.2679933811950888,64089379318.66772,USD,5.061648021152441,50.0746,USD,135.47341938821094,1.63347074007012,Finance,Multi-line insurance,Neutral,8.989235863525765,7.173264333092592
BKR,Baker Hughes Company,63.92,USD,0.6614173228346484,5891849,0.9438603068886972,63451726699.35245,USD,20.539845758354755,3.112,USD,1.8091405764386397,1.4488188976378,Industrial services,Contract drilling,Buy,23.77201477494686,24.320133928146788
TDG,Transdigm Group Inc.,1145.14,USD,-1.4551869540897429,328341,0.9941436717016596,63299360883.81411,USD,34.724888181335764,32.9775,USD,9.481962989768064,0,Electronic technology,Aerospace & defense,Buy,24.560766696394786,27.88077049522344
ARGX,argenx SE,1007.07,USD,-2.5243188307602997,313879,1.3681318585521154,63213216721.874306,USD,38.382263824467664,26.2379,USD,33.37823686698725,0,Health technology,Biotechnology,Strong buy,29.843738438022115,34.86988015809396
URI,"United Rentals, Inc.",1015.17,USD,0.5258154595686477,559568,1.3918417885841552,63186706500.05558,USD,24.390519322946073,41.6215,USD,7.655638525983063,0.762481928188066,Finance,Finance/Rental/Leasing,Buy,19.31866137359285,20.53925971342273
TRGP,"Targa Resources, Inc.",294.29,USD,1.461816928115845,877859,0.8270410492107225,63104900752.39176,USD,28.095583602237795,10.4746,USD,49.97780673243511,1.55145664540596,Utilities,Gas distributors,Buy,26.258789475961862,26.09715299029176
COR,"Cencora, Inc.",324.69,USD,-1.8915243994561084,2200493,2.030277198996493,61959679020.67216,USD,24.139264127517528,13.4507,USD,38.36887530989928,0.725185073273908,Distribution services,Medical distributors,Buy,16.717323037026176,18.164004022496982
TFC,Truist Financial Corporation,50.55,USD,-2.1297192642788025,6080922,1.1058564223149085,61753207280.53533,USD,11.60521603379402,4.3558,USD,18.367346938775523,4.027105517909,Finance,Regional banks,Neutral,10.732133174414257,10.916606198818284
OKE,"ONEOK, Inc.",97.51,USD,2.1796080896992542,2964114,0.8830067068989247,61467348662.26061,USD,16.844887453141464,5.7887,USD,12.846755170867707,4.44304725977156,Industrial services,Oil & gas pipelines,Buy,16.169643455299088,16.97125051713494
GWW,"W.W. Grainger, Inc.",1289.17,USD,-2.666686800202337,352267,1.7293430188232788,60721119280.57591,USD,32.72196092665308,39.3977,USD,-0.5866737992742951,0.717257208434945,Distribution services,Wholesale distributors,Neutral,26.569802383011417,27.71786351016812
MET,"MetLife, Inc.",95.5,USD,-2.1716861298914205,2459367,0.8899255128791977,60688048399.23172,USD,18.2747139193999,5.2258,USD,-11.437626044367619,2.37656217988117,Finance,Multi-line insurance,Buy,9.053008826731004,9.524168550058532
OXY,Occidental Petroleum Corporation,60.65,USD,1.0159893404397058,6434479,0.9954866072616533,60628008636.28164,USD,17.968773146090715,3.3753,USD,98.32540102238676,1.6655562958028,Energy minerals,Integrated oil,Buy,13.830246212587642,9.797974331407394
CRH,CRH PLC,90.61,USD,-3.8722681943560424,6265346,1.4425410528770888,60281428539.23234,USD,15.97862697726912,5.6707,USD,18.52726626674749,1.63377890939953,Non-energy minerals,Construction materials,Strong buy,14.659267088416527,15.384356786681401
MPWR,"Monolithic Power Systems, Inc.",1218.5,USD,-0.43795859003479976,763467,1.3697010818863689,59880746679.8102,USD,74.67031081478576,16.3184,USD,-57.50593725261448,0.581765888255193,Electronic technology,Semiconductors,Buy,37.81361756346799,44.436876823858455
TEL,TE Connectivity plc,204.99,USD,-1.7541337167505375,1427233,0.684727996989032,59347312024.35384,USD,20.0944977600894,10.2013,USD,110.62705180352239,1.42822909178049,Electronic technology,Semiconductors,Buy,16.325050315463145,17.909316426579842
COHR,Coherent Corp.,301.88,USD,7.10281700134818,8701480,1.696245422353995,59117835009.58447,USD,73.4090411691754,4.1123,USD,,0,Electronic technology,Semiconductors,Buy,32.23258713705373,31.970461953476985
D,"Dominion Energy, Inc.",66.22,USD,0.5771567436208922,4610287,1.0458195376735528,58242204503.589005,USD,23.029038428099458,2.8755,USD,-0.6529850746268628,4.05528554070474,Utilities,Electric utilities,Neutral,17.18471676098971,18.46332804415585
NUE,Nucor Corporation,256.4,USD,-1.7887922779331273,1329044,1.2032396403727221,58170923775.89305,USD,20.455379509517655,12.5346,USD,126.28899480069322,0.854177040640441,Non-energy minerals,Steel,Buy,12.503913568891978,13.764062601576391
TER,"Teradyne, Inc.",372.06,USD,4.209730274766835,2791345,1.2883894090402188,58168137020.56063,USD,51.046139915211214,7.2887,USD,152.82528009989946,0.140044253984259,Electronic technology,Electronic production equipment,Buy,37.749946529533354,40.411426247680794
FIX,"Comfort Systems USA, Inc.",1648.47,USD,2.367822944222966,352502,0.962456491752682,58016793154.91085,USD,40.5572572609514,40.6455,USD,108.88515440711674,0.186296061701256,Industrial services,Engineering & construction,Strong buy,31.203446558634464,33.63727756448048
O,Realty Income Corporation,61.02,USD,-0.37551020408162755,5966050,1.2440682827199259,57738227156.91918,USD,44.631363370392044,1.3672,USD,33.38536585365854,5.28816326530612,Finance,Real estate investment trusts,Buy,37.81015855233318,39.89972105504749
AFL,AFLAC Incorporated,115.16,USD,-1.7489975258083756,2139467,0.948181933369902,57734696597.38213,USD,12.341260060227405,9.3313,USD,110.97696081756314,2.05613855473083,Finance,Multi-line insurance,Neutral,15.754356799244404,16.427435129034393
CTVA,"Corteva, Inc.",85.9,USD,-2.2308217618939152,4604045,0.8642093865023639,57312135414.48668,USD,56.7896337432236,1.5126,USD,-26.404904393519196,0.819485545185522,Process industries,Agricultural commodities/Milling,Buy,21.7756068080839,22.874648259010257
LNG,"Cheniere Energy, Inc.",276.02,USD,-5.4726027397260335,4933392,2.4819104835507386,57007555854.24369,USD,20.53842490624442,13.4392,USD,-21.674311258239555,0.76027397260274,Industrial services,Oil & gas pipelines,Strong buy,15.890727614782325,52.57645987201988
KEYS,Keysight Technologies Inc.,333.42,USD,1.8978637572201453,1020198,0.8731631720243517,56763003387.94976,USD,45.92498725912866,7.2601,USD,131.29440249769027,0,Electronic technology,Electronic equipment/Instruments,Buy,25.007667232868094,29.03042962284473
FAST,Fastenal Company,49.38,USD,-0.44354838709677186,5111055,0.8693736515157939,56663433728.02016,USD,42.02195557824866,1.1751,USD,13.569150478399544,1.93548387096774,Distribution services,Wholesale distributors,Neutral,36.77754796982424,38.98715508250229
NKE,"Nike, Inc.",38.1,USD,-0.7812499999999927,31671694,1.1267818183444376,56521303246.140625,USD,18.158421504146414,2.0982,USD,-2.8296207104154196,4.24479166666667,Consumer non-durables,Apparel/Footwear,Neutral,22.406769314370504,22.020562928815785
NXPI,NXP Semiconductors N.V.,223.87,USD,-1.7402945113788502,5537708,2.060997426483122,56451994247.21821,USD,19.106263495233463,11.7171,USD,39.66719511759026,1.7802356968859,Electronic technology,Semiconductors,Buy,13.391244218681585,14.841658261454237
PSA,Public Storage,301.6,USD,-0.13575709413594522,741846,0.8860239875701575,56241121374.682976,USD,28.760239160078957,10.4867,USD,14.418670623663427,3.9733783649548,Finance,Real estate investment trusts,Buy,30.373060947937592,30.080134235591085
MRNA,"Moderna, Inc.",140.33,USD,-3.586396427344554,10308619,0.42447201896569403,56024770862.034836,USD,,-7.9848,USD,-6.204860141255336,0,Health technology,Biotechnology,Neutral,,
CAH,"Cardinal Health, Inc.",240.49,USD,-2.7065296545027904,1596749,1.1141996963904282,55932135498.62521,USD,33.22786559080358,7.2376,USD,12.39381939591583,0.828505542519621,Distribution services,Medical distributors,Strong buy,19.162093269650388,19.17131666823578
FANG,"Diamondback Energy, Inc.",199.65,USD,0.21584178295352216,2284528,1.1256410951277016,55906862424.5397,USD,38.68061609997094,5.1615,USD,-63.303828516583124,2.13331994779641,Energy minerals,Oil & gas production,Buy,10.819258768327778,9.740949772120812
SRE,DBA Sempra,85.47,USD,1.7015706806282633,3830153,0.8494198073504123,55888866995.784035,USD,24.76888747210711,3.4507,USD,-16.443895588164086,3.09971442170395,Utilities,Gas distributors,Buy,16.44079409785687,16.70981789289724
F,Ford Motor Company,14,USD,-4.240766073871404,46663512,1.0989844864061058,55828407278.24898,USD,,-1.7311,USD,-320.88809493428613,4.10396716826265,Consumer durables,Motor vehicles,Buy,8.032649276745996,7.567142171467117
CRWV,"CoreWeave, Inc.",99.83,USD,11.716651745747537,51191106,3.0232778922764334,55059897714.45748,USD,,-3.6625,USD,-47.0942608136873,0,Technology services,Packaged software,Buy,,
AME,"AMETEK, Inc.",237.76,USD,0.0168265185932997,1104938,0.7953986092052866,54509154063.87616,USD,34.753120706288186,6.8414,USD,10.327366553781657,0.546861854282349,Producer manufacturing,Electrical products,Buy,27.219466681167837,28.52173078537925
AU,AngloGold Ashanti PLC,107.83,USD,-1.1368845695424912,1819935,0.6297533586690082,54454956071.513985,USD,14.43101671551505,7.4721,USD,9056.985294117647,4.14412762446136,Non-energy minerals,Precious metals,Buy,12.965530542463705,12.064375408723652
DVN,Devon Energy Corporation,48.4,USD,0.7074490220557559,10775420,1.2264271675432938,53240001521.68956,USD,11.461318051575931,4.2229,USD,-5.407342696503363,2.16396171452351,Energy minerals,Integrated oil,Strong buy,9.711391100593557,9.458042443160878
GRMN,Garmin Ltd.,275.68,USD,-0.487311843482643,710711,0.7899832957855316,53165583528.011856,USD,28.428824815410632,9.6972,USD,19.64318762260799,0,Electronic technology,Telecommunications equipment,Neutral,26.782150116632728,27.109313132725596
NDAQ,"Nasdaq, Inc.",95.04,USD,-1.8992568125515992,2412843,0.8720664331607764,53125206404.19489,USD,27.69553561021098,3.4316,USD,31.852762621993403,1.15606936416185,Finance,Investment banks/Brokers,Buy,21.74137825331451,23.003968813937735
STT,State Street Corporation,191.88,USD,-1.225162153814473,1554273,1.2642900074453114,52709770627.42015,USD,16.918247866262256,11.3416,USD,27.095263175588595,1.72964068773808,Finance,Investment banks/Brokers,Buy,13.31570120199394,14.062494846939916
MSTR,Strategy Inc,136.52,USD,-4.397759103641457,19904009,0.6645967257173256,52454467781.03109,USD,,-97.2071,USD,-955.7415004313606,0,Technology services,Internet software/Services,Strong buy,4.278984525384076,
DAL,"Delta Air Lines, Inc.",78.96,USD,-1.5092927529000972,5270666,1.0294944131592998,51925909776.30235,USD,13.117804395859983,6.0193,USD,-12.686577989236861,0.969814144941998,Transportation,Airlines,Strong buy,9.62929999891463,12.147753980904826
VMRK,Vivmark Residential,66.19,USD,1.2853863810252542,6438750,1.228201392409844,51216438344.38806,USD,29.049813473776602,2.2785,USD,-12.81472411418075,4.26931905126243,Finance,Real estate investment trusts,Buy,43.921698739216986,51.469673405909795
VST,Vistra Corp.,151.72,USD,1.6208975217682435,7000150,1.713397228463138,50922572503.35164,USD,25.61020897336349,5.9242,USD,-6.008345364832065,0.609511051574012,Utilities,Electric utilities,Strong buy,16.640561137445747,17.6221236865873
ETR,Entergy Corporation,108.53,USD,1.1746061340542604,3613661,1.6438396855759323,50643515136.911064,USD,27.74993607772948,3.911,USD,-2.653325368379127,2.38650135172928,Utilities,Electric utilities,Buy,23.12605543391985,24.667759172847052
ALAB,"Astera Labs, Inc.",288.85,USD,-6.942654639175244,5720294,1.857103068760285,50111172293.56395,USD,142.22058099458394,2.031,USD,256.1283534981589,0,Electronic technology,Semiconductors,Buy,51.02794320908791,72.32063743312187
EW,Edwards Lifesciences Corporation,86.72,USD,-3.5372636262513977,3583538,1.344354661271066,49985410965.26451,USD,51.45976738666034,1.6852,USD,15.046422719825225,0,Health technology,Medical specialties,Buy,27.552585660200876,28.898026156845766
FITB,Fifth Third Bancorp,54.51,USD,-0.6560962274466912,4418890,1.0429808251262171,49434713471.230736,USD,18.552806235322148,2.9381,USD,-8.564404195064261,2.91598323309641,Finance,Regional banks,Buy,12.56198316634338,17.812415753743597
HONA,Honeywell Aerospace Inc.,155.42,USD,-3.471834047574687,4516823,1.421593213651707,49260791347.40674,USD,,,,,0,Electronic technology,Aerospace & defense,Buy,18.064768389840072,
AMP,"Ameriprise Financial, Inc.",556.67,USD,-0.6939489082346201,545651,1.4741033488681452,49172454162.11403,USD,13.428101390403226,41.4556,USD,28.977620972132762,1.17739403453689,Finance,Investment managers,Buy,11.36048913429122,11.978134970796262
BDX,"Becton, Dickinson and Company",179.1,USD,-3.052939265995461,1805619,1.2038299470749754,48784479176.200066,USD,54.02063099475176,3.3154,USD,-40.38122639812983,2.26805239796471,Health technology,Medical specialties,Buy,13.525482280485427,14.135336494408135
CARR,Carrier Global Corporation,59.11,USD,-1.0048568079048759,4901060,0.8916994189196614,48725854332.63423,USD,41.65316045380875,1.4191,USD,-43.37642646237332,1.58264947245018,Producer manufacturing,Industrial machinery,Buy,19.269908136230523,20.413681829060366
HUM,Humana Inc.,403.09,USD,0.38601384669023125,755411,0.7759996679912092,48403171981.82293,USD,38.173570468019015,10.5594,USD,-18.957127726526167,0.881605817602231,Health services,Managed health care,Buy,32.690806397013944,44.03476374670304
CIEN,Ciena Corporation,341.29,USD,6.320872274143309,3226370,1.3150562295294987,48397834129.7548,USD,76.15700450751999,4.4814,USD,362.8589134476348,0,Electronic technology,Telecommunications equipment,Buy,32.97758434484143,47.72441690743989
AZO,"AutoZone, Inc.",2951.61,USD,-1.0619148658025146,399994,1.3170694764570299,48186083266.0462,USD,20.293106376191226,145.4489,USD,-1.5630245048673954,0,Retail trade,Specialty stores,Strong buy,17.628493444944326,19.533921523245752
XYZ,"Block, Inc.",80.1,USD,-3.2141130981150443,3322301,0.7815394522986905,48123839260.592064,USD,142.60281288944276,0.5617,USD,-87.9842556741609,0,Commercial services,Miscellaneous commercial services,Buy,17.448327030007203,19.746062189002604
WAB,Westinghouse Air Brake Technologies Corporation,284.45,USD,0.5621155341865145,696626,0.9580488988281186,48046686773.29474,USD,38.30873242471583,7.4252,USD,10.817264640916962,0.417167503358552,Producer manufacturing,Trucks/Construction/Farm machinery,Buy,24.798419666328087,26.186329566810258
XEL,Xcel Energy Inc.,76.88,USD,1.5319598520866304,7435252,1.4877729220418605,48021888709.2076,USD,21.04456367020694,3.6532,USD,1.3426542387927207,3.07052297939778,Utilities,Electric utilities,Strong buy,18.080231261397156,18.68211391715425
ROK,"Rockwell Automation, Inc.",429.13,USD,-1.078813305364101,624005,0.9124350151150082,47654321138.70931,USD,40.221384921081246,10.6692,USD,25.185680594177896,1.27244646273714,Producer manufacturing,Electrical products,Buy,29.65486458846507,32.446879415909294
LHX,"L3Harris Technologies, Inc.",255.74,USD,-0.27685708715148355,1479861,0.9255372263209235,47622527873.15048,USD,25.83023594053006,9.9008,USD,10.543180930050802,1.91070384090466,Electronic technology,Aerospace & defense,Buy,20.719508299348366,21.41532755971949
CCEP,Coca-Cola Europacific Partners plc,106.55,USD,0.746974281391823,1595513,1.1317919287542255,47224838455.544624,USD,20.584598740388703,5.1762,USD,42.72872663100424,2.25983358547655,Consumer non-durables,Beverages: non-alcoholic,Buy,19.58529894999398,20.466545279242528
COIN,"Coinbase Global, Inc.",178.94,USD,-3.087088388214899,6044610,0.632182136093112,47210992780.00001,USD,,-3.8414,USD,-137.16237133348812,0,Finance,Investment banks/Brokers,Buy,216.6671711820796,
VTR,"Ventas, Inc.",89.87,USD,-0.443115099146994,3614770,1.3202238511659872,47123004730.76116,USD,164.83859134262656,0.5452,USD,26.057803468208096,2.21557549573502,Finance,Real estate investment trusts,Buy,124.37497664595827,154.19564161823925
CMG,"Chipotle Mexican Grill, Inc.",36.96,USD,0,10548002,0.860380865120137,46769846966,USD,34.09279586753989,1.0841,USD,-4.172191284363114,0,Consumer services,Restaurants,Buy,29.152426332149936,32.162539169813165
NTRA,"Natera, Inc.",324.14,USD,-1.231031750868432,1030273,0.9486064290555368,46722888613.23596,USD,,-1.3686,USD,28.01767211907642,0,Health technology,Biotechnology,Strong buy,,
EBAY,eBay Inc.,104.59,USD,1.1410888695484063,7052895,1.8695142835217593,46542551648.599754,USD,21.652899405834006,4.8303,USD,6.7398846485316035,1.17976984817716,Retail trade,Internet retail,Neutral,16.65664942554546,17.03615251062133
MDLN,Medline Inc.,34.69,USD,-5.192675594424721,7422176,1.0546572764134479,45607202334.05903,USD,40.67776735459662,0.8528,USD,-46.20915857196922,0,Health technology,Medical specialties,Buy,23.45227809574803,23.24113701350384
PYPL,"PayPal Holdings, Inc.",53.18,USD,-3.2387190684133933,9721830,0.6514746099514038,45493408652.26819,USD,10.04951056351336,5.2918,USD,13.295366960691968,0.764192139737991,Commercial services,Miscellaneous commercial services,Neutral,9.588993177353819,9.870625756468016
EXC,Exelon Corporation,43.95,USD,0.710357470210821,9174215,1.2100501077471992,45367558545.46403,USD,16.101850155706174,2.7295,USD,3.6177966745121837,3.75802016498625,Utilities,Electric utilities,Neutral,14.921891790311262,15.382052382275678
WDAY,"Workday, Inc.",186.28,USD,-4.857245007405889,2837236,0.6517549183590383,44893478460.590225,USD,37.80492754799692,4.9274,USD,127.87772279517178,0,Technology services,Information technology services,Buy,15.451728734732521,16.824175802341042
CBRS,Cerebras Systems Inc.,199.77,USD,-4.894072839800048,7994283,1.1801321612657134,44718221978.89559,USD,,-2.2582,USD,-275.7404326123128,0,Technology services,Packaged software,Strong buy,,
TEAM,Atlassian Corporation,176.42,USD,-6.941660512712324,3875114,0.9857994112139613,44658751099.36976,USD,,-0.187,USD,80.95723014256619,0,Technology services,Packaged software,Buy,32.06679024189505,32.108454577238376
RVMD,"Revolution Medicines, Inc.",207.32,USD,-1.285591848395399,2390452,1.2378864770317346,44436228696.62203,USD,,-8.8145,USD,-95.67340777410264,0,Health technology,Pharmaceuticals: other,Strong buy,,
ADSK,"Autodesk, Inc.",212.21,USD,-2.611289582377236,2975967,1.2478699282445869,44351888757.32006,USD,27.489054120573073,7.7198,USD,60.05888329082955,0,Technology services,Packaged software,Strong buy,16.326445826373895,16.848705358691795
KDP,Keurig Dr Pepper Inc.,32.55,USD,-0.12273703590060217,9019911,1.1214743659202846,44294888128.75268,USD,32.988750380054725,0.9867,USD,-12.456747404844288,2.82295182571341,Consumer non-durables,Beverages: non-alcoholic,Buy,13.337583877217194,14.20364669356123
FERG,Ferguson Enterprises Inc.,226.3,USD,-0.9237774178013157,967740,0.673608976998217,43778349656.99576,USD,20.25672240323678,11.1716,USD,37.48477054284554,2.28882492009982,Distribution services,Wholesale distributors,Buy,18.84966248858858,19.905053860630495
VEEV,Veeva Systems Inc.,264.84,USD,-3.7260532916500058,1468117,0.6406185787796387,42879937672.168526,USD,43.572827034764146,6.0781,USD,24.69687955193567,0,Technology services,Packaged software,Buy,27.42456665011569,28.677352925698536
TRI,Thomson Reuters Corp,98.81,USD,-6.500757002271011,2008296,1.4061752663759741,42806919229.407074,USD,27.252890941217384,3.6256703999999997,USD,-2.5555621865246043,2.41724904266958,Technology services,Internet software/Services,Buy,20.832287959102015,22.02591561339995
IQV,"IQVIA Holdings, Inc.",259.21,USD,-3.1967733502632862,1381315,1.042896062149377,42665965831.562386,USD,32.15326792115807,8.0617,USD,16.773614148934634,0,Health technology,Biotechnology,Buy,19.040595230705886,19.988288178663723
FLEX,Flex Ltd.,114.31,USD,4.383161355127383,2821858,0.9638277925361131,42226452507.285446,USD,44.138543516873895,2.5898,USD,13.732378902990646,0,Electronic technology,Electronic production equipment,Strong buy,21.90825899774746,24.32927419758197
FER,Ferrovial N.V.,57.99,USD,-0.10335917312660667,1941691,1.749637964643579,41650329616.50333,USD,60.54932831509744,0.9577315160000001,USD,-82.53181421518218,1.90015081439775,Industrial services,Engineering & construction,Buy,,51.29882818386665
PAYX,"Paychex, Inc.",116.93,USD,-3.9273683345657604,3178903,1.5253566979621447,41624795898.16104,USD,23.910109602486507,4.8904,USD,6.805276491657191,3.73017829266289,Technology services,Data processing services,Neutral,19.629123219626102,19.617024282128142
A,"Agilent Technologies, Inc.",146.85,USD,-2.6580935967121957,1603236,0.5636471567870373,41401249295.055016,USD,28.912602626449566,5.0791,USD,19.1074736768051,0.671483494630783,Health technology,Medical specialties,Buy,22.32840993288097,23.67608599231821
CBRE,CBRE Group Inc,142.26,USD,-3.7808589786946256,1811645,1.2251154603417944,41194986351.02414,USD,32.61946253324773,4.3612,USD,22.18642310817247,0,Finance,Real estate development,Strong buy,17.718772220861144,18.15842247141159
PRU,"Prudential Financial, Inc.",119.38,USD,-2.1635797410260618,1186493,0.7332446430647224,41186098867.05425,USD,10.81340579710145,11.04,USD,144.26399982299708,4.54843468283888,Finance,Life/Health insurance,Neutral,8.459989874657786,8.317428985020754
AXON,"Axon Enterprise, Inc.",505.43,USD,-1.9857660907169223,735580,0.9446656914958512,41059823532.82637,USD,209.32245506502113,2.4146,USD,-40.31097817219983,0,Electronic technology,Aerospace & defense,Buy,56.42534189226905,65.52535210007697
IDXX,"IDEXX Laboratories, Inc.",520.21,USD,-2.8335014382307815,613034,1.3280042805724617,40982726965.14609,USD,36.5621551718079,14.2281,USD,18.42736095620182,0,Health technology,Medical specialties,Buy,33.35152394685708,35.21891022789758
YUM,"Yum! Brands, Inc.",149.51,USD,-0.7962311724504126,1787653,0.9650245127637118,40801444161.3786,USD,18.80321456868688,7.9513,USD,57.04100173803127,1.93749585296264,Consumer services,Restaurants,Buy,22.068039999078962,22.657472540828458
ADM,Archer-Daniels-Midland Company,84.5,USD,-0.13000827325375183,5140027,1.49011172561308,40725586048.19762,USD,23.13040621920508,3.6532,USD,60.792253521126774,2.44651932395698,Process industries,Agricultural commodities/Milling,Neutral,14.59813157736526,15.93443385899365
ONC,BeOne Medicines Ltd.,351.48,USD,-1.892480321554171,398530,1.4445611202715933,40614600108.356155,USD,61.76718684099536,5.6904,USD,,0,Health technology,Pharmaceuticals: major,Strong buy,44.79452861367128,47.215332436347694
LYV,"Live Nation Entertainment, Inc.",170.45,USD,-1.7579250720461161,2679232,1.612783649872656,40163792349.66888,USD,,-1.1202,USD,-148.655692133953,0,Consumer services,Movies/Entertainment,Buy,141.64635529675925,
MSCI,MSCI Inc.,551.39,USD,-3.773058061813931,515940,1.3533807368965838,40086052000.20208,USD,30.15911216614614,18.2827,USD,21.125612826288588,1.38741034187885,Commercial services,Financial publishing/Services,Buy,26.115358946583743,27.958097991412032
ED,"Consolidated Edison, Inc.",108.27,USD,0.913412247180529,2168886,1.0643567259569224,39900713570.71731,USD,17.78066084214675,6.0892,USD,10.407600812300547,3.27383726349147,Utilities,Electric utilities,Neutral,17.36371162286153,17.73640139604334
TTWO,"Take-Two Interactive Software, Inc.",213.29,USD,-0.6521030322791027,2578071,0.8222119053451582,39881058124.49527,USD,,-1.7318,USD,92.76511480231275,0,Technology services,Packaged software,Strong buy,26.16548920534027,30.73812869662062
MCHP,Microchip Technology Incorporated,73.38,USD,-1.0651206687339978,8728142,1.100314319438868,39845975000.66145,USD,109.70249663626849,0.6689,USD,,2.45382230012134,Electronic technology,Semiconductors,Buy,18.609661959979334,20.15379282955626
WAT,Waters Corporation,402.91,USD,-1.5804387121989278,419505,0.770601967978242,39585145630.239296,USD,100.6067718737515,4.0048,USD,-63.8963263466306,0,Health technology,Medical specialties,Buy,25.80949414775117,27.645896758415514
RKLB,Rocket Lab Corporation,65.87,USD,2.5054466230936807,24376895,1.6146048469603747,39420546876.34205,USD,,-0.2796,USD,38.885245901639344,0,Electronic technology,Aerospace & defense,Buy,,
VOD,Vodafone Group Plc,17.31,USD,2.426035502958581,3246744,1.0787977889115032,39313379036.7175,USD,,-0.2323,USD,87.01726932319902,2.97123076923077,Communications,Wireless telecommunications,Neutral,19.29223896965401,14.923365800921781
VIK,Viking Holdings Ltd,88.08,USD,2.6453793264188277,5243279,1.4220835298211159,39297517159.629875,USD,29.20618078121891,3.0158,USD,62.43671226974038,0,Consumer services,Hotels/Resorts/Cruise lines,Buy,24.01713920642551,27.007063598139307
ROP,"Roper Technologies, Inc.",395.65,USD,-2.855529365547043,585783,0.8972467907715382,39130129603.49501,USD,16.396126096632088,24.1307,USD,69.57863076079778,0.87286387743076,Technology services,Packaged software,Neutral,16.826455261915164,17.807442696401036
RKT,"Rocket Companies, Inc.",13.81,USD,-1.778093883357041,24539887,1.053644151774661,39104982053.77169,USD,91.8829008649368,0.1503,USD,,0,Finance,Finance/Rental/Leasing,Buy,19.19775354310459,22.293610564039646
AIG,"American International Group, Inc. New",74.68,USD,-2.0076105497965977,3170103,0.9175372398754253,39049658288.61725,USD,13.681664956763887,5.4584,USD,1.1714116251482827,2.42750295236846,Finance,Multi-line insurance,Buy,8.907475683652933,9.287821350472607
ODFL,"Old Dominion Freight Line, Inc.",187.01,USD,0.6133318986388262,1614771,0.8631217141601487,38777762062.18926,USD,35.99045437924597,5.1961,USD,1.4843460088670244,0.613331898638834,Transportation,Trucking,Buy,29.92428600391171,32.10986963403231
DHI,"D.R. Horton, Inc.",138.49,USD,-2.9842381786339693,2422446,1.4021197861252277,38735832198.78381,USD,13.175219285727877,10.5114,USD,-15.746358980113653,1.26094570928196,Consumer durables,Homebuilding,Neutral,12.422032662169237,13.22822708230433
SYY,Sysco Corporation,79.84,USD,-0.2623360399750078,2255894,1.0574372432365717,38251029197.01387,USD,21.848831481582838,3.6542,USD,-2.142359809329979,2.7108057464085,Distribution services,Food distributors,Buy,15.718286722497032,15.736686445931257
HEI.A,Heico Corporation,235.04,USD,-2.140061620451334,245283,0.8116304479464955,37459850898.33824,USD,39.124427798585096,6.0075,USD,31.659690109360284,0.104088600216504,Electronic technology,Aerospace & defense,Buy,34.156356593292884,37.40421376673673
HEI,Heico Corporation,316.1,USD,-2.8818975052230535,534631,0.880579086355818,37175883198.22785,USD,52.61756138160633,6.0075,USD,31.659690109360284,0.0768096350006145,Electronic technology,Aerospace & defense,Buy,45.718441222442564,50.283438884544395
NTAP,"NetApp, Inc.",189.13,USD,1.9074303572390712,2503479,0.9187078224801598,37148725937.755104,USD,26.69442484121383,7.085,USD,25.18552547883242,1.12075004041166,Electronic technology,Computer peripherals,Neutral,19.116956901486265,18.99989029831224
PEG,Public Service Enterprise Group Incorporated,74.24,USD,0.7327001356851994,2449072,0.8596842141695803,37002702530.58778,USD,18.460314302765067,4.0216,USD,1.5555555555555636,3.52781546811398,Utilities,Electric utilities,Buy,16.545686732917762,16.99815433563982
TKO,"TKO Group Holdings, Inc.",195.32,USD,5.005107252298266,2217410,2.321329904360467,36968159494.58223,USD,67.56607167566071,2.8908,USD,33.093922651933696,1.67195312079996,Consumer services,Movies/Entertainment,Buy,35.01046083603518,42.093475877606515
EL,"Estee Lauder Companies, Inc. (The)",101.69,USD,-2.089351049489699,2717957,0.7639463665188772,36791295578.540924,USD,204.36093247588425,0.4976,USD,,1.34796841902561,Consumer non-durables,Household/Personal care,Buy,30.69240051454818,30.61275482281088
HIG,"The Hartford Insurance Group, Inc.",135.66,USD,-1.9585170195851758,1118308,0.9082869812210187,36746495481.76382,USD,8.767587200847935,15.4729,USD,40.27124298548596,1.67666401676664,Finance,Property/Casualty insurance,Buy,10.354530862890549,10.649714209902838
MLM,"Martin Marietta Materials, Inc.",511.98,USD,-0.5419896264350998,861276,1.2775785466438192,36360987223.54694,USD,12.583999016836671,40.685,USD,125.40291081945053,0.644948229306292,Non-energy minerals,Construction materials,Buy,25.982060006186206,28.054803912548664
QSR,Restaurant Brands International Inc.,78.27,USD,-2.3699638268679126,2902814,1.148356109731013,35574608863.51179,USD,23.134218071114,3.3833,USD,28.374122557389498,3.16826743170762,Consumer services,Restaurants,Buy,18.47388743036888,19.275984467895892
KVUE,Kenvue Inc.,18.39,USD,-1.8676627534685055,16220487,0.8010044649966866,35323025329.35593,USD,21.319267331323903,0.8626,USD,17.18516505909524,4.44236926360726,Consumer non-durables,Household/Personal care,Neutral,15.231125496523097,15.632291775578432
UI,Ubiquiti Inc.,580.53,USD,0.1500879826104966,150633,0.8247509042348744,35138539595.33206,USD,36.615409844337364,15.8548,USD,34.80826460335006,0.586550736638719,Electronic technology,Telecommunications equipment,Neutral,32.77238342553912,32.772383425539125
UAL,"United Airlines Holdings, Inc.",108.235,USD,-2.823666726521814,2923060,0.895641931973056,35131323561.15394,USD,10.115987812400695,10.6994,USD,7.196601576980504,0,Transportation,Airlines,Strong buy,8.240603857685262,10.673522071958088
KR,Kroger Company (The),57.2,USD,-2.37241850145076,6862948,1.2916286621704673,35043427874.74996,USD,33.454205170195344,1.7098,USD,-53.52794085670798,2.45775729646697,Retail trade,Food retail,Buy,,11.010525639029158
WEC,"WEC Energy Group, Inc.",107.06,USD,1.0572021899188262,3056686,1.6020444123734767,34885433845.468,USD,20.734399814075996,5.1634,USD,-1.0217187110625514,3.53973947517463,Utilities,Electric utilities,Buy,19.96511233685803,19.11425615352822
RPRX,Royalty Pharma plc,60.59,USD,-5.268918073796119,8631634,3.4294577083091555,34842360419.290184,USD,32.254458344423746,1.8785,USD,-18.219416630387464,1.44621638524078,Health technology,Pharmaceuticals: major,Strong buy,13.005313525933891,11.340714249750642
HSY,The Hershey Company,173.27,USD,0.06930407161420997,1218017,1.047663373425538,34814431335.44493,USD,25.31410705937354,6.8448,USD,-9.041620156274913,3.30695928385793,Consumer non-durables,Food: specialty/candy,Buy,18.721778083774637,20.39994824368184
ALNY,"Alnylam Pharmaceuticals, Inc.",260.1,USD,-2.2584645447371354,2008633,1.117410263182899,34803752227.13953,USD,43.9142987387935,5.9229,USD,,0,Health technology,Pharmaceuticals: major,Buy,30.867010535369964,38.971721902826914
TWLO,Twilio Inc.,225.89,USD,-3.043179672074858,1810142,1.10816928510812,34691107126.8247,USD,31.432109759830794,7.1866,USD,5800.328407224959,0,Technology services,Packaged software,Buy,36.56278426840441,38.11426754936851
IRM,Iron Mountain Incorporated (Delaware),116.08,USD,-0.6674653431456453,1769146,1.0538602024757655,34557343505.32671,USD,82.84918992220398,1.4011,USD,920.4661325564457,2.88978264590108,Finance,Real estate investment trusts,Buy,45.50622143120359,46.54728832372019
EQT,EQT Corporation,55.12,USD,-0.09062896501722723,4956585,0.7811216973668573,34478440291.47725,USD,12.78530339580627,4.3112,USD,131.89715453714166,1.1963023382273,Energy minerals,Integrated oil,Buy,16.555097961007817,13.504216882819069
STLD,"Steel Dynamics, Inc.",240.31,USD,-0.7229612492770388,1236319,1.1342185722936944,34443174037.189125,USD,21.79880261248186,11.024,USD,60.82161405146758,0.851028670577543,Non-energy minerals,Steel,Buy,11.865596578900293,14.252685626832887
MTB,M&T Bank Corporation,238.44,USD,-0.5837224816544386,1086331,1.2373139924681245,34434612452.41711,USD,12.58962797131905,18.9394,USD,22.687551418336348,2.50166777851901,Finance,Regional banks,Neutral,11.98918680338684,12.32437417904053
KMB,Kimberly-Clark Corporation,102.93,USD,-1.934070121951207,3299302,0.9526517662161114,34232360342.623573,USD,17.541198725267986,5.8679,USD,-19.11699840105862,4.83993902439024,Consumer non-durables,Household/Personal care,Buy,14.537094589412877,13.815612245843003
EME,"EMCOR Group, Inc.",773.16,USD,2.5193592871539194,338704,0.9001463285253455,34104010174.30429,USD,23.99069117989295,32.2275,USD,33.73516474396216,0.19226689296701,Industrial services,Engineering & construction,Buy,22.148471013264476,23.465002317486128
RJF,"Raymond James Financial, Inc.",176.55,USD,-0.9759380784115659,1293192,1.0868271150083164,33961461244.35555,USD,15.389107771695548,11.4724,USD,12.601462433135408,1.18907398059342,Finance,Investment managers,Buy,12.784241183417404,14.5301370927282
HBAN,Huntington Bancshares Incorporated,16.76,USD,-1.5854374633000563,20193462,1.021592711742986,33862155374.412216,USD,12.920135676842431,1.2972,USD,-3.4102755026061105,3.64063417498532,Finance,Major banks,Buy,9.94503528529375,12.139535119544725
NTRS,Northern Trust Corporation,184.88,USD,-0.9376841879654932,1116919,1.3055754334836471,33824842928.197178,USD,15.869936564890084,11.6497,USD,36.923203497802106,1.7146225151369,Finance,Investment managers,Neutral,15.566101160629316,16.115087244875323
P,"Everpure, Inc.",101.14,USD,1.638026329012155,3489255,0.9792588817748207,33702606245.643852,USD,137.99972711147495,0.7329,USD,79.9852652259332,0,Electronic technology,Computer peripherals,Strong buy,32.949916713009614,36.3804312559486
ERIC,Ericsson,10.07,USD,-0.2970297029702907,5672063,0.6035181653864429,33673369630.535404,USD,12.877237851662404,0.782,USD,56.368726254749056,2.06386138613861,Electronic technology,Telecommunications equipment,Neutral,16.186535759867038,17.76123746615752
VMC,Vulcan Materials Company (Holding Company),258.3,USD,-1.6487073068575502,958849,0.9323572799545553,33470187963.497696,USD,30.488668555240796,8.472,USD,18.428225953003338,0.78056581502494,Non-energy minerals,Construction materials,Buy,26.138597509921638,28.256189451022603
JD,"JD.com, Inc.",27.68,USD,-2.0523708421797657,6353232,1.1120817767732707,33435037600.282078,USD,18.66864503945505,1.4827,USD,-58.131194758986815,3.46779900920028,Retail trade,Internet retail,Strong buy,6.836476805582884,8.450843048836292
ESLT,Elbit Systems Ltd.,708.51,USD,0.7436582868843161,115451,1.659878166429201,33201599921.567345,USD,50.26274577049486,14.096126050000002,USD,48.378160946283124,0.502700857458971,Electronic technology,Aerospace & defense,Neutral,,48.21281988346204
EXPE,"Expedia Group, Inc.",274.55,USD,-7.88149241712522,3442186,2.287426373704072,32951186577.810364,USD,17.123522624504943,16.0335,USD,96.19323813369553,0.617366796403167,Consumer services,Other consumer services,Buy,12.170782656464045,13.151989962428088
JBL,Jabil Inc.,312.33,USD,0.5666999388221627,1052567,1.1971524938710263,32728151494.56786,USD,38.979370249728554,8.0127,USD,55.77091312039503,0.103036352513121,Producer manufacturing,Industrial machinery,Buy,19.829155505769805,24.479603661320414
ACGL,Arch Capital Group Ltd.,95.71,USD,-2.4362895005096847,5763407,1.990793394832285,32659039139.59205,USD,7.478921334969095,12.7973,USD,32.18712556294673,0,Finance,Multi-line insurance,Buy,10.149614286024848,10.190899146939435
PCG,Pacific Gas & Electric Co.,14.82,USD,3.6363636363636336,66166176,0.9109063227687759,32639078535.81818,USD,10.810416514698373,1.3709,USD,26.79430262671107,1.22377622377622,Utilities,Electric utilities,Buy,8.835133546441682,8.960286342214014
CCI,Crown Castle Inc.,75.97,USD,0.1846234999340638,3154545,1.257344418851503,32321850886.645256,USD,16.745283018867923,4.5368,USD,,5.60464196228406,Finance,Real estate investment trusts,Buy,28.52326314840958,39.3884498568494
RBLX,Roblox Corporation,44.82,USD,3.4864927268529162,13941091,1.3850649031951165,32018330375.488804,USD,,-1.4159,USD,0.7500350483667568,0,Technology services,Packaged software,Buy,,
CNC,Centene Corporation,64.58,USD,-3.669451073985692,4353713,1.0289729334154125,31902197220.41318,USD,,-10.4394,USD,-358.10710577065714,0,Health services,Managed health care,Buy,14.19940779366752,13.448876775135114
DXCM,"DexCom, Inc.",84.53,USD,-3.8339021615472175,8224259,2.8298265612493125,31898304607.167576,USD,33.36622720454725,2.5334,USD,77.35928311397369,0,Health technology,Medical specialties,Strong buy,30.039154312340393,31.688526489141438
RMD,ResMed Inc.,221.05,USD,-3.196846945478425,1959445,1.4423280055624856,31886976041.694984,USD,21.181893098756206,10.4358,USD,9.756944079258734,1.07729362820232,Health technology,Medical specialties,Buy,18.221273941130075,18.277138470676874
ILMN,"Illumina, Inc.",211.06,USD,-3.2810924754834554,1820155,0.990904543133641,31870060177.96279,USD,39.33356939190071,5.3659,USD,-32.04022442595337,0,Health technology,Medical specialties,Buy,37.01754290578065,39.43203373525759
CCL,Carnival Corporation Ltd.,23.2,USD,-1.3185878349638547,18954189,0.9197363718485508,31775861051.195236,USD,10.448567825617005,2.2204,USD,20.346883468834697,1.9140791152701,Consumer services,Hotels/Resorts/Cruise lines,Buy,9.935470829971546,10.369266566579407
CRDO,Credo Technology Group Holding Ltd,167.75,USD,-1.6532801782259445,10394137,1.2176313364551956,31528935859.09744,USD,59.86367853829134,2.8022,USD,312.1488454184439,0,Technology services,Information technology services,Strong buy,23.050637475513422,26.763093574304875
BIIB,Biogen Inc.,212.5,USD,-3.77213240954581,617829,0.9210001431075812,31397724793.11008,USD,37.63326603619877,5.6466,USD,-45.98105806945374,0,Health technology,Pharmaceuticals: major,Buy,16.03093631229622,17.015654402049886
ARES,Ares Management Corporation,138.62,USD,-1.0916874777024623,1836013,1.0014823579440608,31045019618.19265,USD,63.20733208700015,2.1931,USD,25.463386727688775,3.52479486264716,Finance,Investment managers,Buy,21.358997412174567,23.630663402491635
BIDU,"Baidu, Inc.",92.55,USD,-6.956871418518149,7313216,3.308027122940488,30753335320.228798,USD,,-1.8432,USD,-117.11134629309865,0,Technology services,Internet software/Services,Buy,15.291095509383187,15.944461426671227
HAL,Halliburton Company,36.8,USD,-0.728351766927443,8449469,0.6845280188930589,30659197403.65794,USD,19.276098685244353,1.9091,USD,-10.677022411453711,1.83436741300243,Industrial services,Oilfield services/Equipment,Buy,14.48518358592528,15.713126139255015
FTI,TechnipFMC plc,78.16,USD,-2.104208416833676,3070049,1.3079254201302528,30651565571.52605,USD,27.23724560914413,2.8696,USD,35.896950179958324,0.250501002004008,Industrial services,Oilfield services/Equipment,Buy,22.99273916596604,25.225654387233803
CBOE,"Cboe Global Markets, Inc.",293.33,USD,-1.6924726858368562,897250,0.847767906705374,30632750135.545612,USD,22.848040628432113,12.8383,USD,50.504091346041115,1.01213218044105,Finance,Investment banks/Brokers,Neutral,20.544041345539807,20.896623513698888
ZTS,Zoetis Inc.,73.56,USD,-2.96794618124258,5658592,1.3220443461392026,30396727205.78235,USD,12.101072580114495,6.0788,USD,4.590502408809359,2.75689223057644,Health technology,Pharmaceuticals: major,Buy,11.881142062667049,11.76372942846602
WTW,Willis Towers Watson Public Limited Company,325.34,USD,-2.808149608651501,381995,0.8960443580602592,30214956277.701973,USD,20.071193697445292,16.2093,USD,1032.8045286183522,1.1232598434606,Finance,Insurance brokers/Services,Buy,15.511407540325296,16.403490987987393
CPRT,"Copart, Inc.",32.6,USD,-3.321470937129293,7172471,0.954410935255572,30181456756.22776,USD,20.310261042925674,1.6051,USD,6.087243886318578,0,Retail trade,Specialty stores,Buy,20.01563184008124,20.593900288883148
GEHC,GE HealthCare Technologies Inc.,66.775,USD,-3.0278826604705107,3124429,1.2090878259251658,30161349529.936466,USD,15.344930600238992,4.3516,USD,-10.913669212029383,0.203311065930874,Health technology,Medical specialties,Buy,12.852238425912116,13.557582825613448
ROIV,Roivant Sciences Ltd.,41.48,USD,18.75178929287145,24667437,2.6462322909027027,29961958220.502716,USD,,-0.4386,USD,37.23526044647968,0,Health technology,Pharmaceuticals: major,Strong buy,,
AEE,Ameren Corporation,106.73,USD,0.24420024420024902,1659811,1.3360546337920092,29547481661.8718,USD,18.787516062595714,5.6809,USD,24.769936966023163,2.74255658871043,Utilities,Electric utilities,Buy,19.29232086818878,19.802454146177105
KHC,The Kraft Heinz Company,24.9,USD,0.20120724346075317,21187961,1.1521528966478396,29527011342.4346,USD,,-2.8641,USD,36.07490402642621,6.43863179074447,Consumer non-durables,Food: major diversified,Neutral,12.51553761270895,12.130264425149692
CFG,"Citizens Financial Group, Inc.",69.99,USD,-1.1161345012715544,2739975,0.9539067363140986,29478162906.956203,USD,15.214555888874395,4.6002,USD,40.27566018174057,2.59960440802487,Finance,Major banks,Strong buy,11.8613950485158,13.17691977498136
EXR,Extra Space Storage Inc,139.16,USD,-0.06463195691203118,1140262,1.1267747318151193,29400272215.441006,USD,31.15708400501522,4.4664,USD,-2.9317801490883015,4.65350089766607,Finance,Real estate investment trusts,Buy,29.765055833007683,30.129429238277105
OKTA,"Okta, Inc.",167.595,USD,-1.7614302461899152,2563359,0.5008400449297868,29299085524.673126,USD,101.24750800459131,1.6553,USD,95.17745548873954,0,Technology services,Packaged software,Buy,41.03631038283906,42.66333020646257
IR,Ingersoll Rand Inc.,75.11,USD,-1.636982713462546,2223005,0.7210241542872753,29142638973.76912,USD,30.94894721661379,2.4269,USD,89.48313554028732,0.104766893661603,Producer manufacturing,Industrial machinery,Buy,20.443519028857995,21.19060684244159
RDDT,"Reddit, Inc.",149.38,USD,-3.288877379256774,5017908,1.3257508925996857,28740193473.644955,USD,34.73226533981259,4.3009,USD,263.03705579471597,0,Technology services,Internet software/Services,Buy,24.49416627928236,27.7931688119639
MDB,"MongoDB, Inc.",356,USD,-3.45500894939524,2492031,1.0352557527640611,28678057376.362747,USD,502.3990968106125,0.7086,USD,,0,Technology services,Packaged software,Buy,50.94671445926431,54.63949139842411
DTE,DTE Energy Company,137.26,USD,0.8671369782480735,1259562,1.0684520431580786,28562167290.301876,USD,21.686785059723185,6.3292,USD,-8.93892525717574,3.36934156378601,Utilities,Electric utilities,Buy,16.79951904859352,17.79384112197389
LVS,Las Vegas Sands Corp.,43.98,USD,-0.8789722785666004,6957109,1.372446113001343,28485896853.052063,USD,17.134842404644093,2.5667,USD,29.605130276711776,2.59184133423484,Consumer services,Casinos/Gaming,Buy,13.275878983631547,14.161998058923956
SUNB,"Sunbelt Rentals Holdings, Inc.",69.32,USD,1.0642950867473242,10679223,1.054784849224425,28417564090.707096,USD,,,,,0,Finance,Finance/Rental/Leasing,Buy,17.347477583665544,17.29433044346036
ATO,Atmos Energy Corporation,168.07,USD,0.30436858438767656,773727,0.9624379916509521,28401903613.476547,USD,20.00857153061346,8.3999,USD,15.998287623940136,2.3872045834328,Utilities,Gas distributors,Neutral,18.77124986569627,19.88208681588267
ATI,ATI Inc.,207.32,USD,-1.5808212675053466,1619940,0.6740811964202633,28230845452.130447,USD,60.611021780441455,3.4205,USD,18.23775450240244,0,Non-energy minerals,Other metals/Minerals,Strong buy,36.460259600847024,41.026899413647
DG,Dollar General Corporation,127.87,USD,-4.008708054950832,2544047,0.8231919298653433,28210270457.898056,USD,16.6183637663266,7.6945,USD,42.337859336268444,1.77163876585842,Retail trade,Discount stores,Neutral,15.916584005071599,16.22706263389833
ZM,"Zoom Communications, Inc.",96.44,USD,-4.825816638705222,2474276,0.6088387971012171,28139622879.418537,USD,8.932193499986106,10.7969,USD,184.39837741017806,0,Technology services,Packaged software,Buy,15.720525441120975,15.69371032736943
HPQ,HP Inc.,31.17,USD,-4.503676470588232,15682710,0.8660460869400223,28108825431.80147,USD,11.883792748484503,2.6229,USD,-4.5489282724989994,3.64399509803922,Technology services,Information technology services,Neutral,10.413339765527803,9.567703705067936
TDY,Teledyne Technologies Incorporated,605.08,USD,-0.9121427986571583,207037,0.9467045707599216,28048890486.607258,USD,29.233459914388693,20.6982,USD,14.031501875898703,0,Electronic technology,Aerospace & defense,Buy,23.76296166900914,24.479087145436964
AWK,"American Water Works Company, Inc.",140.38,USD,-0.22743425728499875,2058146,1.0109122644429616,27897574821.012653,USD,24.30233363340489,5.7764,USD,3.9987037070377944,2.44847192608387,Utilities,Water utilities,Neutral,23.034782554475015,23.080471895193153
VICI,VICI Properties Inc.,25.27,USD,-0.5900865460267589,11956354,1.2887431072851505,27824228878.309208,USD,9.799891413945552,2.5786,USD,-1.3542463657230337,7.08103855232101,Finance,Real estate investment trusts,Buy,8.650675981690828,9.073396850701869
ON,ON Semiconductor Corporation,71.08,USD,-4.436676525947831,14888932,2.0898526487841798,27672275078.86582,USD,45.76947842884739,1.553,USD,44.896435902220546,0,Electronic technology,Semiconductors,Buy,18.367655973906974,22.22002703415782
LPLA,LPL Financial Holdings Inc.,350.22,USD,-2.535273982133403,495903,0.7513198013764265,27577122611.136066,USD,27.927784245865297,12.5402,USD,-14.22982483738808,0.333954860434698,Finance,Investment banks/Brokers,Buy,12.965040111032454,14.741595266054604
RYAAY,Ryanair Holdings plc,54.37,USD,-1.7882947976878647,913533,0.9432599310531325,27410479469.27948,USD,13.162736648428798,4.1306,USD,-1.6313019456550055,1.39220014450867,Transportation,Airlines,Strong buy,,13.871826567724337
INSM,Insmed Incorporated,124.89,USD,-1.108559664264792,1605099,0.8806977768828075,27273665763.439228,USD,,-4.105,USD,28.022864356852285,0,Health technology,Pharmaceuticals: major,Strong buy,,
CASY,"Caseys General Stores, Inc.",733.49,USD,-2.989062148686006,938704,2.6115982623917544,27142734843.021145,USD,38.26917658844031,19.1666,USD,30.89078889860139,0.3121321535796,Retail trade,Specialty stores,Buy,33.71648066116277,34.25030614400968
ECHO,EchoStar Corporation,93.42,USD,4.031180400890873,4299688,1.7712208374618477,27137641758.889313,USD,,-24.9424,USD,-2120.0623052959504,0,Communications,Specialty telecommunications,Buy,39.99142123654913,4.682906993466939
TCOM,Trip.com Group Limited,40.5,USD,-1.291737752863761,4617441,1.7707244033100218,27053877279.556957,USD,6.375342379498158,6.3526,USD,85.68338594645154,0,Consumer services,Other consumer services,Buy,10.769437556463826,11.52358423368926
FISV,"Fiserv, Inc.",50.86,USD,-4.037735849056605,16669043,3.1320356003057133,27045655564.40717,USD,9.755816853048932,5.2133,USD,-12.858957643833776,0,Commercial services,Miscellaneous commercial services,Neutral,6.9216612476927235,7.015205312686984
CTSH,Cognizant Technology Solutions Corporation,59.92,USD,-3.8356604076392244,5939770,1.0683014205793613,26990617890.11716,USD,12.859196944009271,4.6597,USD,-5.379117085651624,2.08634248114267,Technology services,Information technology services,Buy,9.886023650562722,10.417126646321513
ES,Eversource Energy (D/B/A),71.49,USD,0.6192821956368723,1883050,1.0371344301477665,26928478580.325687,USD,18.51544896532076,3.8611,USD,66.18317982267368,4.33497536945813,Utilities,Electric utilities,Neutral,15.155086843374965,15.385313987163622
FE,FirstEnergy Corp.,46.45,USD,-0.684199273038273,5663023,1.427935108316116,26877826108.03399,USD,24.78787555365815,1.8739,USD,-17.27806471549022,3.89138336540517,Utilities,Electric utilities,Buy,16.267155370069904,17.01197870371286
WSM,"Williams-Sonoma, Inc.",227.83,USD,0.18028317650163797,1318041,0.9320888989968122,26833629179.28037,USD,23.30765532128206,9.7749,USD,7.441277657481413,1.24879078357225,Retail trade,Specialty stores,Buy,22.976693526427788,23.95942451529831
CPAY,"Corpay, Inc.",407.05,USD,-2.2383937363402726,456575,1.074799146799096,26726739583.6542,USD,24.74257509999149,16.4514,USD,11.781212841854936,0,Commercial services,Miscellaneous commercial services,Buy,13.88690447679275,14.864069445166153
OTIS,Otis Worldwide Corporation,70.06,USD,-1.614941721668293,3416976,1.0329150033454346,26669693760.28479,USD,17.98531601375982,3.8954,USD,2.9847984137475154,2.41539109675607,Industrial services,Engineering & construction,Buy,16.465745092592204,17.314348345609815
CPNG,"Coupang, Inc.",14.81,USD,-3.1393067364290297,20519010,1.4855043615339536,26621148658.631134,USD,,-0.4259,USD,-314.45115810674724,0,Retail trade,Internet retail,Buy,106.47935120211666,
MTD,"Mettler-Toledo International, Inc.",1325.52,USD,-1.4673743365594762,151121,0.9646179309746138,26558858753.226345,USD,29.833157405511002,44.4311,USD,12.537359553407695,0,Health technology,Medical specialties,Neutral,26.77495638252709,28.006311181404378
SMCI,"Super Micro Computer, Inc.",40.26,USD,1.6923465521596224,42400693,1.1659278178186165,26449426827.055313,USD,12.246015330332158,3.2876,USD,98.09592672933236,0,Electronic technology,Computer processing hardware,Neutral,9.24698404998608,9.279993730356944
CNP,"CenterPoint Energy, Inc (Holding Co)",40.12,USD,1.1343584572724874,4602478,0.7970382626605956,26427858696.926643,USD,23.647294589178355,1.6966,USD,18.23820475294446,2.31913284597933,Utilities,Electric utilities,Buy,19.981860932822197,20.980366727606647
ZS,"Zscaler, Inc.",161.94,USD,-4.628975265017676,4143167,1.17432968332669,26405079039.2841,USD,,-0.3953,USD,-47.39000745712155,0,Technology services,Packaged software,Buy,33.19601762582672,33.22137820510191
PPL,PPL Corporation,35.08,USD,-0.08544574195386254,9991674,1.3154497424796725,26399272035.61378,USD,20.83630315989546,1.6836,USD,26.567433468651323,3.1757334092851,Utilities,Electric utilities,Buy,16.95198644614265,17.99736708985447
LH,Labcorp Holdings Inc.,324.86,USD,-0.6210040074642763,615723,1.0225821618309932,26346146684.721283,USD,26.863919026197408,12.0928,USD,33.345095271700785,0.881030316008443,Health services,Medical/Nursing services,Buy,17.159308806180945,17.703367612559244
TPL,Texas Pacific Land Corporation,381.9,USD,5.374979305777816,332176,1.1706804075897441,26341430518.977703,USD,48.687515139152715,7.8439,USD,17.272672906138798,0.625423541747144,Miscellaneous,Investment trusts,Buy,41.19185210280684,43.39539477025837
NVT,nVent Electric plc,162.57,USD,4.191501634301091,2519119,0.8281540807986407,26313245209.73544,USD,44.91008038896102,3.6199,USD,3.016591251885366,0.531948984169711,Electronic technology,Electronic components,Strong buy,28.023599328550624,31.643001080848773
DOV,Dover Corporation,194.74,USD,0.9643301534633003,1694621,1.3428941840073476,26227627010.442142,USD,23.44146855251279,8.3075,USD,-49.914086757302634,1.08098299460805,Producer manufacturing,Industrial machinery,Buy,17.29980389587604,18.210446328931496
SYM,Symbotic Inc.,43.3,USD,0.8383791336748939,2086853,1.4542761692852102,26187913186.478806,USD,480.0443458980044,0.0902,USD,,0,Producer manufacturing,Industrial machinery,Buy,130.22517225512104,207.60316630787597
BNTX,BioNTech SE,98.66,USD,-4.915188897455675,1127495,0.8181090604075544,26064965553,USD,,-7.8474,USD,-390.40119985001877,0,Health technology,Biotechnology,Buy,,
DGX,Quest Diagnostics Incorporated,235.5,USD,-0.6915745972842989,728935,0.8103242964668489,25992926137.59172,USD,24.980906313645622,9.4272,USD,12.727794518582284,1.4000168676731,Health services,Services to the health industry,Buy,20.50913335717792,21.042122039482884
CINF,Cincinnati Financial Corporation,169.14,USD,-1.1455289304500338,424323,0.929334949378849,25959277051.768787,USD,7.97532994780247,21.2079,USD,83.98615412643468,2.11572180011689,Finance,Multi-line insurance,Neutral,19.233012828603766,20.208223315563224
WRB,W.R. Berkley Corporation,69.77,USD,0.9111946774660044,4203420,2.5671736190544756,25900545171.542953,USD,14.348586118251928,4.8625,USD,10.669822700685069,0.535146080416546,Finance,Multi-line insurance,Neutral,14.766484461328085,14.312088453096472
FOXA,Fox Corporation,65.23,USD,-0.29043106083766085,4037159,0.8480482393357092,25887872709.887188,USD,17.01134437345156,3.8345,USD,-21.89155055813575,0.856007337205748,Consumer services,Broadcasting,Buy,10.984786163783616,10.96231404147563
FOX,Fox Corporation,58.24,USD,-0.3081136597055798,995161,0.8744571444287771,25883281727.561794,USD,15.188420915373584,3.8345,USD,-21.89155055813575,0.958575830195139,Consumer services,Broadcasting,Buy,9.803165762712892,9.781675817393042
JBHT,"J.B. Hunt Transport Services, Inc.",274.78,USD,0.3689228184242214,1004554,1.2682846642893975,25805946144.471706,USD,38.95599410230236,7.0536,USD,28.1843458665746,0.653833509880557,Transportation,Trucking,Buy,30.97484294453769,35.06532668574982
Q,"Qnity Electronics, Inc.",123.28,USD,2.3325309205611373,1397747,0.829827055418199,25791229302.600815,USD,44.14524099405572,2.7926,USD,-26.24461875709796,0.249024653440691,Electronic technology,Electronic equipment/Instruments,Strong buy,25.492943533378224,27.079626578802856
ASTS,"AST SpaceMobile, Inc.",66.12,USD,6.1145883485796855,12118758,1.2198965588798067,25731755379.081367,USD,,-2.1399,USD,-12.655962095288231,0,Communications,Specialty telecommunications,Buy,,
RF,Regions Financial Corporation,30.07,USD,-1.1505588428665396,7000650,0.9780162500194363,25617520261.710384,USD,12.23053770438461,2.4586,USD,14.59867623753147,3.48454963839579,Finance,Major banks,Neutral,11.047097298953483,11.399136971226183
SYF,Synchrony Financial,78.62,USD,-1.626626626626623,2836564,0.8529912840782101,25580655610.19895,USD,8.062845480929965,9.7509,USD,18.484270386526852,1.55155155155155,Finance,Finance/Rental/Leasing,Buy,8.253524938568349,8.406232073806335
CHTR,"Charter Communications, Inc.",145.74,USD,-4.112112638989407,2008987,0.8067403775408771,25521288087.75656,USD,3.786339663817516,38.491,USD,4.731715280801037,0,Consumer services,Cable/Satellite TV,Neutral,3.3796550609117086,3.544204330991428
VRSN,"VeriSign, Inc.",282.2,USD,-3.382634894549437,1174136,1.8227648761292188,25482659689.85826,USD,30.629300801007226,9.2134,USD,9.963478385410445,1.09559024924678,Technology services,Internet software/Services,Neutral,27.386064219835372,28.82596796824118
XYL,Xylem Inc.,108.81,USD,2.9520295202952074,3608479,1.9208996751140077,25405701080.01476,USD,25.846219625169244,4.2099,USD,9.421947289078346,1.5990159901599,Producer manufacturing,Industrial machinery,Buy,18.508561379074084,19.211581824194518
INCY,Incyte Corporation,124.4,USD,-1.8540433925049264,1283253,1.1040091634482068,25215600586.313217,USD,15.854404567699838,7.8464,USD,78.375920705647,0,Health technology,Pharmaceuticals: major,Buy,42.9507733728683,33.06470475663952
NRG,"NRG Energy, Inc.",119.64,USD,0.5209208536380479,2571280,0.9459792460553356,25149581086.762897,USD,31.644096487515867,3.7808,USD,59.993229232787435,1.56696353554025,Utilities,Electric utilities,Buy,11.520701826826635,13.460653746284228
BSP,Bending Spoons S.p.A.,39.08,USD,-1.2632642748863063,852329,0.866989356524145,24824372278.964123,USD,,,,,0,Technology services,Packaged software,Buy,24.13947526908288,
TSEM,Tower Semiconductor Ltd.,219.82,USD,-1.1311759282164369,1540353,1.1447335448078313,24801179838.4222,USD,86.70374314676764,2.5353,USD,45.74040009197516,0,Electronic technology,Semiconductors,Strong buy,43.12601833768053,56.875618543697485
GFS,GlobalFoundries Inc.,45.09,USD,-0.26542800265427435,5479391,1.431788719752388,24743183783.82283,USD,35.193568529503594,1.2812,USD,,0.26542800265428,Electronic technology,Semiconductors,Buy,21.02678221681695,23.27327908579215
SN,"SharkNinja, Inc.",175.13,USD,1.0093436382512402,2104084,1.4107900343464042,24670835511.088764,USD,35.78317191778023,4.8942,USD,33.76882499248366,0,Consumer durables,Electronics/Appliances,Strong buy,24.81689515743913,26.66615911686334
PFG,Principal Financial Group Inc,115.04,USD,-1.4055536510113134,1337970,0.9897751273698268,24630598399.64621,USD,16.32722576250018,7.0459,USD,41.87994603411126,2.73397326019883,Finance,Investment managers,Neutral,11.542318187920257,11.96791217982662
HUBB,Hubbell Inc,464.75,USD,0.8747178329571047,413528,0.9038721139252016,24553936565.131207,USD,27.51774813341149,16.8891,USD,9.655239579275419,1.23285292585518,Producer manufacturing,Electrical products,Buy,21.419542070238954,22.717045668618255
CRCL,"Circle Internet Group, Inc.",96.18,USD,-5.752082312591857,12926711,0.803759739719032,24417782066.771587,USD,57.88396726047184,1.6616,USD,,0,Technology services,Packaged software,Buy,76.64929877606578,92.396901274228
PPG,"PPG Industries, Inc.",109.72,USD,-2.497111881276106,2281240,1.851946263001633,24390756070.20208,USD,15.754634349468002,6.9643,USD,23.48268586322452,2.5504309961788,Process industries,Industrial specialties,Buy,13.319284070272214,13.878390288870877
AFRM,"Affirm Holdings, Inc.",72.08,USD,-0.37318590186592404,3365781,0.4240501518421321,24321323331.878925,USD,13.056315322332313,5.5207,USD,4209.679937548791,0,Finance,Finance/Rental/Leasing,Buy,37.20269585350974,36.52373865663784
DRI,"Darden Restaurants, Inc.",212.92,USD,-1.8258945038731131,948425,1.0717216453815823,24175311162.407784,USD,20.49495134229803,10.3889,USD,17.071219292314616,2.82183696053117,Consumer services,Restaurants,Buy,21.086651858209198,21.08061831596037
EXPD,"Expeditors International of Washington, Inc.",185.96,USD,-1.504237288135595,880982,1.1915896130216759,24173058150.699364,USD,27.057779329812156,6.8727,USD,12.143265073019503,0.836864406779661,Transportation,Air freight/Couriers,Neutral,24.136245967503807,24.112739114322338
TW,Tradeweb Markets Inc.,103,USD,-3.013182674199626,1159284,1.0027744703745816,24104910126.30885,USD,24.588794194179854,4.1889,USD,61.45307380998266,0.489642184557439,Finance,Investment banks/Brokers,Buy,24.225797604985903,25.55581414621002
FCNCA,"First Citizens BancShares, Inc.",2149.93,USD,-2.6515854724268593,78907,1.317349574194927,23871877043.429333,USD,11.498415306333104,186.9762,USD,10.347745875154256,0.380350375143197,Finance,Regional banks,Neutral,11.43953464501109,11.070676480212311
BG,Bunge Limited,123.89,USD,4.363575098980715,2769032,1.6553092878874784,23801638257.707355,USD,24.024123019643582,5.1569,USD,-48.493323079074315,2.39238480330217,Process industries,Agricultural commodities/Milling,Strong buy,11.541379184099297,13.01778642151044
WST,"West Pharmaceutical Services, Inc.",337.75,USD,-0.6529987940112443,580985,1.3872009382591302,23769414017.716267,USD,43.17728574350583,7.8224,USD,17.17546960663891,0.258846368797247,Health technology,Medical specialties,Strong buy,36.4969577043754,37.66662112843732
GPN,Global Payments Inc.,89.42,USD,-3.3715150205316666,2637817,1.04129432943138,23662175566.462715,USD,28.05597389558233,3.1872,USD,-44.26120564523181,1.08061378863194,Finance,Finance/Rental/Leasing,Buy,6.0733291671735135,6.552806703707392
FWONK,Liberty Media Corporation - Series C Liberty Formula One,94.95,USD,-0.5759162303664892,1578691,0.9005712758852256,23623300796.442413,USD,58.70170015455951,1.6175,USD,52.752856738124464,0,Technology services,Internet software/Services,Strong buy,44.6470764981457,52.52522123379781
ULTA,"Ulta Beauty, Inc.",549.23,USD,-2.6395093242572476,629920,0.739601844073305,23483686687.67221,USD,20.010492911819465,27.4471,USD,5.199190513058345,0,Retail trade,Specialty stores,Buy,18.0342505956691,18.946896426749117
IOT,Samsara Inc.,40.15,USD,-0.12437810945274692,10737908,1.2794383710715482,23468215818.50249,USD,260.7142857142857,0.154,USD,,0,Technology services,Packaged software,Buy,47.520585349456795,51.93377312120036
FWONA,Liberty Media Corporation - Series A Liberty Formula One,87.25,USD,-1.2785698121746951,323526,2.606417475047673,23456349326.64347,USD,53.94126738794436,1.6175,USD,52.752856738124464,0,Technology services,Internet software/Services,Strong buy,40.75642047920208,48.12571705939458
TPR,"Tapestry, Inc.",117.58,USD,-3.733420664810875,3458925,1.00789681989857,23444473365.50647,USD,16.149989698509717,7.2805,USD,1049.7946936197093,1.30997216309153,Retail trade,Apparel/Footwear retail,Buy,14.747122222889747,14.731723635470653
RIVN,"Rivian Automotive, Inc.",16.17,USD,2.7318932655654478,16905905,0.8688078891283079,23411905886.59022,USD,,-2.581,USD,20.201582982933463,0,Consumer durables,Motor vehicles,Neutral,,
TROW,"T. Rowe Price Group, Inc.",109.42,USD,-0.32792858444161,1364253,1.136334710786481,23341019136.84988,USD,10.975034854913288,9.9699,USD,11.482723918148286,4.68209145563855,Finance,Investment managers,Sell,10.62881040958998,10.726893602587316
VLTO,Veralto Corp,95.53,USD,-0.8098847471705962,1622366,1.0114440711576789,23289578155.652786,USD,24.07874174522357,3.9674,USD,11.103643339214205,0.51915688921192,Producer manufacturing,Industrial machinery,Buy,21.17639965294911,21.802294067826974
DLTR,"Dollar Tree, Inc.",124.04,USD,-5.615583625019009,2848436,1.0823412915165678,23273661442.672047,USD,15.149553598690721,8.1877,USD,,0,Retail trade,Discount stores,Neutral,18.02549348857385,15.750255097246779
SOFI,"SoFi Technologies, Inc.",18.01,USD,-1.1525795828759458,30402643,0.7885211642429301,23261182649.96214,USD,37.97174783892052,0.4743,USD,-4.336425978217027,0,Finance,Finance/Rental/Leasing,Neutral,24.377962646626475,30.338149928744937
KEY,KeyCorp,21.79,USD,-1.7583408476104627,11851167,1.294585390702135,23252731207.65374,USD,12.673762577793287,1.7193,USD,,3.69702434625789,Finance,Major banks,Buy,11.162480949758589,11.92500436447498
SW,Smurfit WestRock plc,44.26,USD,-3.4257036875409126,3800120,0.8484599854681235,23143075152.769363,USD,47.06507868991918,0.9404,USD,42.24776887006504,3.90072005236745,Process industries,Containers/Packaging,Strong buy,14.993595708836972,19.982825425233262
ROKU,"Roku, Inc.",155.34,USD,-0.16067870685776722,2952580,1.3878633941334995,23069329724.88296,USD,66.36476267783142,2.3407,USD,,0,Technology services,Packaged software,Neutral,48.20872946070402,55.7126241420654
FSLR,"First Solar, Inc.",213.25,USD,4.304230863291765,2889099,1.6855549506798084,22917931862.726833,USD,13.146214260174832,16.2214,USD,38.72032564821782,0,Electronic technology,Semiconductors,Buy,10.014067593101363,12.22850356662298
ARXS,"Arxis, Inc.",53.19,USD,-0.8019395747855272,1603609,3.729389170599294,22915652482.185005,USD,,,,,0,Electronic technology,Aerospace & defense,Strong buy,68.8066273756979,112.0166793025019
CHD,"Church & Dwight Company, Inc.",96.54,USD,-2.039573820395729,2031603,1.2013789226669933,22899665523.808826,USD,31.062775507577467,3.1079,USD,46.592141880099994,1.23541349568747,Consumer non-durables,Household/Personal care,Buy,24.70788315582167,25.540804172881668
VRSK,"Verisk Analytics, Inc.",175.49,USD,-5.543893643360775,1682836,1.5722537347234542,22841079320.911243,USD,26.96527350952674,6.508,USD,0.3778823166499536,1.02265999246461,Technology services,Data processing services,Buy,21.467304777377482,22.75564080294256
EIX,Edison International,59.33,USD,4.509423991544821,6485284,0.6997489225228655,22831012717.928482,USD,6.111832210478604,9.7074,USD,42.63841542259315,6.09476836357231,Utilities,Electric utilities,Neutral,9.49576115815956,9.671922456384651
BRO,"Brown & Brown, Inc.",68.18,USD,-4.536544385326232,2569286,1.686121958739302,22813733184.728092,USD,21.559575006324312,3.1624,USD,-8.806736259299848,0.924110893307197,Finance,Insurance brokers/Services,Neutral,14.783581421257699,15.182789157199322
EXE,Expand Energy Corporation,98.19,USD,0.28597691757736815,2191833,0.9608407400861034,22731357418.995304,USD,8.47539554435362,11.5853,USD,2897.490297542044,2.34909610867123,Energy minerals,Integrated oil,Strong buy,12.224864295789176,10.909947874693488
CRS,Carpenter Technology Corporation,458.56,USD,-3.5280752319441193,638889,0.6622640054300571,22725575863.099403,USD,43.554576193913604,10.5284,USD,41.99552234780028,0.168304125554878,Non-energy minerals,Other metals/Minerals,Buy,34.490547253877466,34.38161159605625
PHM,"PulteGroup, Inc.",120.07,USD,-3.5194857372438806,1423508,1.226257175739282,22507426546.301163,USD,12.265056794966085,9.7896,USD,-26.81384239288892,0.803535556448373,Consumer durables,Homebuilding,Buy,11.25940479599819,11.827631601240862
USFD,US Foods Holding Corp.,103.09,USD,-0.9131103421760888,1423648,0.8755538909358381,22301534017.148983,USD,31.70244172458331,3.2518,USD,39.00739537468472,0,Distribution services,Food distributors,Buy,19.804901833274197,21.515129253563384
OMC,Omnicom Group Inc.,81.13,USD,-1.8034374243524678,3696116,1.521124404893159,22257689917.513187,USD,69.54397394136807,1.1666,USD,-83.26303405928094,3.7521181312031,Commercial services,Advertising/Marketing services,Buy,7.842910552151343,7.7889029685868065
XPO,"XPO, Inc.",190.06,USD,-1.5743138270326216,988414,1.0513846882732198,22253455487.220715,USD,55.886850152905204,3.4008,USD,17.642175176421745,0,Transportation,Trucking,Buy,32.34025088452441,34.69557489943285
RGLD,"Royal Gold, Inc.",261.37,USD,-0.28232421502422994,554901,0.8572649481540255,22145319399.475185,USD,28.49371518276663,9.1729,USD,34.28537967178557,0.715348517797871,Non-energy minerals,Precious metals,Buy,21.710233463296813,24.881134679505813
L,Loews Corporation,108.25,USD,-0.9606587374199425,863125,1.1691745644507268,22129301211.937332,USD,13.259431651151397,8.164,USD,29.801577206817598,0.228728270814273,Finance,Property/Casualty insurance,No rating,,
MKL,Markel Group Inc.,1785.71,USD,-2.2450074450381003,57981,0.9057507463176196,22124872226.91629,USD,9.852062648549758,181.2524,USD,8.703805992214209,0,Finance,Property/Casualty insurance,Neutral,15.545840100738777,18.10555951528311
FFIV,"F5, Inc.",389.62,USD,-0.21768637795477824,353084,0.8088068882041245,22063082722.14444,USD,31.03775163107121,12.5531,USD,10.691674161860927,0,Technology services,Packaged software,Buy,22.412564565840118,22.47840156306873
IFF,"International Flavors & Fragrances, Inc.",85.62,USD,-0.8453966415749737,1678480,1.138609153183524,21845939478.028492,USD,79.43959918352199,1.0778,USD,,1.85292414591778,Consumer non-durables,Food: specialty/candy,Buy,25.079262420122465,24.99289211722665
GH,"Guardant Health, Inc.",160.98,USD,-0.26640232947153636,2039119,1.1084203393427337,21602899452.883217,USD,,-3.4997,USD,-4.599796760117153,0,Health technology,Medical specialties,Strong buy,,
CMS,CMS Energy Corporation,68.79,USD,0.48203330411921197,3109697,1.091278362403587,21570969653.531116,USD,20.671314381873913,3.3278,USD,-1.7942513132267004,3.29024247735904,Utilities,Electric utilities,Buy,16.691424359142967,17.771951680132773
ENTG,"Entegris, Inc.",141.09,USD,1.6938157705059784,1584823,0.7684153859080928,21558553284.392895,USD,70.66159162618321,1.9967,USD,2.647542669134273,0.288309067320167,Producer manufacturing,Industrial machinery,Buy,31.719731476027533,36.010352114832926
DOW,Dow Inc.,29.57,USD,0.44157608695651834,8608173,1.0480760398950504,21359614834.474865,USD,,-1.8228,USD,-30.144223904041116,4.7554347826087,Process industries,Chemicals: specialty,Buy,14.228255477300952,11.937336452031447
UTHR,United Therapeutics Corporation,497.97,USD,2.1246487971944816,643543,1.2071060501702402,21358276182.48709,USD,17.81167844049003,27.9575,USD,9.163357502918695,0,Health technology,Biotechnology,Strong buy,19.247361937950423,19.045719824713746
STE,STERIS plc (Ireland),218.44,USD,-2.7383231666592485,670590,1.184307357950316,21297922984.87947,USD,26.69958686777324,8.1814,USD,24.045182321279654,1.12204461463111,Health technology,Medical specialties,Buy,19.036890555222016,19.492874713572355
CDE,"Coeur Mining, Inc.",20.66,USD,-2.7306967984934007,24273200,0.675830810167511,21237138081.44727,USD,16.967805519053876,1.2176,USD,212.20512820512818,0.0941619585687382,Non-energy minerals,Precious metals,Buy,15.278804910516198,19.321430608849514
CW,Curtiss-Wright Corporation,572.71,USD,1.0516100573445146,443154,1.0476914587733643,21152725667.784897,USD,39.41189424281212,14.5314,USD,22.603017110458644,0.172915747684164,Electronic technology,Aerospace & defense,Buy,35.71123700829238,37.448919767597125
MTSI,"MACOM Technology Solutions Holdings, Inc.",274.8,USD,2.1751254880089324,1417991,1.322788459502313,20986731390.813164,USD,88.38286375916636,3.1092,USD,,0,Electronic technology,Semiconductors,Buy,33.33609516654521,49.85090986073855
LYB,LyondellBasell Industries NV,64.59,USD,1.6845088161209072,3267121,1.123883493889871,20865020265.17097,USD,,-1.1214,USD,-247.10743801652893,5.41561712846348,Process industries,Chemicals: specialty,Buy,7.930806141457145,6.885048890882475
THC,Tenet Healthcare Corporation,259.06,USD,-2.2599509526504464,799193,0.9888203673044523,20859250452.02935,USD,9.99032050317958,25.9311,USD,66.00366178428763,0,Health services,Hospital/Nursing management,Strong buy,12.440910358068763,12.211021113527663
SNX,TD SYNNEX Corporation,258.6,USD,-1.53822723119097,723003,1.6490540216907865,20677333350.616814,USD,18.49944201218989,13.9788,USD,63.39154218388386,0.715808711544319,Distribution services,Electronics distributors,Strong buy,13.089641927429023,13.607597101466054
RL,Ralph Lauren Corporation,347.23,USD,-1.1304100227790348,915264,1.349160091592602,20672363352.70547,USD,21.891648225555283,15.8613,USD,26.61185392137298,1.06420842824601,Consumer non-durables,Apparel/Footwear,Strong buy,17.70421013285729,18.351246009067758
PKG,Packaging Corporation of America,231.99,USD,-2.2170706006322405,566156,1.0326137609486632,20669913949.142593,USD,30.15598596126349,7.693,USD,-23.22431911857167,2.21285563751317,Process industries,Containers/Packaging,Buy,19.80071598037016,22.09664058483947
AMCR,Amcor plc,44.34,USD,-1.7940199335548066,2679360,0.8017822490408615,20500407816.526253,USD,18.597433101249898,2.3842,USD,32.20583342575136,5.73089700996678,Process industries,Containers/Packaging,Buy,,
RS,"Reliance, Inc.",398.31,USD,-0.5492996429552293,244634,0.7571231955443024,20335539893.494923,USD,23.165504446292626,17.1941,USD,25.544700487747875,1.23592419664927,Non-energy minerals,Steel,Neutral,16.581744428155453,17.20669998165327
CF,"CF Industries Holdings, Inc.",134.33,USD,0.7349081364829533,2401784,0.9101849380177264,20329250523.905518,USD,9.963433538787893,13.4823,USD,76.22078736864118,1.5748031496063,Process industries,Chemicals: agricultural,Neutral,10.386921124196896,8.944482483483204
FIS,"Fidelity National Information Services, Inc.",39.42,USD,-5.896395321079013,6638105,1.1407314722611506,20329127567.96992,USD,6.0528821054571145,6.5126,USD,2338.2628229127663,4.01050370016711,Technology services,Packaged software,Buy,6.139763253096399,6.355931178583447
FTAI,FTAI Aviation Ltd.,196.69,USD,0.20888526594660517,820851,0.6549377748036478,20201457855.57428,USD,42.844384421015945,4.5908,USD,13.859126984126977,0.866109639290809,Electronic technology,Aerospace & defense,Strong buy,21.566590370197776,32.91638244789843
EFX,"Equifax, Inc.",171.62,USD,-3.0669302456933103,1437811,1.3499994742009167,20162759130.261055,USD,30.157447107612285,5.6908,USD,11.283194493331768,1.23129059587687,Commercial services,Financial publishing/Services,Buy,18.723753932648382,20.046119390398
FICO,Fair Isaac Corporation,933.3,USD,0.11155686181966015,668025,2.0497185424469166,20157073207.915283,USD,26.966740153658122,34.6093,USD,35.366545286716125,0,Commercial services,Financial publishing/Services,Buy,18.48086388028915,21.73611697230912
GIS,"General Mills, Inc.",37.69,USD,-1.5669887699138192,12321042,1.3773519397545342,20150186962.371376,USD,,-0.1894,USD,-104.6300144229594,6.37242099764952,Consumer non-durables,Food: major diversified,Neutral,12.273490757921431,12.226076999307436
KSPI,Joint Stock Company Kaspi.kz - American Depository Shares,107.21,USD,-0.29759136985028123,665528,1.1407432876809536,20098747724.80599,USD,9.75469947045657,10.9906,USD,-3.5734652874652286,3.26794289965591,Finance,Finance/Rental/Leasing,Buy,7.645678359859001,8.365063273199254
NI,NiSource Inc,41.9,USD,1.2321816863976758,5128870,1.0167097076095544,20093567437.84489,USD,22.190445927338203,1.8882,USD,0.32410605175070367,2.8509301763711,Utilities,Gas distributors,Buy,19.208957700866556,20.396837759950152
WWD,"Woodward, Inc.",339.27,USD,-2.007394142452789,643463,1.1620042665254726,20032476149.647766,USD,37.73104383994306,8.9918,USD,42.25055765610414,0.358153775056323,Producer manufacturing,Industrial machinery,Strong buy,33.04551421292174,35.839662432994075
SBAC,SBA Communications Corporation,188.69,USD,-0.39590371621621623,951221,1.2698013282693692,20017766088.066772,USD,20.319398677607634,9.2862,USD,14.116129032258062,2.56545608108108,Finance,Real estate investment trusts,Buy,23.706808008777635,24.503629118762802
GMAB,Genmab A/S,33.53,USD,-0.20833333333333415,1550685,0.815488638714003,19829225140.1343,USD,26.554209234180725,1.2627,USD,-36.97529323683554,0,Health technology,Biotechnology,Strong buy,25.800901377151003,28.437546381697516
PR,Permian Resources Corporation,23.65,USD,1.24143835616438,9407933,0.9896511292927608,19808223729.33005,USD,15.697597238815877,1.5066,USD,-2.149769435604347,2.6541095890411,Energy minerals,Integrated oil,Strong buy,10.734712793099643,11.303474635528659
MTZ,"MasTec, Inc.",246.18,USD,3.7902103798642477,1933092,1.2501569897393705,19769472031.051815,USD,39.215623805275904,6.2776,USD,86.28445947950976,0,Industrial services,Engineering & construction,Strong buy,22.195598963808678,26.35091805943439
SNA,Snap-On Incorporated,379.88,USD,-0.8146214099216722,313409,1.3228417911455717,19650099584.425377,USD,19.377183809839575,19.6045,USD,4.492687190857923,2.54830287206266,Consumer durables,Tools & hardware,Neutral,18.474007492603807,19.182198467383344
TPG,TPG Inc.,50.91,USD,-3.304843304843309,1997804,0.8950622082221993,19576155122.579487,USD,76.82209144409235,0.6627,USD,,4.25451092117759,Finance,Investment managers,Strong buy,15.993646523133297,17.875444911080987
TOST,"Toast, Inc.",33.29,USD,-1.9440353460972126,8829621,1.003715509624209,19341490434.387924,USD,42.532260125207614,0.7827,USD,128.25896762904637,0,Technology services,Packaged software,Buy,21.69022141748105,24.040145381858462
IP,International Paper Company,36.49,USD,-2.0139634801288935,4523635,1.0580567052351346,19324005984.152523,USD,,-6.482,USD,-6527.811860940696,4.96777658431794,Process industries,Pulp & paper,Buy,15.754293465918659,26.611338807777017
LEN,Lennar Corporation,80.37,USD,-3.840631730078959,4707939,1.9311776468131403,19319539361.414215,USD,12.57175929546841,6.3929,USD,-47.147333349868134,2.39291696578129,Consumer durables,Homebuilding,Sell,14.2666393534871,14.639605588587921
LEN.B,Lennar Corporation,78.98,USD,-3.8821954484605055,94830,1.559239765793407,19311188725.301205,USD,12.354330585493281,6.3929,USD,-47.147333349868134,2.4339783375928,Consumer durables,Homebuilding,Sell,14.03689617175559,14.387094823305418
FDXF,"FedEx Freight Holding Company, Inc.",129.07,USD,-0.2935496330629552,1153996,0.9555763913517885,19298306223.1141,USD,,,,,0,Transportation,Trucking,Buy,29.436006391219053,29.809780481118356
DINO,HF Sinclair Corporation,108.31,USD,2.751162128830287,2514189,1.1006819293302372,19255768811.481457,USD,10.336896354266083,10.478,USD,,1.92107010720046,Energy minerals,Oil refining/Marketing,Neutral,7.513709345775201,7.3310220071446155
BR,"Broadridge Financial Solutions, Inc.",168.62,USD,-2.4641369736233174,1473056,1.3737504638446447,19226355983.299747,USD,17.52041728143638,9.6242,USD,35.666760642796724,2.0360944007404,Technology services,Information technology services,Buy,15.958415371563621,15.975149178447968
VTRS,Viatris Inc.,16.61,USD,-1.5995260663507083,4394622,0.5923127128061395,19078092576.933052,USD,,-0.3572,USD,87.72002200220021,2.8436018957346,Health technology,Pharmaceuticals: major,Buy,6.532295140184784,6.628177215351512
RBRK,"Rubrik, Inc.",91.63,USD,-2.1778584392014584,2117373,0.48284848940654673,18995304707.54991,USD,,-1.26,USD,46.36243667787664,0,Technology services,Information technology services,Strong buy,190.06745600424813,184.93626228131785
EVRG,"Evergy, Inc.",82.24,USD,0.8584743684081292,2135918,0.9993217825515835,18957391882.51361,USD,20.834494464570717,3.9473,USD,8.627332269249818,3.4093696345352,Utilities,Electric utilities,Buy,18.39031520919766,19.32492473524571
LUV,Southwest Airlines Company,38.67,USD,-2.3977788995456732,3631958,0.7833814234865083,18917680233.14841,USD,23.45911186605193,1.6484,USD,147.8796992481203,1.81726400807673,Transportation,Airlines,Buy,9.36806615933271,11.55537360731153
SSNC,"SS&C Technologies Holdings, Inc.",80.45,USD,-3.825463239689184,1985892,1.2678996821012372,18877994996.206814,USD,23.100557055073796,3.4826,USD,9.698554194097083,1.2910938433951,Technology services,Packaged software,Buy,10.779402377605212,11.321450384042736
U,Unity Software Inc.,42.75,USD,2.6164186269803253,10239404,1.1188651302333743,18813801613.016087,USD,,-1.3615,USD,-27.864387678437264,0,Technology services,Packaged software,Strong buy,77.56227661157176,
BBY,"Best Buy Co., Inc.",89.33,USD,-1.0413204829954554,3130520,0.5899334015519757,18734975361.833057,USD,14.866529090667022,6.0088,USD,65.59098299666547,4.23174919685388,Retail trade,Electronics/Appliance stores,Neutral,12.70108751906656,13.143189406115578
GFL,"GFL Environmental Inc. Subordinate voting shares, no par value",42.87,USD,-1.9666133089412292,6955256,3.2988696747804176,18692032212.181637,USD,,-0.395648,USD,87.87859681633327,0.149268817204301,Industrial services,Environmental services,Buy,60.14216859509203,72.3284403601774
GPC,Genuine Parts Company,134.06,USD,-2.9113557358053375,872282,0.8491368228777736,18481481243.2936,USD,537.099358974359,0.2496,USD,-95.70055465600991,3.0308516801854,Distribution services,Wholesale distributors,Buy,16.713780927538792,17.321680112525023
IREN,IREN Limited,46.93,USD,5.0358102059086844,50914797,1.1554961853052803,18468712516.94606,USD,,-1.9807,USD,-427.0100709922404,0,Technology services,Data processing services,Buy,,
TSCO,Tractor Supply Company,35.29,USD,0.8573878250928755,10074980,1.3047803400203446,18387506014.527863,USD,18.42627401837928,1.9152,USD,-5.799026117751223,2.71506144612746,Retail trade,Specialty stores,Buy,17.857739247657342,18.246674984268772
PAA,"Plains All American Pipeline, L.P.",25.965,USD,1.031128404669263,2924360,1.200122016536253,18320033867.385994,USD,7.191325541461254,3.6106,USD,299.22600619195043,6.35214007782101,Industrial services,Oil & gas pipelines,Buy,15.9914515175404,17.30330938703701
NTNX,"Nutanix, Inc.",67.49,USD,-0.8374963267705074,1681444,0.524144459585168,18243929594.031586,USD,13.077683260022864,5.1607,USD,702.472399315814,0,Technology services,Packaged software,Buy,28.937187566056235,29.009765059158596
CDW,CDW Corporation,144.48,USD,-5.184407402546269,2224192,1.3398924564060488,18062519322.355164,USD,17.366219529785084,8.3196,USD,3.423584694562535,1.6537603360021,Technology services,Information technology services,Buy,12.667509355308118,13.190868062834108
TSN,"Tyson Foods, Inc.",52.28,USD,1.6725009723842852,5277507,1.6480236483194959,18026175535.759624,USD,31.58149087833756,1.6554,USD,-26.43647513664845,3.94788020225593,Consumer non-durables,Food: meat/fish/dairy,Neutral,12.922259803664701,13.975246598412147
ITT,ITT Inc.,201.52,USD,-1.37522634953262,450754,0.7434288564277204,18015888468.467674,USD,39.571919489445264,5.0925,USD,-19.95190040554559,0.72138207801106,Producer manufacturing,Auto parts: OEM,Buy,22.78195581372292,24.386613501461238
SITM,SiTime Corporation,598.95,USD,-2.1467431260108785,315492,1.0546129539170923,18011047433.71269,USD,1213.923794081881,0.4934,USD,,0,Electronic technology,Semiconductors,Strong buy,42.75020234881653,53.23627582674883
ZBH,"Zimmer Biomet Holdings, Inc.",94.22,USD,-3.9257673090649483,3132393,2.3448833795201933,17971304733.588867,USD,22.929037282196045,4.1092,USD,0.06331271611552519,0.978892627714898,Health technology,Medical specialties,Neutral,10.766394269197567,11.04348380539089
MKSI,MKS Inc.,265.5,USD,1.9937766509162145,1752638,1.29984494311874,17952460341.460182,USD,42.33436976799809,6.2715,USD,59.397636294319476,0.372632630325381,Producer manufacturing,Industrial machinery,Buy,16.953037850290947,20.214669896344045
GEN,Gen Digital Inc.,29.81,USD,-2.7406199021207174,4186876,0.6895789900881654,17843879324.909954,USD,17.304231729262206,1.7227,USD,79.82254697286012,1.63132137030995,Technology services,Packaged software,Buy,9.887410881458866,10.178191764507849
ESS,"Essex Property Trust, Inc.",277.41,USD,-0.43070959405620346,541734,0.8925465752548961,17828707071.75751,USD,43.175309717985435,6.4252,USD,-48.34674534331261,3.70410250888339,Finance,Real estate investment trusts,Neutral,46.00377734775397,49.08584883342149
LNT,Alliant Energy Corporation,68.61,USD,0.9415918787700465,2045353,1.0144959596549286,17789523483.015003,USD,21.74092147791368,3.1558,USD,-2.475354615408382,3.10798881859644,Utilities,Electric utilities,Buy,19.67619312552069,20.034222575219584
DD,"DuPont de Nemours, Inc.",131.32,USD,-0.20518276464777738,1212078,0.9895736510150193,17733842162.452766,USD,311.9239904988124,0.421,USD,,1.82384679686906,Process industries,Chemicals: major diversified,Strong buy,17.211458070793718,18.104690385943414
EWBC,"East West Bancorp, Inc.",129.25,USD,-1.1623461038464558,655540,0.9203191255774983,17708782976.95381,USD,12.410700568443692,10.4144,USD,21.704783162520016,2.29410415232852,Finance,Regional banks,Strong buy,11.84825216967394,12.15390063572658
OVV,Ovintiv Inc. (DE),64.1,USD,-1.0191476219888986,5469105,2.0859480285862078,17659781411.294003,USD,17.921547795453908,3.5767,USD,58.28207284152764,1.85299567634342,Energy minerals,Integrated oil,Buy,9.086715618689091,8.826406073338484
NDSN,Nordson Corporation,316.8,USD,-0.49001130795326114,279395,0.7879748486562025,17645558819.660763,USD,32.05374668636299,9.8834,USD,24.235110742388816,1.03028018595301,Producer manufacturing,Industrial machinery,Buy,25.16068728386966,26.63783815781187
BEN,"Franklin Templeton, Inc.",34.65,USD,-0.23034840195795653,3978798,1.346624766989766,17604864502.19119,USD,23.622852467957454,1.4668,USD,181.2655800575264,3.77195508206162,Finance,Investment managers,Neutral,11.293594006214246,11.982177159860916
WCC,"WESCO International, Inc.",360.17,USD,2.4782336539008814,776535,1.7488581698286578,17552112588.974255,USD,24.89115260749976,14.4698,USD,13.292254210349114,0.542736015478291,Distribution services,Wholesale distributors,Buy,19.771596531854353,21.402517673403654
CHRW,"C.H. Robinson Worldwide, Inc.",150.1,USD,1.6662151178542455,1275483,1.0607901132877395,17539373651.828773,USD,28.64394488759971,5.2402,USD,19.290657439446353,1.70008127878624,Transportation,Air freight/Couriers,Buy,21.69388953517698,24.086335954801775
APG,APi Group Corporation,40.2,USD,0.3996003996004088,3773316,1.3459225226603808,17533644816.00899,USD,,-0.6686,USD,-299.9401913875598,0,Industrial services,Engineering & construction,Strong buy,21.79207863362583,23.328799112345
OWL,Blue Owl Capital Inc.,11.22,USD,-4.510638297872335,18063537,0.884195467793708,17493015127.5983,USD,141.8457648546144,0.0791,USD,42.266187050359726,7.74468085106383,Finance,Investment managers,Buy,12.110693029551385,12.670363883364898
FLUT,Flutter Entertainment plc,100.7,USD,0.5893517131155762,3184266,1.2340771230670518,17475388309.504543,USD,,-4.3,USD,-311.80179292680526,0,Consumer services,Casinos/Gaming,Buy,16.04892387742001,20.72601992291238
JHX,James Hardie Industries plc.,29.86,USD,-1.7439947351102374,12538836,1.9260725617966477,17334402157.541298,USD,120.20933977455717,0.2484,USD,-67.61408083441981,0,Non-energy minerals,Construction materials,Buy,21.00123714588545,22.00821659740884
NLY,Annaly Capital Management Inc.,22.72,USD,-0.39456378781236245,6706484,1.1155238154881117,17124391142.102589,USD,5.694092879877697,3.9901,USD,297.10390127388536,12.4945199473915,Finance,Real estate investment trusts,Buy,7.328646913081666,7.341925626810437
FUTU,Futu Holdings Limited,117.5,USD,-3.4907597535934287,730432,0.5380999157082489,17068678868,USD,11.612507906388362,10.1184,USD,40.132398969614705,2.09445585215606,Finance,Investment banks/Brokers,Strong buy,8.593198583168101,11.863282301808644
FTV,Fortive Corporation,56.51,USD,-0.7551808921671931,2206063,0.9101606717767594,17066983610.62399,USD,33.36285275711418,1.6938,USD,-23.54428094249345,0.421496311907271,Electronic technology,Electronic equipment/Instruments,Neutral,18.114385726466686,18.728124698621688
J,Jacobs Solutions Inc.,144.27,USD,-1.3403542364767693,815256,0.9693668074839201,16885160112.46817,USD,50.642375737152484,2.8488,USD,-28.810255641352413,0.957395883197702,Technology services,Data processing services,Buy,18.03423692439696,19.88301176015302
ASND,Ascendis Pharma A/S,270.09,USD,-0.1737137788291053,653372,1.255755311338415,16847362268.497707,USD,20.579696893501268,13.1241,USD,,0,Health technology,Pharmaceuticals: major,Strong buy,37.73980550665441,16.39061438058568
CNH,CNH Industrial N.V.,13.6,USD,-5.55555555555556,17423212,0.534805677223927,16833072503.5,USD,54.48717948717949,0.2496,USD,-62.02069385270846,0.694444444444445,Producer manufacturing,Trucks/Construction/Farm machinery,Buy,24.6764392623922,30.645470216433633
ROL,"Rollins, Inc.",34.95,USD,-2.537646402677068,5833971,1.328929650729629,16816032584.74484,USD,31.72657952069717,1.1016,USD,9.06930693069306,2.03569436698271,Commercial services,Miscellaneous commercial services,Buy,29.2817059295664,30.59177357010812
NWS,News Corporation,33.34,USD,-1.6519174041297793,1091927,0.8833279550812266,16794229828.21475,USD,32.45400564586781,1.0273,USD,26.23494716146475,0.589970501474926,Consumer services,Publishing: newspapers,Buy,24.839685681865767,25.236258766269405
NWSA,News Corporation,29.82,USD,-1.8756169792694974,3820486,0.9784490712254886,16756030180.817373,USD,29.0275479412051,1.0273,USD,26.23494716146475,0.658111220796315,Consumer services,Publishing: newspapers,Strong buy,22.21713938312049,22.571842723759854
CLH,"Clean Harbors, Inc.",317.13,USD,0.009460737937550525,405236,1.1567238735503702,16740419869.431597,USD,38.46284459861008,8.2451,USD,15.793834702619211,0,Industrial services,Environmental services,Buy,31.659128826389015,32.35680331556989
LSCC,Lattice Semiconductor Corporation,117.49,USD,1.3718723037100855,1006209,0.8257379443707735,16687135253.482313,USD,453.80455774430277,0.2589,USD,13.056768558951969,0,Electronic technology,Semiconductors,Strong buy,44.1691895372893,55.099919899001456
ZBRA,Zebra Technologies Corporation,352.54,USD,-2.8119314109279343,569381,1.0802811936386123,16678900091.56134,USD,32.25995369734903,10.9281,USD,3.257963017206364,0,Electronic technology,Computer processing hardware,Buy,16.971350892379956,16.688506010423147
INVH,Invitation Homes Inc.,28.22,USD,-0.5988023952095869,4622197,1.1997947405337712,16667387192.05988,USD,50.4108610217935,0.5598,USD,24.788230049041456,4.19161676646707,Finance,Real estate investment trusts,Buy,37.81179320620424,28.05132736853301
IEX,IDEX Corporation,225.66,USD,0.8581389112362509,366475,0.7256032669224106,16635633502.388573,USD,32.421482141317775,6.9602,USD,12.346456184526994,1.28720836685438,Producer manufacturing,Industrial machinery,Buy,24.683398713457418,25.556391731036133
AS,"Amer Sports, Inc.",28.69,USD,-2.8445648493057902,12167732,1.5663801283054237,16590618028.468338,USD,29.98536789297659,0.9568,USD,132.23300970873785,0,Consumer durables,Recreational products,Strong buy,20.431533354887687,22.124934546747312
MEDP,"Medpace Holdings, Inc.",590.89,USD,-0.06764870029934165,185218,0.9312903251757815,16492716335.007257,USD,34.657524604971435,17.0494,USD,26.790561393332286,0,Commercial services,Miscellaneous commercial services,Neutral,32.15471178437074,33.5688590246539
IONQ,"IonQ, Inc.",40.47,USD,2.403846153846143,40223072,2.353070703508439,16395938774.899038,USD,,-4.5466,USD,-125.36928720134827,0,Electronic technology,Computer processing hardware,Strong buy,,
CG,The Carlyle Group Inc.,45.95,USD,-2.17159889291036,2051483,0.7265687001456054,16373493720.362999,USD,47.601781829483066,0.9653,USD,-71.83825889080141,2.9806259314456,Finance,Investment managers,Buy,11.126110038317888,12.56365219217275
INIO,INNIO N.V.,21.82,USD,5.055368319691867,6739982,2.001242674066415,16365000360.339914,USD,,,,,0,Producer manufacturing,Electrical products,Buy,33.91405848076831,
WY,Weyerhaeuser Company,22.69,USD,-1.4335360556038153,6022384,1.288609964154235,16353500685.700262,USD,34.699495335678236,0.6539,USD,70.19781363872984,3.64900086880973,Finance,Real estate investment trusts,Buy,52.248841729070534,69.05324921558065
NVR,"NVR, Inc.",6116.86,USD,-2.8892575628884747,46452,1.3694010270802501,16300575854.238806,USD,15.863168546587225,385.6014,USD,-18.614432631103945,0,Consumer durables,Homebuilding,Neutral,15.79473458477765,16.939531790096236
LDOS,"Leidos Holdings, Inc.",129.24,USD,-2.8635851183765517,1594934,1.4759834597873183,16218613642.457724,USD,12.044734389561976,10.73,USD,1.4695591322603239,1.27019917324314,Technology services,Packaged software,Buy,10.674879705239844,10.435237578482289
JLL,Jones Lang LaSalle Incorporated,352.11,USD,-2.828678662103985,216478,0.7121267944787294,16199771251.858566,USD,16.871666850344276,20.8699,USD,79.38097366430587,0,Finance,Real estate development,Buy,13.46413683701955,14.079670920131347
BALL,Ball Corporation,61.02,USD,-2.6328386787936786,1827895,1.104503114841447,16152197251.028246,USD,17.357417152609873,3.5155,USD,64.14530513143762,1.2765278442636,Process industries,Containers/Packaging,Buy,14.494519660597355,15.168705235912892
RGA,"Reinsurance Group of America, Incorporated",247.14,USD,-2.4203419275871694,499161,1.828433259718981,16138654072.06546,USD,10.865159302034195,22.7461,USD,97.91092046532266,1.48853002724365,Finance,Life/Health insurance,Buy,8.684426413559596,8.361991045760465
VNOM,"Viper Energy, Inc.",44.89,USD,1.1263798152737103,1241872,1.1126818486041212,16124258325.811218,USD,351.5270164447925,0.1277,USD,-96.30860842920738,5.51926109484118,Miscellaneous,Investment trusts,Strong buy,18.75934258303903,17.121929190200262
TIGO,Millicom International Cellular S.A.,95.97,USD,1.2021512179689977,868477,1.0655175049470889,16078894007.764948,USD,24.195744251714398,3.9664,USD,-29.71239212489588,3.16355583676052,Communications,Wireless telecommunications,Neutral,26.3651093752318,23.625838794823736
WPC,W. P. Carey Inc. REIT,70.56,USD,0.2557544757033345,1307630,1.0917147961363733,16074758373.66752,USD,24.166038769778755,2.9198,USD,91.85228990078191,5.25717533390168,Finance,Real estate investment trusts,Buy,23.900172070399826,22.595707520085874
BURL,"Burlington Stores, Inc.",255.42,USD,-3.734971544868653,1729172,0.7786636578745417,16044256803.328234,USD,22.912760708679073,11.1475,USD,31.537027422476054,0,Retail trade,Apparel/Footwear retail,Buy,21.227641144657042,21.450582408254924
SGI,Somnigroup International Inc.,69.56,USD,-0.4436811220838732,3060203,0.6763610775335093,16015438095.923857,USD,27.733035643090663,2.5082,USD,75.6319585463203,0.94461142121082,Consumer durables,Home furnishings,Strong buy,20.03966447678499,22.52614746206809
KIM,Kimco Realty Corporation (HC),23.76,USD,0.6779661016949159,6121574,1.1789350663742144,15937955633.56271,USD,27.854630715123097,0.853,USD,2.91988416988417,4.36440677966102,Finance,Real estate investment trusts,Buy,27.778297386782395,28.36012585402652
NBIX,"Neurocrine Biosciences, Inc.",155.13,USD,-0.32767925983037194,820810,0.7998870348739872,15768836851.652277,USD,22.727006358229072,6.8258,USD,101.47584049115972,0,Health technology,Biotechnology,Strong buy,18.36355651413223,22.047828708851124
STZ,"Constellation Brands, Inc.",120.98,USD,-5.617100951786552,4548390,2.439313470436238,15672135155.269934,USD,11.541470302035831,10.4822,USD,,3.19862693087845,Consumer non-durables,Beverages: alcoholic,Buy,10.219858744961135,10.250771942947482
TLN,Talen Energy Corporation,325.77,USD,2.766561514195578,867507,1.2328155076281175,15609027519.332651,USD,,-4.3603,USD,-224.49463225216994,0,Utilities,Alternative power generation,Strong buy,12.164012877864975,15.828877670524852
JAZZ,Jazz Pharmaceuticals plc,240.07,USD,-2.7308455897248933,467906,0.3212299372027211,15584043378.370565,USD,16.555866653793636,14.5006,USD,,0,Health technology,Pharmaceuticals: major,Strong buy,9.511773846175911,9.593750790504364
RBC,RBC Bearings Incorporated,492.23,USD,0.7553117451999831,238173,0.9462698557430431,15583630211.387627,USD,48.6398086937618,10.1199,USD,27.276729006049464,0,Producer manufacturing,Metal fabrication,Buy,32.39547075476715,32.97164310083624
STRL,"Sterling Infrastructure, Inc.",502.2,USD,3.2292544553844844,723191,1.3540009522309935,15361553503.390818,USD,36.188074220861104,13.8775,USD,50.88175176132904,0,Industrial services,Engineering & construction,Strong buy,22.606347062795408,25.36491742007172
SOLV,Solventum Corporation,90.11,USD,-1.723197731486529,1105240,1.255307206351997,15338861586.227724,USD,11.01414200677154,8.1813,USD,276.8621309134461,0,Health services,Medical/Nursing services,Buy,13.366467418141697,12.58579318012308
ALB,Albemarle Corporation,129.57,USD,2.6053215077605256,4964580,2.4121505711595788,15289915255.026052,USD,,-0.0364,USD,99.60973099314884,1.28286347798543,Process industries,Chemicals: specialty,Buy,13.102437051269087,11.267979458309084
APA,APA Corporation,43.55,USD,1.8237082066869161,4372776,0.9883435262092725,15257808052.066866,USD,9.209914139491604,4.7286,USD,58.661879676542625,2.33808744447042,Energy minerals,Integrated oil,Neutral,9.496680305106205,7.356377912082584
PFGC,Performance Food Group Company,96.79,USD,-1.8655581466085263,1080425,0.8084105978351349,15247622060.156445,USD,42.301472837725626,2.2881,USD,5.204837004000183,0,Transportation,Other transportation,Buy,17.167209937294192,17.034225082672048
LAMR,Lamar Advertising Company,149.94,USD,-0.5439108516847926,347350,0.8061725406515434,15226359292.903156,USD,27.36780623140526,5.4787,USD,27.705647886995642,4.17882727513929,Finance,Real estate investment trusts,Neutral,24.670533044100925,25.336502001370743
PNFP,"Pinnacle Financial Partners, Inc.",100.71,USD,-0.2970002970003082,793128,0.8614967246683719,15218554334.926043,USD,13.828092818893312,7.283,USD,-3.4648215895233556,1.72260172260172,Finance,Regional banks,Buy,9.328602740928927,9.895936917553707
H,Hyatt Hotels Corporation,161.11,USD,-2.858004220681327,811637,1.25325923649789,15201814338.657524,USD,199.8139650254248,0.8063,USD,-80.90422508525957,0.361772686162195,Consumer services,Hotels/Resorts/Cruise lines,Buy,42.24981649612629,45.269414976193595
ARMK,Aramark,57.58,USD,1.4089468122578321,2196655,1.1292312274635565,15179528930.880238,USD,40.15901799414144,1.4338,USD,6.0659860926172575,0.845368087354702,Consumer services,Restaurants,Buy,21.709590677318115,25.307798740148066
AKAM,"Akamai Technologies, Inc.",105.61,USD,0.3706519673065962,3767490,1.3883668296375962,15177911756.019388,USD,38.097471231196565,2.7721,USD,-1.7160078000354546,0,Technology services,Data processing services,Buy,15.355544615119765,15.725527380673013
SMTC,Semtech Corporation,162.62,USD,9.963823241031893,4860455,1.2346705612896598,15176612176.27873,USD,108.09625099707524,1.5044,USD,537.1876323591698,0,Electronic technology,Semiconductors,Strong buy,32.92597345431972,46.80766918128603
RBA,"RB Global, Inc.",81.88,USD,-1.9870720612880186,1145510,0.6976607223000203,15158920617.19654,USD,36.10891592108606,2.267584,USD,8.982224948666111,1.50729844290657,Technology services,Internet software/Services,Buy,17.576586304086966,18.565500655753585
HST,"Host Hotels & Resorts, Inc.",22.07,USD,0.09070294784580306,12442813,1.789018404923853,15120694756.318819,USD,14.805125109009191,1.4907,USD,57.82953943885653,3.6281179138322,Finance,Real estate investment trusts,Buy,22.124536983664733,15.989439869708164
LECO,"Lincoln Electric Holdings, Inc.",277.05,USD,0.2206627116191628,304839,0.6887816834626103,15100819937.683767,USD,27.69502978927586,10.0036,USD,12.502389815450027,1.12863550860946,Producer manufacturing,Industrial machinery,Buy,23.112956996051405,24.691672707756297
CRBG,Corebridge Financial Inc.,33.75,USD,-2.0887728459529997,3108379,1.0742918772319814,15044823149.80418,USD,19.18594735944517,1.7591,USD,,2.84305192921381,Finance,Life/Health insurance,Strong buy,6.531719092340704,7.393447280777716
BMNR,"BitMine Immersion Technologies, Inc.",24.77,USD,-0.800961153384058,29960554,0.6050200065572374,14941917006.44093,USD,,-8.5291,USD,-196.1904431170996,0.0400480576692031,Finance,Financial conglomerates,Strong buy,61.925,
FN,Fabrinet,416.31,USD,2.187039764359358,817493,0.9178672960240006,14918411073.44772,USD,31.916557418523887,13.0437,USD,42.246286723810755,0,Electronic technology,Semiconductors,Buy,22.865255861724275,22.87153680069882
DOCN,"DigitalOcean Holdings, Inc.",126.69,USD,12.643371565750867,4377500,2.324757619788082,14896152599.811949,USD,57.757009345794394,2.1935,USD,72.28243795161794,0,Technology services,Packaged software,Buy,93.45539310426226,86.71226435433962
UNM,Unum Group,94.07,USD,-1.8570683359415765,1195526,0.894234515624529,14891919800.56505,USD,21.951276426937973,4.2854,USD,-48.71469602680708,1.96661450182577,Finance,Multi-line insurance,Buy,10.533903278678793,10.85506076387687
TRU,TransUnion,77.65,USD,-2.7916875312969327,2868349,1.4929256788875456,14877739962.08876,USD,20.482181952467624,3.7911,USD,90.78556690654723,0.613420130195293,Commercial services,Financial publishing/Services,Buy,15.03642629943576,16.015120418649477
WSE,Wise Group plc,12.41,USD,-2.895148669796551,2379985,2.1057408874815926,14865645151.009392,USD,,,,,0,Commercial services,Miscellaneous commercial services,Strong buy,22.016506170298825,21.331490677571338
MAA,"Mid-America Apartment Communities, Inc.",127.89,USD,-0.33509975062343567,976541,1.304153658508247,14838048002.752182,USD,37.36305471968214,3.4229,USD,-29.495973140538425,4.75763715710723,Finance,Real estate investment trusts,Neutral,40.54242974975535,34.69196873735231
ULS,UL Solutions Inc.,73.19,USD,-0.8668562914804288,355211,0.7521129760667361,14776927663.939049,USD,29.59563283461383,2.473,USD,52.38153921991496,0.765271569822565,Commercial services,Miscellaneous commercial services,Buy,30.1418425112409,31.594437755849548
BWXT,"BWX Technologies, Inc.",160.41,USD,1.7894536455358798,980249,0.7709522057906926,14697081271.094421,USD,41.52579668124984,3.8629,USD,20.519780356919995,0.672631512151786,Electronic technology,Aerospace & defense,Buy,32.013190847592185,33.82701386821108
WMG,Warner Music Group Corp.,28.03,USD,-2.6059763724808893,1544431,1.1560955117536262,14662766906.08235,USD,22.16686437327007,1.2645,USD,123.7261146496815,2.67546907574705,Commercial services,Commercial printing/Forms,Strong buy,16.91667496507126,18.8000308527085
BBIO,"BridgeBio Pharma, Inc.",74.76,USD,-0.10689470871191648,2094552,1.3950540450967248,14615055682.067879,USD,,-3.5686,USD,12.833414753297514,0,Health technology,Biotechnology,Strong buy,,
DT,"Dynatrace, Inc.",50.29,USD,-3.1021194605009623,4933668,0.7757035317561048,14533917857.999807,USD,99.94038155802862,0.5032,USD,-69.03194042710321,0,Technology services,Packaged software,Buy,24.60243030330604,25.340527510269236
DOC,"Healthpeak Properties, Inc.",20.51,USD,-0.6779661016949008,3581875,0.848337715182911,14490873048.79322,USD,58.63350485991996,0.3498,USD,49.04132935662548,5.90818401937046,Finance,Real estate investment trusts,Buy,103.61725775487523,45.75479800740197
PTC,PTC Inc.,133.255,USD,-5.506311161537381,1948961,1.5454413247068124,14459001594.84644,USD,12.882347254447023,10.344,USD,143.8529904052429,0,Technology services,Packaged software,Buy,15.811262963414286,16.270441837337096
SUI,"Sun Communities, Inc.",117.65,USD,-1.4986604152712593,978848,0.7358735261731618,14329882851.999752,USD,,-6.7903,USD,-166.36077557562254,3.61687876758205,Finance,Real estate investment trusts,Buy,39.71643176639379,
EXEL,"Exelixis, Inc.",57.67,USD,-2.2708015590577806,2538923,1.2400480561278695,14289569800.483479,USD,18.11357497330234,3.1838,USD,52.70023980815349,0,Health technology,Pharmaceuticals: major,Buy,15.553202632852184,16.416836779863228
IVZ,Invesco Ltd,32.34,USD,-2.2074387662533925,2405868,0.7220113205942461,14278102959.913517,USD,,-0.6985,USD,-175.02685284640174,2.57030541276081,Finance,Investment managers,Neutral,10.65222303396656,11.502834271332441
OHI,"Omega Healthcare Investors, Inc.",47.03,USD,1.4014661492022393,2266034,1.5942412872608736,14250701740.849075,USD,16.798228381612315,2.7997,USD,74.66467028510824,5.79991375592928,Finance,Real estate investment trusts,Buy,24.225609812633994,17.719413853997004
TYL,"Tyler Technologies, Inc.",347.82,USD,-4.452929703595852,773782,0.6195211673722043,14244020007.441807,USD,46.093294460641395,7.546,USD,7.9048218269175825,0,Technology services,Data processing services,Buy,24.19477861068047,26.589895243518626
PAG,"Penske Automotive Group, Inc.",216.86,USD,-1.3241115711880587,469692,1.8216929039644698,14239650766.851437,USD,15.969424950477551,13.5797,USD,-5.429234015585708,2.56631933384902,Retail trade,Specialty stores,Neutral,15.46808283149084,15.941553615621695
EQH,"Equitable Holdings, Inc.",52.04,USD,-1.7371601208459246,3014898,1.353908346958947,14208749285.592901,USD,,-3.3102,USD,-366.9731429954029,2.15256797583082,Finance,Life/Health insurance,Strong buy,6.386979006795309,7.241466160339196
RVTY,"Revvity, Inc.",127.08,USD,-2.4113039471663344,1496187,0.8807106965015256,14180399242.598372,USD,60.3533434650456,2.1056,USD,-10.658520027155461,0.215020734142221,Health technology,Medical specialties,Buy,22.536837834080067,23.72747682145914
EG,"Everest Group, Ltd.",369.83,USD,-2.8986268280515715,534915,1.8127353541597195,14180293610.815998,USD,7.82694086250209,47.2509,USD,146.14074294019287,2.10045422322577,Finance,Property/Casualty insurance,Neutral,6.734793648858133,6.9071521531337465
SWK,"Stanley Black & Decker, Inc.",93.81,USD,-3.6462612982744425,1994017,1.4006057111493797,14166871775.589256,USD,22.87435078393602,4.1011,USD,30.0409043345911,3.41002465078061,Consumer durables,Tools & hardware,Neutral,16.074451389306557,16.763106798198354
CPT,Camden Property Trust,104.71,USD,-0.9272400416311893,1278019,1.515755558517969,14160912918.571009,USD,34.654972695680954,3.0215,USD,110.85136078157711,3.99280915886082,Finance,Real estate investment trusts,Neutral,116.2639639449581,97.32769438118696
MLI,"Mueller Industries, Inc.",63.58,USD,-0.2510197678067206,1511565,1.1824952541852587,14062713558.631,USD,16.571964760464997,3.8366,USD,21.80455901962029,0.94132412927518,Producer manufacturing,Metal fabrication,Strong buy,14.977620730270907,15.26530612244898
FIVE,"Five Below, Inc.",254.07,USD,0.7414750198255372,1108612,0.7221432008927746,13987578550.552816,USD,22.795338112455923,11.1457,USD,125.47996196718655,0,Retail trade,Discount stores,Buy,25.035458770569488,24.79377312980326
MAS,Masco Corporation,70.93,USD,-2.4346629986244785,1926951,1.090647384451263,13986504458.68267,USD,16.348968537512967,4.3385,USD,15.220162532533058,0,Producer manufacturing,Building products,Buy,16.196652433037247,15.658126993966336
MKC,"McCormick & Company, Incorporated",51.9,USD,-0.34562211981566765,2715915,1.1334764079075224,13955018515.852533,USD,8.637763168844138,6.0085,USD,108.65020661874499,3.62903225806452,Consumer non-durables,Food: specialty/candy,Buy,16.77639202840156,16.817156999663656
REG,Regency Centers Corporation,75.93,USD,0.8902471432367813,1324758,1.2947852746345399,13904343333.250732,USD,25.622595667139098,2.9634,USD,38.2053912881261,3.9463194259899,Finance,Real estate investment trusts,Buy,30.082831787723688,30.3166418120512
LOGI,Logitech International S.A. - Registered Shares,98.51,USD,-3.4688878000979835,596215,0.8069051041486357,13901906638.88634,USD,18.428553418794106,5.3455091,USD,16.328958034319864,1.56172533465543,Electronic technology,Computer peripherals,Neutral,18.585684325236457,17.672132870902658
AIZ,"Assurant, Inc.",281.01,USD,-1.6553510184083495,269667,1.0323568831640155,13860470673.457443,USD,13.335263160392355,21.0727,USD,52.56584758401992,1.2318891299783,Finance,Property/Casualty insurance,Buy,12.640629875016057,12.711289394548002
CACI,"CACI International, Inc.",625.31,USD,0.2726062763586106,179906,0.6776549325908381,13819099257.60013,USD,25.883750579508575,24.1584,USD,8.109656227904525,0,Technology services,Information technology services,Buy,19.007188906642085,19.024735198206244
ONTO,Onto Innovation Inc.,281.11,USD,4.88787731801053,1324238,1.633201709916328,13795261641.854149,USD,105.20583832335329,2.672,USD,-33.86629705714922,0,Electronic technology,Electronic equipment/Instruments,Strong buy,27.339288437419277,34.681581724900084
SMMT,Summit Therapeutics Inc.,17.28,USD,-1.846066458392498,7355093,1.0997439116823653,13785113313.754047,USD,,-1.1192,USD,-11.097875719674398,0,Health technology,Biotechnology,Buy,,
JBS,JBS N.V.,12.87,USD,-1.2279355333844986,5976514,1.1895634892421836,13782857209.818882,USD,12.012320328542096,1.0714,USD,-18.413036856533658,0.00767459708365311,Consumer non-durables,Food: meat/fish/dairy,Strong buy,12.074745205988398,15.785542307583805
QXO,"QXO, Inc.",13.25,USD,-0.7490636704119823,14277067,1.207714019061118,13746752467.771536,USD,,-0.8937,USD,-307.70985401459853,0,Distribution services,Wholesale distributors,Strong buy,28.14800967016906,49.02903999289542
HL,Hecla Mining Company,20.46,USD,-1.0638297872340372,25527992,0.8936575189721734,13744382334.6383,USD,26.23413258110014,0.7799,USD,398.3386581469649,0.0725338491295938,Non-energy minerals,Precious metals,Buy,24.819313938846957,27.625913268674836
TRMB,Trimble Inc.,58.78,USD,-1.1602488649739326,2710923,0.5463739440711232,13706311282.032959,USD,,-0.4901,USD,-141.84954316454613,0,Technology services,Packaged software,Strong buy,15.23565630868404,16.019788445039428
HTHT,H World Group Limited,44.18,USD,-3.4738911951059723,1912203,1.266499672480334,13700310860.741919,USD,19.96926414753209,2.2124,USD,34.828447803034926,4.52261306532663,Consumer services,Hotels/Resorts/Cruise lines,Strong buy,16.277729547459142,16.526815126703045
W,Wayfair Inc.,99.97,USD,0.5430956451775039,2789784,1.3641172421926846,13692706968.471687,USD,,-2.463,USD,-2.663498812054533,0,Retail trade,Specialty stores,Buy,29.82244651454445,35.23870991847898
TXT,Textron Inc.,79.54,USD,0.5944100164411447,1460655,0.9421018128230411,13679839819.598333,USD,15.010945874537633,5.2988,USD,19.88235294117647,0.101176173011256,Electronic technology,Aerospace & defense,Buy,11.921870231776506,12.300636589646185
IESC,"IES Holdings, Inc.",342.8,USD,6.271506959729677,265495,0.9853541329239923,13660137791.506962,USD,30.46379979915931,11.2527,USD,82.836948574214,0,Industrial services,Engineering & construction,Neutral,27.314741035856574,29.628349178910977
AA,Alcoa Corporation,51.74,USD,3.5421252751651053,3498691,0.9854073878733717,13654673922.592356,USD,10.613333333333333,4.875,USD,25.044887908479964,0.800480288172904,Non-energy minerals,Aluminum,Buy,8.655350918940982,7.876433464460068
TTMI,"TTM Technologies, Inc.",129.35,USD,2.9856687898089174,1960765,0.9122819734879836,13626876081.155254,USD,58.38147680086659,2.2156,USD,148.6365166647963,0,Electronic technology,Electronic components,Strong buy,20.617866532986596,26.727525942333838
CHKP,Check Point Software Technologies Ltd.,132.9,USD,-3.028091937249183,1108940,1.2642832403063904,13569174256.951475,USD,13.612479642736426,9.7631,USD,27.25293918302442,0,Technology services,Internet software/Services,Buy,12.332131298503832,12.725071713774168
CSL,Carlisle Companies Incorporated,341.48,USD,-3.0272050888850934,361890,0.47117995496389886,13561583116.633724,USD,19.46298396703353,17.5451,USD,-2.518557205084889,1.29209973306071,Producer manufacturing,Building products,Buy,15.115487762200464,16.219471468848695
BWA,BorgWarner Inc.,66.26,USD,-1.8951732306781182,1436308,0.873662308983617,13494933632.249037,USD,33.653308954238405,1.9689,USD,110.21780909673289,1.00681077879775,Producer manufacturing,Trucks/Construction/Farm machinery,Buy,12.13986457803344,12.686295259066748
RNR,RenaissanceRe Holdings Ltd.,323.1,USD,-2.2035232156910145,257006,1.1419819188936275,13425417518.893396,USD,5.5513270094137175,58.2023,USD,48.472225056631494,0.490344451843332,Finance,Property/Casualty insurance,Neutral,8.061130262775384,7.48375445067401
CRL,"Charles River Laboratories International, Inc.",280.76,USD,-2.682842287694977,729160,0.8843043973757083,13403165850.642078,USD,,-4.8522,USD,-266.286706424096,0,Commercial services,Miscellaneous commercial services,Buy,22.79492620471461,24.80280813443058
DTM,"DT Midstream, Inc.",131.14,USD,1.2507720815317913,582361,0.5833472652213096,13378286481.487797,USD,28.76255647672939,4.5594,USD,22.56781096266029,2.62507720815318,Industrial services,Oil & gas pipelines,Buy,27.225165237072144,27.788384480714893
SJM,The J.M. Smucker Company,124.66,USD,-1.1262690355329963,1268311,0.7947389900655042,13316577955.563927,USD,58.451727856707464,2.1327,USD,,3.50571065989848,Consumer non-durables,Food: specialty/candy,Buy,12.32191492007361,11.552832895306182
LII,"Lennox International, Inc.",385.18,USD,-1.3699331677463873,501395,1.0329926387724282,13312081361.89686,USD,17.41225611630472,22.1212,USD,-5.415644053737405,1.34688756305534,Producer manufacturing,Industrial machinery,Buy,15.529895492326679,16.31493284396159
QNT,Quantinuum Inc.,50.47,USD,1.6515609264853983,2903351,2.4001142458451548,13289162287.298088,USD,,,,,0,Electronic technology,Computer processing hardware,Strong buy,,
ALLE,Allegion plc,156.05,USD,-0.6810081466395068,769988,0.4489345596550916,13269990501.662106,USD,20.472285995408335,7.6225,USD,5.885703172751004,1.34928716904277,Consumer durables,Tools & hardware,Buy,16.625195123645426,17.435576912011285
GRAB,Grab Holdings Limited,3.25,USD,-4.970760233918127,54654825,1.688131700874225,13255180837.280703,USD,23.465703971119133,0.1385,USD,422.64150943396237,0,Transportation,Air freight/Couriers,Strong buy,20.308692120227455,21.618673212135725
COO,"The Cooper Companies, Inc.",67.69,USD,-2.7302773386980967,2925389,1.849157860104051,13201622270.161373,USD,57.17060810810811,1.184,USD,-42.568878540939075,0,Health technology,Medical specialties,Buy,14.286088148688439,14.618108659906646
LI,Li Auto Inc.,12.46,USD,0.7275666936135945,3627109,1.2426559765605194,13187526145.60192,USD,,-0.6604,USD,-162.69223466869187,0,Consumer durables,Motor vehicles,Buy,134.95128413522605,
GL,Globe Life Inc.,170.68,USD,-2.060021805244737,370888,0.9077838929597845,13116663001.15935,USD,11.332505593880926,15.0611,USD,20.325157785411843,0.688586675847822,Finance,Multi-line insurance,Buy,10.27245477483776,10.848603191490241
RPM,RPM International Inc.,102.27,USD,-3.079984836997726,1049445,0.47953401929559597,13048026931.444561,USD,19.80479869865799,5.1639,USD,-3.4911320014203726,2.0470053070508,Process industries,Industrial specialties,Strong buy,17.040668830005707,17.041654155234188
AUR,"Aurora Innovation, Inc.",6.51,USD,2.6813880126182954,25203184,0.8255110728008817,13046991543.288645,USD,,-0.4639,USD,1.1927582534611276,0,Technology services,Packaged software,Buy,,
WSO,"Watsco, Inc.",316.02,USD,0.2824231269634711,402575,0.720910588463246,13038875690.591118,USD,27.48430189073072,11.4982,USD,-11.972806822792649,3.99834988734808,Producer manufacturing,Building products,Neutral,25.443821664912548,26.165515056679943
SEIC,SEI Investments Company,108.6,USD,-1.6215236887399276,859413,1.250100549096251,13034082908.451853,USD,19.170005825139892,5.6651,USD,6.380861172140525,0.942114321949452,Finance,Investment managers,Buy,16.453358818364006,17.11865323172903
NXT,Nextpower Inc.,85.45,USD,1.124260355029589,1502428,0.794287789993038,12965287715.574556,USD,22.147059585827957,3.8583,USD,5.139384690846653,0,Electronic technology,Electronic equipment/Instruments,Strong buy,17.849186593036247,18.308743480255373
AVY,Avery Dennison Corporation,170.7,USD,-2.4905746601165393,932569,0.659892227228698,12937035205.081686,USD,18.683303234280086,9.1365,USD,2.413352463794099,2.18210899120302,Process industries,Pulp & paper,Buy,16.308594141861263,16.780412039232935
CNA,CNA Financial Corporation,47.77,USD,-1.4441922838869314,398807,1.0781994493384923,12926607809.724987,USD,10.511376138714079,4.5446,USD,41.211198458813655,3.91995048483598,Finance,Multi-line insurance,Sell,10.295258620689655,11.373809523809523
ALLY,Ally Financial Inc.,42.28,USD,-3.3158015092613673,2126867,0.7032994744169317,12861562188.662249,USD,9.958076216496302,4.2458,USD,175.80875665843834,2.74411159387148,Finance,Finance/Rental/Leasing,Strong buy,7.055566087358189,8.085266285032409
BAX,Baxter International Inc.,24.86,USD,-3.7553232675183854,5908322,1.360826707380531,12852519817.95354,USD,,-1.9279,USD,-626.1393596986817,0.154858691444057,Health technology,Medical specialties,Neutral,11.800787890094124,12.105134505281754
JEF,Jefferies Financial Group Inc.,55.72,USD,0.8871989860583053,1700994,1.2197593974869283,12846372491.361217,USD,15.527379127769263,3.5885,USD,36.0156161164386,2.8969762810067,Finance,Investment banks/Brokers,Neutral,13.827428138071781,15.714787327202911
HAS,"Hasbro, Inc.",90.31,USD,-2.399221873986814,2168263,1.677422893550101,12737725385.80482,USD,16.232587400017973,5.5635,USD,,3.02604560683022,Consumer durables,Recreational products,Strong buy,14.750606782241125,14.700005778432125
AGNC,AGNC Investment Corp.,10.68,USD,0.2816901408450644,37543618,2.388952674056753,12660941382.084507,USD,5.601888276947285,1.9065,USD,487.157376039421,13.5211267605634,Finance,Real estate investment trusts,Neutral,7.074440602519771,6.767919302067828
AMKR,"Amkor Technology, Inc.",50.72,USD,6.175423906217282,6114038,1.352789065762022,12601509342.211428,USD,22.75970383666143,2.2285,USD,81.84414524683802,0.697613564998953,Electronic technology,Semiconductors,Buy,18.57383557394873,20.092667127255673
PEN,"Penumbra, Inc.",319.26,USD,-0.9032498370425629,380769,1.2795095799654423,12575467829.216127,USD,78.40180742123229,4.0721,USD,7.97030359273498,0,Health technology,Medical specialties,Neutral,57.5898937907863,67.81213366929998
TOL,"Toll Brothers, Inc.",136.4,USD,-3.760671699710707,858620,1.2004017463439185,12568850853.894026,USD,10.952656260037259,12.4536,USD,-8.472483537158991,0.719678261483102,Consumer durables,Homebuilding,Buy,9.982578059332667,10.68670878984932
COKE,"Coca-Cola Consolidated, Inc.",188.28,USD,-0.5545872286483977,471565,1.084251140950924,12532726110.636032,USD,25.76389934180818,7.3079,USD,21.71313413943573,0.528178312998468,Consumer non-durables,Beverages: non-alcoholic,No rating,,
BMRN,BioMarin Pharmaceutical Inc.,64.63,USD,-2.855854501728552,1457634,0.7994908301209921,12510671942.877796,USD,174.25181989754648,0.3709,USD,-89.01492714133396,0,Health technology,Biotechnology,Buy,10.458634506567837,12.840609943873243
GGG,Graco Inc.,77.03,USD,-1.091422701592186,1312669,0.3630534358576713,12475302845.991528,USD,24.201960537891168,3.1828,USD,12.853242562847916,1.48947098099641,Producer manufacturing,Industrial machinery,Buy,22.88019575443606,23.48475609756098
GWRE,"Guidewire Software, Inc.",149.71,USD,-7.825390961704212,2842703,1.6567518291885828,12464311093.339554,USD,91.89172600049105,1.6292,USD,103.98146988856894,0,Technology services,Information technology services,Buy,35.45112629727182,35.735981963724555
BTSG,"BrightSpring Health Services, Inc.",62.56,USD,3.013337724353706,3211086,1.5225369499295058,12378385966.219004,USD,46.72492344461872,1.3389,USD,352.94316644113667,0,Health services,Medical/Nursing services,Strong buy,30.477511873611864,34.40937809559273
MDGL,"Madrigal Pharmaceuticals, Inc.",534.16,USD,-1.2789236342130688,199463,1.0000371009888918,12341301339.997042,USD,,-12.884,USD,-0.28488254432803495,0,Health technology,Pharmaceuticals: major,Strong buy,,
CORT,Corcept Therapeutics Incorporated,113.98,USD,2.114316430747177,1045845,1.2360176935091653,12321055513.547392,USD,272.2235490804872,0.4187,USD,-62.739165257631036,0,Health technology,Pharmaceuticals: major,Buy,28.56765468778471,55.30915478605189
CCK,"Crown Holdings, Inc.",113.23,USD,-1.67592914206321,895117,1.2659603295648947,12314952449.369226,USD,16.293024058938645,6.9496,USD,45.86822828117456,1.13754775963876,Process industries,Containers/Packaging,Buy,13.356237379370105,13.46958915790265
CSGP,"CoStar Group, Inc.",30.34,USD,-1.8440634098997095,6128486,0.7887357695673938,12293695163.38725,USD,166.97853604843147,0.1817,USD,-28.717143978030606,0,Technology services,Internet software/Services,Buy,19.544989551096556,22.204641311610743
HALO,"Halozyme Therapeutics, Inc.",108.31,USD,-1.706143933206276,1625633,1.0624488425843022,12292968771.209547,USD,32.3603226770242,3.347,USD,-23.547819730921223,0,Health technology,Biotechnology,Buy,11.334167917094712,12.871282304619081
HUT,Hut 8 Corp.,99.49,USD,6.3552301031589,5644997,1.276737891112857,12263084239.401783,USD,,-5.3526,USD,-479.26734216679654,0,Technology services,Data processing services,Strong buy,,
CHYM,"Chime Financial, Inc.",32.31,USD,-4.295023696682452,5989652,1.0566224661748707,12232083824.930687,USD,,-0.0597,USD,97.70790140520617,0,Technology services,Packaged software,Strong buy,50.38753645337867,77.84791827293755
ICLR,ICON plc,158.34,USD,-3.9490445859872563,949587,1.7058540012578511,12216598531.0879,USD,287.42058449809406,0.5509,USD,-94.52907761976643,0,Commercial services,Miscellaneous commercial services,Buy,14.213648351969937,14.942145191524444
SF,Stifel Financial Corporation,80.76,USD,-0.8958154374769786,1749871,1.825310156096385,12194900162.057186,USD,14.448261056247318,5.5896,USD,62.1301775147929,1.58711498343355,Finance,Investment managers,Buy,11.47830995956582,12.379174292520073
BF.B,Brown Forman Inc,26.39,USD,-1.2719790497568269,3219772,1.4297561675700525,12175962213.576881,USD,17.01044218125564,1.5514,USD,-13.06248248809191,3.43995510662177,Consumer non-durables,Beverages: alcoholic,Neutral,15.468099023968225,15.461003295496157
BF.A,Brown Forman Inc,26.78,USD,-1.2900847769996235,229229,1.6098039546165752,12173729264.423887,USD,17.26182802629883,1.5514,USD,-13.06248248809191,3.38923700700332,Consumer non-durables,Beverages: alcoholic,Neutral,15.690998651792833,15.680846180150555
DOCU,"DocuSign, Inc.",65.08,USD,-4.867709399210639,4133919,1.0234024594917537,12163612133.3308,USD,39.586374695863746,1.644,USD,24.01931200965601,0,Technology services,Packaged software,Neutral,13.328489092470797,14.111663415577645
FIG,FIGMA INC,22.75,USD,-5.679933665008296,19428484,1.2989720678687573,12125969207.379768,USD,,-3.0645,USD,-1737.8941742383752,0,Technology services,Packaged software,Buy,81.21635322509245,79.41522468399722
MANH,"Manhattan Associates, Inc.",207.92,USD,-2.736586050428041,641457,1.0967489770826504,12122770353.61145,USD,59.52135577693805,3.4932,USD,-2.647567025249434,0,Technology services,Packaged software,Buy,35.67850768017972,37.8211303555681
PSKY,Paramount Skydance Corporation,10.8,USD,-0.5524861878452921,14294683,1.4509640273629363,12117015204.86188,USD,,-0.5643,USD,-2130.4347826086955,1.84162062615101,Consumer services,Cable/Satellite TV,Neutral,15.496579273612197,21.53114340339594
GLPI,"Gaming and Leisure Properties, Inc.",41.62,USD,-0.7156488549618422,3419118,0.6683895756875515,12108091699.632154,USD,12.205278592375365,3.41,USD,30.98256126603672,7.5381679389313,Finance,Real estate investment trusts,Buy,12.7769516317782,12.925710704457444
WTS,"Watts Water Technologies, Inc.",360.98,USD,-0.5920744636906831,159298,0.8029044032777862,12050613780.170187,USD,31.50820044166296,11.4567,USD,23.210195192773014,0.603089802550051,Producer manufacturing,Industrial machinery,Buy,27.08199697655139,28.07407767462208
ARWR,"Arrowhead Pharmaceuticals, Inc.",85.11,USD,-1.4246004169562243,1568097,1.3440379447811142,12022167502.250866,USD,,-2.2431,USD,-77.55877463785323,0,Health technology,Biotechnology,Strong buy,,
AR,Antero Resources Corporation,39.08,USD,-0.8373509261608686,3005806,0.943774535482875,12014715891.925909,USD,11.219568213137345,3.4832,USD,142.66406576564023,0,Energy minerals,Oil & gas production,Buy,9.027899860538815,9.184320475441343
TXRH,"Texas Roadhouse, Inc.",182.84,USD,-3.5425074516631074,814690,1.2588759414837243,12001787209.890322,USD,29.27688464740921,6.2452,USD,-4.7523182040019565,1.5087969191,Consumer services,Restaurants,Buy,25.394902963525734,27.705448233057915
ELS,"Equity Lifestyle Properties, Inc.",61.83,USD,-0.9452098686318543,1318809,0.9989130797034488,11999015162.982697,USD,30.04519170027698,2.0579,USD,11.382333838493189,3.38833707145146,Finance,Real estate investment trusts,Buy,29.219039301805317,29.93665514164352
HUBS,"HubSpot, Inc.",240.42,USD,-2.8998384491114733,1960087,1.7592676529736497,11988831977.80929,USD,85.10141233938621,2.8251,USD,,0,Technology services,Packaged software,Buy,15.984473213807254,18.094948580074888
AIT,"Applied Industrial Technologies, Inc.",326.66,USD,0.33479743219585095,365340,1.3449096528024473,11988048686.32589,USD,29.81154460415241,10.9575,USD,8.195507282152557,0.611235678963049,Distribution services,Wholesale distributors,Buy,27.153782211138818,27.148140452939955
AHR,"American Healthcare REIT, Inc.",54.6,USD,-0.21929824561403044,2325474,0.8880340550643023,11986985166.655703,USD,80.98487095817265,0.6742,USD,,1.82748538011696,Finance,Real estate investment trusts,Strong buy,79.06122756311866,91.42727010897596
NVMI,Nova Ltd.,377.11,USD,1.3464122547702204,727331,1.4701218008578207,11985676894.012362,USD,47.0211970074813,8.02,USD,9.600273317389815,0,Electronic technology,Electronic equipment/Instruments,Buy,30.303473484721867,35.331550781597315
ELAN,Elanco Animal Health Incorporated,23.97,USD,-2.1632653061224536,3911129,0.8257008139376572,11975935904.952246,USD,,-0.4045,USD,-146.3504067835453,0,Health technology,Biotechnology,Strong buy,20.0654785871961,21.14039977139793
FNF,"Fidelity National Financial, Inc.",44.65,USD,-2.4683267802533915,3256724,1.7922972456325168,11974808649.717125,USD,15.541246084232508,2.873,USD,-27.175483511191096,4.49978156400175,Finance,Specialty insurance,Buy,8.282626592481044,8.69902352730305
LULU,lululemon athletica inc.,103.19,USD,2.564357419739587,11221872,1.2127668652491492,11952091493.862438,USD,8.45791941247828,12.2004,USD,-16.471659489398405,0,Consumer non-durables,Apparel/Footwear,Neutral,12.136765908848995,10.400130377058394
WTRG,"Essential Utilities, Inc.",41.94,USD,0.5755395683453114,2602361,1.0613151557414835,11901674491.040287,USD,21.422004290530186,1.9578,USD,-16.251015955854044,3.3294964028777,Utilities,Water utilities,Neutral,18.27656442423593,18.76261577884987
EHC,Encompass Health Corporation,120.47,USD,-1.0838328269972963,805158,0.9674507688222367,11884772940.638393,USD,19.616367869994953,6.1413,USD,20.07625378824911,0.62402496099844,Health services,Medical/Nursing services,Strong buy,18.85727157022514,19.706691408949098
PNW,Pinnacle West Capital Corporation,98.04,USD,0.5332239540607161,988238,1.1310228484840161,11882176521.087368,USD,18.8014191197622,5.2145,USD,7.42686444169757,3.73256767842494,Utilities,Electric utilities,Neutral,19.7944998183889,20.788658603533946
DKNG,DraftKings Inc.,23.87,USD,-0.5830903790087487,7977046,0.8302216419851394,11850358788.393587,USD,,-0.3725,USD,42.920625191541525,0,Consumer services,Movies/Entertainment,Buy,40.73059111400812,194.28301671794372
DKS,Dick's Sporting Goods Inc,132.37,USD,-4.872439813151276,3520262,0.4086548133551176,11771255736.409632,USD,14.21483875817485,9.3121,USD,-34.9976964637228,3.53934602946461,Retail trade,Specialty stores,Buy,10.69185605597082,11.329131247262291
GDDY,GoDaddy Inc.,92.88,USD,-8.320994965946113,2577749,1.449460847026393,11763038563.94196,USD,13.771425182373525,6.7444,USD,20.188897799162422,0,Technology services,Data processing services,Buy,11.297879141886668,12.54818886861622
MOG.A,Moog Inc.,369.61,USD,-0.5569306930693051,218164,1.0519478953954013,11714994860.797031,USD,31.437708919868335,11.7569,USD,78.61114487117162,0.320167886353853,Electronic technology,Aerospace & defense,Buy,32.32485601354179,32.20745641697908
CR,Crane Company,202.65,USD,-0.996629048805507,282799,0.7163360144524088,11713241878.42738,USD,35.3615551057444,5.7308,USD,8.120141876084833,0.486100933118374,Electronic technology,Aerospace & defense,Strong buy,27.675393918569473,28.889554797205733
FHN,First Horizon Corporation,24.67,USD,-1.0825982357658364,3983806,1.0306591264485043,11688082802.892141,USD,11.845200941086091,2.0827,USD,34.32441148016769,2.56615878107458,Finance,Regional banks,Buy,11.369140364872447,11.5202854154214
AFG,"American Financial Group, Inc.",140.88,USD,-1.2892376681614373,251598,0.8970111749371089,11681976883.716927,USD,12.311456785807918,11.443,USD,25.54582757334387,2.46636771300448,Finance,Property/Casualty insurance,Neutral,11.155428583283534,11.417965789868257
HRL,Hormel Foods Corporation,21.21,USD,-1.5320334261838362,4516617,0.6175417680676842,11672941602.350977,USD,34.08323959505062,0.6223,USD,-54.62632154575282,5.42014856081709,Consumer non-durables,Food: meat/fish/dairy,Neutral,13.76031618235241,14.254032258064516
AMH,American Homes 4 Rent,32.3,USD,-0.523560209424089,2448894,1.3626577661806198,11622025151.57068,USD,25.547733923910464,1.2643,USD,13.757423070001803,3.8805050816138,Finance,Real estate investment trusts,Buy,42.15339922140192,29.668902397577988
UDR,"UDR, Inc.",36.11,USD,-0.7421660252886286,4310061,1.659387155031383,11600851367.732271,USD,23.01025935130313,1.5693,USD,309.3114241001565,3.55964815832875,Finance,Real estate investment trusts,Neutral,61.86746895061739,33.21501270743286
TEM,"Tempus AI, Inc.",64.29,USD,-0.5106778087279453,5195029,0.7411158643232282,11600151532.033892,USD,,-1.4402,USD,-21.60770075149878,0,Technology services,Packaged software,Buy,,
AEIS,"Advanced Energy Industries, Inc.",288.72,USD,2.7839088643645606,560650,1.047984669310508,11563363288.62058,USD,53.8365436610789,5.3629,USD,143.32577132486387,0.142399430402278,Electronic technology,Electronic production equipment,Strong buy,21.22487806832438,25.676541564079525
KNX,Knight-Swift Transportation Holdings Inc.,70.79,USD,-1.6668981803028042,3275282,1.1163224395097358,11521496664.751356,USD,269.2658805629517,0.2629,USD,-74.09852216748767,1.05570218085845,Transportation,Trucking,Buy,21.59115101361594,30.587435170754283
DVA,DaVita Inc.,180.06,USD,-2.135985651394101,621336,1.0226123639887503,11487828205.51443,USD,15.185581877830534,11.8573,USD,16.519919026748696,0,Health services,Medical/Nursing services,Buy,11.407889119828706,12.129061949153593
PINS,"Pinterest, Inc.",20.14,USD,-1.274509803921559,11519256,1.0129070454433342,11405543950.317646,USD,58.700087438064706,0.3431,USD,-87.73503967970258,0,Technology services,Internet software/Services,Buy,9.287641580042731,9.997403851929215
PAYP,PayPay Corporation - American Depository Shares,17.56,USD,3.0516431924882603,1724985,2.557758014415205,11393377428,USD,14.225534672715488,1.2344,USD,,0,Commercial services,Miscellaneous commercial services,Strong buy,20.12697415701103,21.883146985957897
EVR,Evercore Inc.,295.67,USD,-0.755236305048335,405338,0.8686288308876284,11370825610.004026,USD,16.719444475859806,17.6842,USD,60.841488703750876,1.16138560687433,Finance,Investment banks/Brokers,Buy,15.416761999232891,15.126742425040844
BJ,"BJ's Wholesale Club Holdings, Inc.",89.85,USD,-3.584075544586333,1339628,0.7625371007586107,11349375847.064598,USD,19.63076250819314,4.577,USD,5.100002296263983,0,Retail trade,Specialty stores,Buy,18.464888557153404,19.08619909550322
SWKS,"Skyworks Solutions, Inc.",75.38,USD,1.8373412591191562,6839431,1.08845261472127,11342637515.232098,USD,39.04687904687904,1.9305,USD,-23.08152043987568,3.83680086463118,Electronic technology,Semiconductors,Neutral,15.725848680534956,14.95562813142144
TECH,Bio-Techne Corp,72.31,USD,-0.16567720557780552,2066676,1.045898667755476,11339526787.443876,USD,62.42230662983425,1.1584,USD,155.43550165380375,0.441805881540798,Health technology,Biotechnology,Neutral,35.233932162377215,35.18075688982843
HII,"Huntington Ingalls Industries, Inc.",287.67,USD,0.6085405518833312,328849,0.9080531595845116,11335520484.174273,USD,17.150880289037676,16.7729,USD,25.6208807669263,1.93054244045745,Electronic technology,Aerospace & defense,Buy,14.835300930420445,15.416979535724204
ERIE,Erie Indemnity Company,243.35,USD,-3.738132911392412,227301,0.5758410776819624,11332899150.602057,USD,22.219280144628478,10.9522,USD,-7.666756592702501,2.27551424050633,Finance,Property/Casualty insurance,Buy,,19.191640378548897
DECK,Deckers Outdoor Corporation,82.6,USD,-3.7408227479314853,3137740,1.0885021784162658,11248620841.28423,USD,11.72163251404893,7.0468,USD,8.21585429527934,0,Consumer non-durables,Apparel/Footwear,Buy,10.82923489619995,10.983867278713637
UHAL.B,U-Haul Holding Company Series N Non-Voting,56.96,USD,-3.4085128031202276,382734,1.4628608907331964,11225293474.751232,USD,390.94028826355526,0.1457,USD,-89.74954270437597,0.339155502798033,Finance,Finance/Rental/Leasing,No rating,41.47570802150096,
GNRC,Generac Holdings Inc.,190.21,USD,1.5265545769949367,750580,0.6709322264414588,11223599930.530985,USD,43.846384361817385,4.3381,USD,-27.948113207547177,0,Producer manufacturing,Electrical products,Buy,18.875533811131138,19.563276415282868
JKHY,"Jack Henry & Associates, Inc.",159.83,USD,-3.5076068582467848,802354,0.9253891089851161,11206098393.193975,USD,22.920281645705764,6.9733,USD,11.760557736998164,1.43685100217339,Technology services,Packaged software,Buy,21.712345050093397,21.758325353601716
CART,Maplebear Inc.,48,USD,-6.011356961033876,3989342,1.4525300602251296,11112002862.894066,USD,26.427352309640476,1.8163,USD,4.849044622755878,0,Transportation,Air freight/Couriers,Buy,18.416050816022885,20.506773643669174
DPZ,Domino's Pizza Inc,335.41,USD,-1.6623666002110824,564757,0.5909016194218044,11097016170.297878,USD,19.01632838190271,17.638,USD,2.40302831497728,2.1871701653571,Consumer services,Restaurants,Buy,16.586392699672903,17.702007049030932
CLX,Clorox Company (The),91.6,USD,-1.5688802922845562,2755378,0.8521760042962335,11077279985.849989,USD,19.036930814473052,4.8117,USD,-26.25068971859481,5.34064044702343,Consumer non-durables,Household/Personal care,Neutral,15.76823585287134,15.777706582886356
ARW,"Arrow Electronics, Inc.",217.41,USD,0.6667592721211268,774819,1.7523185197297224,11067347905.397833,USD,13.892989283591819,15.6489,USD,76.91568498880774,0,Distribution services,Electronics distributors,Neutral,9.76026936026936,9.970191690360451
UHAL,U-Haul Holding Company,63.94,USD,-4.837029319839262,209137,1.4535748069367247,11059279702.74029,USD,438.84694577899796,0.1457,USD,-89.74954270437597,0,Finance,Finance/Rental/Leasing,Buy,46.55822982610202,57.47415730337078
SCI,Service Corporation International,80.99,USD,-1.4840043790293138,850362,1.2631345347412428,11038256193.39034,USD,21.128560993425857,3.8332,USD,4.0555947662739555,1.65429996350809,Consumer services,Other consumer services,Strong buy,18.31292283202489,19.327810306335888
SANM,Sanmina Corporation,205.41,USD,3.4967501385599826,597380,0.9408425815606635,11009432735.208847,USD,36.7611002738157,5.5877,USD,19.620226066107215,0,Electronic technology,Electronic production equipment,Buy,16.351695589874225,16.97837214432765
NYT,New York Times Company (The),67.96,USD,1.0107015457788238,2071594,1.194502688503749,10960831720.636145,USD,28.360388932938275,2.3963,USD,23.367998352553553,1.21878715814507,Consumer services,Publishing: newspapers,Buy,23.101698804293324,23.96277941443514
GKOS,Glaukos Corporation,185.04,USD,4.265509663605113,1158568,2.0404077405901955,10914387649.940609,USD,,-3.2604,USD,-96.75336431114599,0,Health technology,Medical specialties,Strong buy,1206.7694916359603,
ALGN,"Align Technology, Inc.",153.49,USD,-3.2432943549657907,807205,0.9820202118264818,10903905942.017902,USD,26.62676728250499,5.7645,USD,-2.7613778212610978,0,Health technology,Medical specialties,Buy,12.948099875411764,13.593419399896897
RRX,Regal Rexnord Corporation,163.73,USD,0.5342011543656983,1361689,1.1657610549790436,10903086185.23431,USD,33.730248655775526,4.8541,USD,29.057215782197165,0.859634041508044,Producer manufacturing,Electrical products,Strong buy,14.0433789709556,15.412697980873494
IT,"Gartner, Inc.",172.59,USD,-7.418731895719335,1458190,1.376208437644457,10898881552.199713,USD,15.485729154516335,11.1451,USD,-31.447674347082632,0,Technology services,Internet software/Services,Neutral,11.13921174861228,11.931134149043432
AXSM,"Axsome Therapeutics, Inc.",207.82,USD,0.5515773175924068,385778,0.7423765911348098,10885781088.73321,USD,,-3.7595,USD,25.865672819056634,0,Health technology,Biotechnology,Strong buy,1239.9095513964046,
AM,Antero Midstream Corporation,22.9,USD,1.3274336283185715,2002601,1.0450917244182278,10870035040.774336,USD,27.484397503600572,0.8332,USD,-11.39940450871969,3.98230088495575,Industrial services,Oil & gas pipelines,Neutral,18.505633712900853,20.98930187198909
ENLT,Enlight Renewable Energy Ltd.,77.51,USD,-1.786619361378607,202345,1.2581476947068198,10839975938.26566,USD,117.31864994038635,0.66067927,USD,-33.178880171582676,0,Utilities,Alternative power generation,No rating,189.9629191205484,
UMBF,UMB Financial Corporation,142.55,USD,-0.8416805787423342,766790,1.714182879855853,10826676001.28026,USD,11.871944567055042,12.0073,USD,37.85490407687627,1.17557039510295,Finance,Major banks,Buy,10.787072645012914,10.764987743923635
ALSN,"Allison Transmission Holdings, Inc.",130.56,USD,-0.5181347150259119,722588,1.0083403664358024,10781389494.715025,USD,20.727099539609462,6.299,USD,-28.496832928462773,0.868637610484608,Producer manufacturing,Auto parts: OEM,Buy,12.662863669375113,16.034403226923647
EGP,"EastGroup Properties, Inc.",200.24,USD,0.8156278320410857,338304,0.9749847183111378,10767568416.853891,USD,35.14770672798441,5.6971,USD,22.85911453278988,3.12153861645353,Finance,Real estate investment trusts,Buy,36.19435777247805,33.672621202686344
LFUS,"Littelfuse, Inc.",422.95,USD,0.9258596415873233,140803,0.7784706584184445,10742400016.107334,USD,,-0.5053,USD,-110.53256904637831,0.727802037845706,Electronic technology,Electronic production equipment,Buy,22.433699123650975,25.494273658830622
VSAT,"ViaSat, Inc.",77.75,USD,3.2262347318109494,2045442,1.3102403358307502,10710514463.681623,USD,,-0.2434,USD,94.73331169533701,0,Electronic technology,Telecommunications equipment,Strong buy,,
FROG,JFrog Ltd.,86.73,USD,-0.9931506849314958,1873565,0.8635558164953857,10693922890.548973,USD,,-0.3712,USD,51.508817766165905,0,Technology services,Packaged software,Strong buy,88.18379809540077,88.49394990342498
BPOP,"Popular, Inc.",167.58,USD,-2.183049264534194,584140,1.2620645192513775,10688001420.289635,USD,11.314563500101277,14.811,USD,43.684516880093135,1.75110903572262,Finance,Regional banks,Strong buy,10.269526347971851,10.51078343157322
GSAT,"Globalstar, Inc.",82.22,USD,-0.14573718727229115,457840,0.7413699799565839,10652701041.490648,USD,,-0.5068,USD,-29.915406306075372,0,Communications,Wireless telecommunications,Neutral,,
DAR,Darling Ingredients Inc.,67.11,USD,2.945236999539809,1969230,0.6932748679965545,10590154188.914864,USD,18.033535766109527,3.7214,USD,470.41692213366036,0,Consumer non-durables,Food: specialty/candy,Strong buy,11.045755366885812,10.527536071831335
AES,The AES Corporation,14.83,USD,0.270453008789729,4332182,0.534818538890964,10580294390.872889,USD,5.542267733014425,2.6758,USD,88.92889924451038,4.75862068965517,Utilities,Electric utilities,Neutral,7.702695683789539,6.4791655289170444
GLXY,Galaxy Digital Inc.,27.05,USD,2.7345233573870207,4377327,0.8036120074347558,10573549770.772884,USD,,-0.6017,USD,71.4400987279286,0,Finance,Investment banks/Brokers,Strong buy,,
DCI,"Donaldson Company, Inc.",90.99,USD,-0.04394155772822834,641471,0.9691350890352856,10546746890.801603,USD,23.625175260944072,3.8514,USD,26.25885129819041,1.36218828957487,Producer manufacturing,Auto parts: OEM,Neutral,21.021945164120883,20.89665217213568
BXP,"BXP, Inc.",65.74,USD,-2.88078002659182,1276445,1.1058375926303428,10496151336.661247,USD,35.321298087255535,1.8612,USD,9299.999999999998,4.13650465356774,Finance,Real estate investment trusts,Buy,32.035897358427306,30.9605105140462
CYTK,"Cytokinetics, Incorporated",75.35,USD,3.61661166116611,1921008,1.038644553416061,10475415041.628849,USD,,-7.2229,USD,-41.03370172218533,0,Health technology,Pharmaceuticals: major,Strong buy,,
CGNX,Cognex Corporation,62.23,USD,-0.03212851405622992,1418556,1.0071442294298292,10468569964.071161,USD,60.25367931835786,1.0328,USD,44.54863540937718,0.546184738955823,Electronic technology,Electronic equipment/Instruments,Buy,33.60532241776875,37.03238652694771
RYAN,"Ryan Specialty Holdings, Inc.",40.87,USD,-2.481507993319015,1858925,1.3246151281996288,10455150363.052732,USD,59.988257742551,0.6813,USD,2862.1739130434785,1.2168933428776,Finance,Insurance brokers/Services,Buy,17.91190254031712,18.914273496599872
KRYS,"Krystal Biotech, Inc.",351.26,USD,-1.9484144707458735,255881,1.1016845529687416,10396886495.397163,USD,44.02085369827305,7.9794,USD,62.32479606159854,0,Health technology,Biotechnology,Strong buy,41.526637707809044,45.97042271953933
SSB,SouthState Bank Corporation,106.62,USD,-1.259492498610853,764851,1.0896056867697952,10339425038.904982,USD,11.194758559863924,9.5241,USD,41.60756501182035,2.27819966660493,Finance,Major banks,Strong buy,10.942790920747285,11.280263337334995
XP,XP Inc.,19.99,USD,0.6545820745216466,6500890,1.1311705737691427,10335140773.035246,USD,10.42394535120196,1.9177,USD,20.428284350665656,0.00191339375629406,Finance,Investment banks/Brokers,Strong buy,8.841356633979771,9.708477029004502
FRHC,Freedom Holding Corp.,162.02,USD,-1.5315424820712178,52241,0.38624908596613283,10334876657.051174,USD,64.09526070100483,2.5278,USD,87.5639979223863,0,Finance,Investment banks/Brokers,No rating,36.004444444444445,
AVTR,"Avantor, Inc.",15.25,USD,1.870407481629922,12503745,1.9258774357324644,10314472275.567802,USD,,-0.8468,USD,-184.09136047666337,0,Health technology,Medical specialties,Neutral,17.656573281725965,18.776995779177604
OC,Owens Corning Inc,130.2,USD,-6.141868512110734,1365236,1.4279747862199674,10292138638.516436,USD,,-8.1361,USD,-314.5313117996045,2.20588235294118,Process industries,Containers/Packaging,Buy,11.78600631719076,12.963909054693058
WTFC,Wintrust Financial Corporation,152.38,USD,-1.12899039709318,483910,1.2470406268111545,10280463462.149233,USD,12.242799180492508,12.4465,USD,17.676256748196543,1.39501686997145,Finance,Regional banks,Buy,11.493698868861028,11.60974554253732
FDS,FactSet Research Systems Inc.,289,USD,-4.29195919989402,1788894,2.001039841732867,10278441962.143993,USD,19.046363726233235,15.1735,USD,9.523534549339184,1.49688700490131,Commercial services,Financial publishing/Services,Neutral,15.117365945972834,16.20109812052126
SOLS,Solstice Advanced Materials Inc.,64.53,USD,1.2552957790679495,1936533,0.4543084137352465,10253135154.938646,USD,48.964261324834965,1.3179,USD,,0.353051937862859,Process industries,Chemicals: major diversified,Strong buy,20.592093695462307,22.340353713612107
MGM,MGM Resorts International,40.74,USD,-1.164483260553122,2652859,1.4478245184895326,10249888649.825329,USD,24.656539369363916,1.6523,USD,-8.95917130420408,0,Consumer services,Casinos/Gaming,Buy,24.77818838235044,22.115318848179477
FRT,Federal Realty Investment Trust,117.25,USD,0.13664702365701306,1154185,1.93162248690841,10249471467.584763,USD,23.672521704017765,4.953,USD,25.62138581718576,3.8602784183107,Finance,Real estate investment trusts,Buy,37.093900876871345,27.515045273689633
MOH,Molina Healthcare Inc,196.3,USD,-2.241035856573705,397259,0.6989352497126029,10246860305.98556,USD,,-0.1884,USD,-100.92903989348588,0,Health services,Managed health care,Neutral,27.93780699743152,37.51174989160194
MOD,Modine Manufacturing Company,192.35,USD,-1.1866844754957373,1479591,1.1558948888604523,10216229043.605518,USD,72.48916525343884,2.6535,USD,-23.959766162310856,0,Producer manufacturing,Industrial machinery,Strong buy,23.583491629423712,25.602807350820886
BIO,"Bio-Rad Laboratories, Inc.",380.12,USD,-1.551371370852868,138843,0.5847926861217086,10212095247.30227,USD,46.05282287375818,8.254,USD,-29.659204213289247,0,Health technology,Medical specialties,Neutral,36.89473876288675,39.426132580794686
CFR,"Cullen/Frost Bankers, Inc.",163.61,USD,0.6087812077235328,501745,1.0839444781578962,10168162348.94195,USD,15.473443292729062,10.5736,USD,13.85622604126288,2.49661788217931,Finance,Regional banks,Buy,14.390924209411741,14.88474579663549
UHS,"Universal Health Services, Inc.",171.89,USD,1.3203654582964814,807698,1.4109521391341655,10128456110.058767,USD,6.999804531608867,24.5564,USD,29.3490513363463,0.471559092248747,Health services,Hospital/Nursing management,Buy,7.480735550101279,7.629883237352044
SAIL,"SailPoint, Inc.",17.79,USD,-5.472901168969187,5586315,1.6856784643725573,10090185110.598299,USD,,-0.2802,USD,78.71144203008662,0,Technology services,Packaged software,Strong buy,52.06946107083378,55.61095463909147
WMS,"Advanced Drainage Systems, Inc.",133.67,USD,-1.5394814378314698,591220,0.9798413413428344,10079431671.376694,USD,23.074798460184013,5.7929,USD,4.580083766608902,0.545079552150854,Producer manufacturing,Miscellaneous manufacturing,Strong buy,20.984413417591238,21.31368993595847
DDS,"Dillard's, Inc.",645.1,USD,-1.7649119066835237,159025,0.8807116803884711,10076108226.9596,USD,14.77218862420111,43.6699,USD,20.41520869351818,0.182734623642815,Retail trade,Department stores,Sell,18.632125845843206,16.365935726751434
GMED,"Globus Medical, Inc.",75.04,USD,-4.151232596755651,1890236,1.8072221539685325,10075014191.362371,USD,19.187889945791145,3.9108,USD,50.93203658677782,0,Health technology,Medical specialties,Buy,14.701073918935256,15.006646400494677
ZION,Zions Bancorporation N.A.,68.37,USD,-1.4415453366008362,1570167,1.3362043068858263,9978831200.334438,USD,8.70955414012739,7.85,USD,43.201138312233205,2.63802796597953,Finance,Major banks,Neutral,10.36635049575627,8.542566018404562
ENSG,"The Ensign Group, Inc.",170.54,USD,-0.14637859359447275,265957,0.9188668332871522,9939485657.43369,USD,26.722030711375744,6.382,USD,15.21519352975158,0,Health services,Medical/Nursing services,Buy,20.767549334193877,21.880089054810686
ABVX,Abivax SA,118.95,USD,3.624009060022647,1605554,1.7494280091274466,9932838676.98969,USD,,-5.2547,USD,-41.662847437521904,0,Health technology,Pharmaceuticals: other,Strong buy,,
BSY,"Bentley Systems, Incorporated",32.84,USD,-2.580836547018681,2468739,1.2483012913927176,9920730099.511124,USD,36.19530475035821,0.9073,USD,15.934065934065938,0.830614061109463,Technology services,Information technology services,Buy,22.595355980063246,23.497239217493284
HSIC,"Henry Schein, Inc.",88.86,USD,-1.0577886649593617,711850,0.8826225464091328,9903139349.088074,USD,25.894626413334887,3.4316,USD,10.347932342915946,0,Distribution services,Medical distributors,Buy,15.649124302406738,16.50281472721141
SPXC,"SPX Technologies, Inc.",197.19,USD,0.41757905993786887,354856,0.9195202147212477,9876430725.165758,USD,34.56017666543982,5.7057,USD,27.513073794305647,0,Producer manufacturing,Building products,Strong buy,21.44458810437084,23.523637921836485
PODD,Insulet Corporation,142.28,USD,-3.5259018171955447,2232006,1.2030394775373137,9867714527.326553,USD,28.2066531858372,5.0442,USD,53.510453756961574,0,Health technology,Medical specialties,Buy,20.623996196417906,21.878678514285802
MP,MP Materials Corp.,55.37,USD,1.540436456996142,5598050,1.099351178470175,9861484984.78819,USD,,-0.3499,USD,43.46421069639684,0,Non-energy minerals,Other metals/Minerals,Strong buy,170.8075492186102,4037.479947498906
DRS,"Leonardo DRS, Inc.",36.94,USD,0.9289617486338697,720366,0.7785519352911099,9858971968.619123,USD,30.814147480814142,1.1988,USD,28.84780739466897,0.983606557377049,Electronic technology,Aerospace & defense,Strong buy,27.704383577465396,26.762162330554
ORI,Old Republic International Corporation,40.77,USD,-1.5930485155684202,1251865,1.1682257598975583,9843220317.069515,USD,8.929040735873851,4.566,USD,29.326460091769093,2.92058894520879,Finance,Specialty insurance,Buy,12.63637490701711,13.665158371040725
PRAX,"Praxis Precision Medicines, Inc.",352.48,USD,0.19044370540917424,252616,0.8658379004589404,9841237525.254656,USD,,-12.9421,USD,-5.316222902154806,0,Health technology,Pharmaceuticals: major,Strong buy,,
FPS,"Forgent Power Solutions, Inc.",32.31,USD,3.0622009569378017,7742230,1.4976408408413522,9836097704.377033,USD,,,,,0,Producer manufacturing,Electrical products,Strong buy,31.076122553993688,
ONB,Old National Bancorp,25.61,USD,-1.651305683563747,3152351,0.9850368255573095,9797618232.066439,USD,11.405540215551794,2.2454,USD,33.31354271804312,2.1889400921659,Finance,Major banks,Buy,9.360605921049263,9.82609613152619
OGE,OGE Energy Corp,47.39,USD,1.0017050298380197,2229299,1.5142930018683285,9789886646.490408,USD,20.75595655220743,2.2832,USD,-6.226384097256455,3.6231884057971,Utilities,Electric utilities,Neutral,18.619391198163125,19.559197837633484
RRC,Range Resources Corporation,41.89,USD,-0.26190476190476053,1692558,0.7929427747304989,9788835077.839285,USD,11.56000772690896,3.6237,USD,82.40712775596496,0.904761904761905,Energy minerals,Oil & gas production,Neutral,11.430305289292598,10.311041971528331
FLS,Flowserve Corporation,76.98,USD,0.4436325678496913,1676428,0.9568539915082054,9785141550.076723,USD,26.99442437844093,2.8517,USD,29.30534143466038,1.12212943632568,Producer manufacturing,Industrial machinery,Buy,17.687691613787027,18.699947942337698
VIRT,"Virtu Financial, Inc.",63.02,USD,-2.1884215427595897,691785,0.6303207817386333,9780718608.159243,USD,10.460098260523171,6.0248,USD,36.75943160666454,1.48998913549589,Finance,Investment banks/Brokers,Buy,9.551195361956507,8.793384896447499
FCFS,"FirstCash Holdings, Inc.",225.42,USD,-0.08864462370357994,377949,0.7617552887663824,9776870824.2943,USD,25.70294862146815,8.7702,USD,34.81622676894226,0.744614839110008,Finance,Finance/Rental/Leasing,Strong buy,18.62848963954509,19.963760222327313
AYI,Acuity Inc.,325.46,USD,-2.571471336626263,167181,0.9050954762279866,9742822729.744888,USD,21.5893864013267,15.075,USD,18.78683770920667,0.230504415506661,Producer manufacturing,Electrical products,Buy,15.31503174648065,16.429965316649138
SIRI,SiriusXM Holdings Inc.,28.8,USD,-0.6553984132459391,4221301,1.1607774404952897,9707526485.54674,USD,11.343942019851898,2.5388,USD,,3.72542255950328,Consumer services,Broadcasting,Neutral,9.148134018892803,9.71342692400053
PAYC,"Paycom Software, Inc.",219.16,USD,-5.399922303276209,1011547,1.64573408613289,9705562355.876722,USD,23.291354482172274,9.4095,USD,27.296463648908244,0.647472698234558,Technology services,Packaged software,Neutral,16.604666869060352,18.127048143044544
KYMR,"Kymera Therapeutics, Inc.",116.47,USD,-0.7837124116193898,631821,1.027483706435643,9684552603.452679,USD,,-3.242,USD,6.7318757192174905,0,Health technology,Biotechnology,Strong buy,,
VIAV,Viavi Solutions Inc.,38.75,USD,11.158921399885259,7082272,2.249841068588356,9561556162.829891,USD,,-0.1599,USD,-204.1015625,0,Technology services,Information technology services,Strong buy,23.577988684999287,23.565714591525584
WLK,Westlake Corporation,74.75,USD,-0.053483085974069054,561116,0.8816236747936822,9552792000.060167,USD,,-9.5896,USD,-1710.041525103813,2.83861478807327,Process industries,Chemicals: specialty,Buy,19.843187057410653,24.22812751093345
JAN,"Janus Living, Inc.",30.97,USD,0.5846053913608306,1418391,1.0434862254383015,9535377963.34524,USD,,,,,0,Finance,Real estate investment trusts,Strong buy,313.7378055575253,166.77257110855024
CHWY,"Chewy, Inc.",23.27,USD,-1.648351648351651,11490531,1.6012917158499942,9527301372.010988,USD,38.62240663900415,0.6025,USD,-32.51568100358423,0,Retail trade,Internet retail,Buy,26.72896917151682,30.033828390292634
MUSA,Murphy USA Inc.,517.81,USD,1.2672833590831676,263854,0.9328410581018413,9517527854.242483,USD,15.765693077295465,32.8441,USD,35.93962120459587,0.498699470009583,Retail trade,Specialty stores,Buy,17.090500472669618,14.834412421933191
RGEN,Repligen Corporation,168.53,USD,0.554892601431985,779443,0.7875755842404251,9511095275.909548,USD,229.69878697015127,0.7337,USD,,0,Health technology,Pharmaceuticals: major,Strong buy,74.56551748548776,81.76182097009021
WYNN,"Wynn Resorts, Limited",92.22,USD,0.7428446580729654,1708063,1.0379033424359203,9496252434.40179,USD,22.088093698354534,4.1751,USD,23.166558499026475,1.0924186148132,Consumer services,Casinos/Gaming,Strong buy,20.538325959401732,19.856085366956474
APTV,Aptiv PLC,45.73,USD,-4.629822732012525,3553373,0.5865332048916984,9495072391.19124,USD,43.37886549041927,1.0542,USD,-75.87201318319143,0,Producer manufacturing,Electrical products,Strong buy,7.498875086746226,7.9548571856992085
OSK,Oshkosh Corporation (Holding Company),153.78,USD,-2.100840336134461,307545,0.7023850877715863,9494338851.920166,USD,17.604231059825537,8.7354,USD,-12.33214909375564,1.41329258976318,Consumer durables,Motor vehicles,Buy,11.763918399195237,14.367934224049334
LTH,"Life Time Group Holdings, Inc.",42.47,USD,-1.758038399259769,2666063,1.0267627117710634,9490429334.312746,USD,23.221608617201596,1.8289,USD,79.02310101801095,0,Consumer services,Other consumer services,Strong buy,25.308882184084425,26.786688523225326
AAOI,"Applied Optoelectronics, Inc.",111.55,USD,5.704538993651091,12080326,1.8597948076638413,9471296333.760542,USD,,-0.7792,USD,76.82331945270673,0,Electronic technology,Semiconductors,Buy,45.192443645164566,150.74324324324323
R,"Ryder System, Inc.",246.89,USD,-0.6238930928996987,284803,1.2197188080971688,9467457990.171711,USD,20.290605455427073,12.1677,USD,3.8793508234229437,1.50539365641604,Transportation,Air freight/Couriers,Buy,15.158130136682264,16.825934551892015
SAIA,"Saia, Inc.",354.84,USD,-0.8660669385930667,259839,0.6404109648125058,9465232938.839468,USD,34.22288662776679,10.3685,USD,-4.220629260812543,0,Transportation,Trucking,Buy,27.927104307781807,31.290867324218144
HLI,"Houlihan Lokey, Inc.",135.39,USD,-1.254467216103878,492687,0.7460097569809474,9463428021.176353,USD,22.74124464600655,5.9535,USD,0.3742855697739075,1.82335351177886,Finance,Investment banks/Brokers,Buy,17.784936648634332,19.52006223813034
MTCH,"Match Group, Inc.",41.15,USD,-1.696129956999524,2929875,0.9123012254471907,9446022949.093405,USD,14.529854171815966,2.8321,USD,39.471092287993685,1.86335403726708,Technology services,Internet software/Services,Buy,13.651204590254864,14.790203745389967
PTGX,"Protagonist Therapeutics, Inc.",145.94,USD,0.15097447158934865,700126,1.4332705400860708,9443526823.263382,USD,140.7193134702536,1.0371,USD,45.53746842548413,0,Health technology,Pharmaceuticals: major,Strong buy,72.8528889809631,31.248782188236977
IONS,"Ionis Pharmaceuticals, Inc.",56.71,USD,-2.3756240316749913,9175745,3.984913452318617,9424313162.272852,USD,,-3.4728,USD,-87.54657881946319,0,Health technology,Pharmaceuticals: major,Buy,,
RMBS,"Rambus, Inc.",86.89,USD,1.6732974490990018,2057503,1.0784190604040635,9424228432.133865,USD,39.7720510825285,2.1847,USD,3.388386730396084,0,Electronic technology,Semiconductors,Buy,25.53442592503887,28.609123771913275
MSGS,Madison Square Garden Sports Corp.,390.77,USD,-0.09970344616015012,318035,1.4826046216744129,9409907599.327768,USD,1256.8993245416532,0.3109,USD,,0,Consumer services,Movies/Entertainment,Buy,,
PNR,Pentair plc.,58.62,USD,-2.6407573492775342,2771318,0.5318778709784711,9357976762.868958,USD,14.751994362936305,3.9737,USD,8.53545285698678,1.76050489951835,Producer manufacturing,Industrial machinery,Neutral,12.04589275538803,12.617087953715819
VMI,"Valmont Industries, Inc.",483.57,USD,0.4382503219374431,129472,0.7395374235455665,9335249657.08497,USD,18.825915659648686,25.6864,USD,139.09672254749557,0.602334565696008,Producer manufacturing,Metal fabrication,Strong buy,,20.934266481173058
VOYA,"Voya Financial, Inc.",102.87,USD,-1.1720626381016417,828187,0.9660677660166272,9319646363.904602,USD,17.346801119692422,5.9302,USD,18.72509960159362,1.80612931117302,Finance,Life/Health insurance,Buy,9.711216166744046,11.25255840648809
AMG,"Affiliated Managers Group, Inc.",360.22,USD,-2.7010966452379668,282788,1.0480628360345816,9315265403.607208,USD,12.572246265531202,28.652,USD,115.62311860325106,0.0108043865809519,Finance,Investment managers,Buy,9.07516733709669,9.7485057631525
EAT,"Brinker International, Inc.",222.49,USD,-3.357657892450695,1053585,1.2983899292012495,9292297309.547606,USD,20.42148161066187,10.8949,USD,31.088544236021708,0,Consumer services,Restaurants,Buy,16.778100886994373,16.828408174329876
CTRE,"CareTrust REIT, Inc.",39.32,USD,0.7946680338374834,1674820,0.9577508152907999,9291048131.114075,USD,24.782553888818857,1.5866,USD,32.349015682349005,3.71699564214304,Finance,Real estate investment trusts,Strong buy,24.90018079861694,25.634857146955145
ESTC,Elastic N.V.,88.42,USD,-3.692408234397125,2490421,0.6486300215498892,9283328695.611372,USD,24.759877908767606,3.5711,USD,,0,Technology services,Packaged software,Buy,25.107876978785804,26.317771162782943
JXN,Jackson Financial Inc.,136.59,USD,-2.8727867453601594,953332,1.9561282231532313,9251069533.683353,USD,187.64940239043824,0.7279,USD,,2.41769181540212,Finance,Life/Health insurance,Buy,4.549208992506244,5.044828764277338
QRVO,"Qorvo, Inc.",104.07,USD,1.1960326721120087,1440359,1.5456363075624802,9181225113.842474,USD,24.1478525187368,4.3097,USD,402.999533146592,0,Electronic technology,Semiconductors,Neutral,13.384931836138184,13.60725490139676
DY,"Dycom Industries, Inc.",302.91,USD,0.8926489691236741,707951,0.7095239436306348,9136055920.615261,USD,27.57286679167653,10.9858,USD,23.491456834532357,0,Industrial services,Engineering & construction,Strong buy,17.431304426789413,17.76299551271936
TTEK,"Tetra Tech, Inc.",35.64,USD,-0.7518796992481094,2042938,0.950087942771625,9125423574.225565,USD,21.437593984962405,1.6625,USD,106.08652535019216,0.7630186577555,Industrial services,Engineering & construction,Buy,21.109579685997964,22.598870056497177
PBF,PBF Energy Inc.,76.77,USD,3.2687651331719025,2625842,1.0068677033886817,9100073196.886196,USD,6.788098501260002,11.3095,USD,,1.47968792036589,Energy minerals,Oil refining/Marketing,Neutral,4.101459760656823,4.366539013038188
ADC,Agree Realty Corporation,72.78,USD,0.22032497934452847,1331146,1.1287958061906513,9052326568.450014,USD,39.2049127343245,1.8564,USD,10.717480765789942,4.32525475075737,Finance,Real estate investment trusts,Buy,37.60942933194429,38.24202292839946
KTOS,"Kratos Defense & Security Solutions, Inc.",48.2,USD,0.7946465913843634,2780178,0.9736457279931281,9048167987.465494,USD,277.1707878090857,0.1739,USD,86.58798283261801,0,Electronic technology,Aerospace & defense,Strong buy,50.52792244278395,57.465919848156446
OSCR,"Oscar Health, Inc.",33.01,USD,2.3565891472868157,4760517,1.0928490713444587,9027211496.546045,USD,24.10896874087058,1.3692,USD,,0,Health services,Managed health care,Neutral,20.191911857808808,19.146887543212454
ONON,On Holding AG,27.27,USD,-2.572347266881025,9886383,1.502667991119555,8981988548.498392,USD,18.278705007038006,1.4919,USD,226.7411300919842,0,Consumer non-durables,Apparel/Footwear,Buy,14.79689122144639,15.778208494647242
PCVX,"Vaxcyte, Inc.",60.36,USD,-1.3080444735120949,1024450,1.0164656622232364,8981886835.218443,USD,,-7.7094,USD,-83.87235260446478,0,Health technology,Biotechnology,Strong buy,,
SM,SM Energy Company,37.76,USD,3.62239297475302,4800631,1.4098916863859134,8981369153.896816,USD,7.443474146937649,5.0729,USD,-28.25564292583584,2.30515916575192,Energy minerals,Integrated oil,Buy,5.47934948396746,5.254386180964343
TTC,Toro Company (The),94.75,USD,1.521482910103934,1070119,1.104006023282239,8969355038.353157,USD,25.37017698878089,3.7347,USD,13.265398962787742,1.66077359905711,Producer manufacturing,Trucks/Construction/Farm machinery,Buy,19.172865387261528,20.45860086057836
BRX,Brixmor Property Group Inc.,29.15,USD,0,2800566,1.227016276936984,8945327848.999998,USD,20.79914377452729,1.4015,USD,28.22506861848125,4.15094339622642,Finance,Real estate investment trusts,Strong buy,29.084617779232282,27.707308170851913
PRI,"Primerica, Inc.",290.33,USD,-1.7894594411744877,158694,0.8578568768180145,8935587724.975744,USD,11.655345730160258,24.9096,USD,23.365541286766344,1.56958257222109,Finance,Life/Health insurance,Neutral,11.148910747234305,11.498598072451108
CUBE,CubeSmart,39.66,USD,0.40506329113923184,2630510,1.327724792088577,8929934704.473417,USD,27.114240787584603,1.4627,USD,-10.854461238420292,5.34177215189873,Finance,Real estate investment trusts,Buy,25.502527103669124,25.730523693361704
KNTK,Kinetik Holdings Inc.,54.98,USD,1.0104721660848743,1127811,1.2280442143871195,8927604857.401066,USD,19.910190483088286,2.7614,USD,281.67242570836214,5.89748300569539,Industrial services,Oil & gas pipelines,Buy,33.84638493768153,40.445593026703065
LLYVK,"Liberty Live Holdings, Inc. - Series C Liberty Live Group",97.68,USD,-1.3283499166624553,305099,1.198163359957964,8920239607.738571,USD,,,,,0,Consumer services,Movies/Entertainment,Strong buy,,
LLYVA,"Liberty Live Holdings, Inc. - Series A Liberty Live Group",94.34,USD,-1.3437908496731992,142279,1.4802426582964605,8918843696.936367,USD,,,,,0,Consumer services,Movies/Entertainment,Strong buy,,
AGCO,AGCO Corporation,127.31,USD,-4.56521739130435,992013,0.6477236533694836,8915738250.295652,USD,17.619541900214518,7.2255,USD,443.1481620687063,0.88455772113943,Producer manufacturing,Trucks/Construction/Farm machinery,Neutral,19.538929755928365,22.517172638318954
VICR,Vicor Corporation,193.32,USD,2.5298329355608495,434755,0.6327279056794372,8913353805.909307,USD,62.053026898632595,3.1154,USD,114.63313813296591,0,Electronic technology,Electronic components,Strong buy,40.49292787621379,56.263096623981376
WULF,TeraWulf Inc.,17.86,USD,8.176862507571157,36710223,1.4027359964409316,8911580908.439734,USD,,-4.3992,USD,-1179.5811518324608,0,Technology services,Data processing services,Strong buy,,
BRKR,Bruker Corporation,58.37,USD,-0.2222222222222266,1040677,0.5774728238567969,8893213156.184446,USD,,-0.7034,USD,-234.26226379079975,0.341880341880342,Health technology,Medical specialties,Buy,25.770976943872075,27.491302113726483
ARE,"Alexandria Real Estate Equities, Inc.",50.77,USD,-3.5707502374168953,1196468,0.6652326021732032,8846548806.34416,USD,,-6.0609,USD,-4488.115064345193,6.60968660968661,Finance,Real estate investment trusts,Neutral,,33.48807634516267
ESI,Element Solutions Inc.,36.21,USD,0.555401277422946,4735320,0.7897375808481949,8824047176.272703,USD,49.33914702275514,0.7339,USD,-25.906108026249374,0.888642043876701,Process industries,Chemicals: major diversified,Strong buy,18.719766491462888,19.96657349667582
IDCC,"InterDigital, Inc.",340.94,USD,0.8877315499792864,155995,0.8772215927143286,8798300221.71705,USD,39.33817166460903,8.6669,USD,-38.22946660204693,0.828549446647334,Technology services,Packaged software,Strong buy,45.979770734996634,37.57949848443097
IBRX,"ImmunityBio, Inc.",8.29,USD,2.5990099009900876,7740708,1.0035371188623907,8786042874.674503,USD,,-0.9692,USD,-96.55242344352058,0,Health technology,Pharmaceuticals: major,Strong buy,,
QGEN,Qiagen N.V.,42.38,USD,-2.50747642051989,1536463,0.5747234827084308,8733448269.134577,USD,21.5258025193011,1.9688,USD,9.469001946066173,0.805152979066022,Health technology,Medical specialties,Buy,16.986836604508525,17.474652888162634
WAL,Western Alliance Bancorporation,79.94,USD,-1.247683755404577,890856,0.8766177983949103,8721523077.24521,USD,9.006512089051128,8.8758,USD,16.700852003786686,2.07535515750463,Finance,Regional banks,Buy,7.679724183195909,8.81000368534555
SIMO,Silicon Motion Technology Corporation,272.02,USD,6.170719331798136,1208136,1.6736421612821537,8687504338,USD,31.894661554515924,8.5287,USD,259.784855515714,0.776706607860739,Electronic technology,Semiconductors,Strong buy,19.78328423754719,24.311644501945995
BAH,Booz Allen Hamilton Holding Corporation,72.11,USD,-0.9478021978021948,1683300,1.1548858091476588,8673749777.0511,USD,11.32362871186068,6.3681,USD,-21.793753914549225,3.18681318681319,Commercial services,Miscellaneous commercial services,Neutral,11.550320136559991,11.250519152717802
SFD,"Smithfield Foods, Inc.",22.01,USD,0.18206645425581566,1908542,1.3188633106520555,8666820765.529814,USD,8.194951224960906,2.6858,USD,15.982208403506492,5.40509786071916,Consumer non-durables,Food: meat/fish/dairy,Buy,9.306817571576024,8.936982296573007
PB,"Prosperity Bancshares, Inc.",71.79,USD,-1.4009064688916302,653110,0.8538831083170288,8627490249.576433,USD,12.438276417693228,5.7717,USD,5.186710648612203,3.26878176074715,Finance,Regional banks,Neutral,11.196632931201767,12.352121669172709
LINE,"Lineage, Inc.",37.88,USD,-0.7597589730154549,681392,0.8617912872307946,8625655218.793818,USD,,-0.7201,USD,72.1732745961821,5.55410007859576,Finance,Real estate investment trusts,Neutral,,
KMX,CarMax Inc,60.57,USD,-4.297677358192446,1978200,1.335881110227817,8595554665.69695,USD,39.86442016585494,1.5194,USD,-57.98003263364584,0,Retail trade,Specialty stores,Neutral,21.456908880227093,22.36864652146681
TKR,Timken Company (The),123.86,USD,0.5683663527119217,611094,0.7634826093295717,8583106468.241797,USD,33.59552999891505,3.6868,USD,-16.14047857337822,1.15297174407275,Producer manufacturing,Industrial machinery,Buy,18.765264958238728,19.71656286791463
FORM,"FormFactor, Inc.",109.86,USD,5.736284889316645,1273434,1.155245038947429,8582343253.998652,USD,75.31879884821062,1.4586,USD,159.21450151057402,0,Electronic technology,Semiconductors,Buy,31.686835080493385,36.040930371717614
COLB,"Columbia Banking System, Inc.",30.27,USD,-1.7207792207792245,3433165,1.2464513876643115,8563451885.871428,USD,12.078046444816852,2.5062,USD,-0.5002382086707934,4.8051948051948,Finance,Regional banks,Buy,9.66630028184594,9.990824416294252
FIGR,"Figure Technology Solutions, Inc.",38.265,USD,6.4098998887652945,4660856,1.1962526900475887,8554722032.167826,USD,41.93424657534247,0.9125,USD,,0,Finance,Finance/Rental/Leasing,Buy,31.069744329254036,31.756188161950334
TXG,"10x Genomics, Inc.",65.6,USD,4.708699122106936,3382284,1.325741571948974,8547100798.59537,USD,,-0.5897,USD,16.021076616348623,0,Health technology,Biotechnology,Buy,,
AAL,"American Airlines Group, Inc.",12.91,USD,-1.6755521706016803,55045981,0.8617105849871621,8546031608.598629,USD,,-0.4936,USD,-163.46104397017228,0,Transportation,Airlines,Buy,10.507493201871652,627.2471091244777
PCOR,"Procore Technologies, Inc.",56.18,USD,-3.1546285123254583,2508533,0.9150966044398218,8536850615.368039,USD,,-0.259,USD,72.92211186617877,0,Technology services,Packaged software,Buy,27.9521400452966,33.4082610815761
TGTX,"TG Therapeutics, Inc.",55.74,USD,-0.4376172188979145,1085843,0.6099525050175285,8532068718.31562,USD,20.302312875614643,2.7455,USD,633.6985569214324,0,Health technology,Pharmaceuticals: major,Strong buy,29.420007822111874,55.55610927828887
NNN,"NNN REIT, Inc.",44.45,USD,-0.4033161550526545,1689613,1.3618308101049712,8531351456.059826,USD,21.899788146031433,2.0297,USD,-3.513025289979087,5.42236164015236,Finance,Real estate investment trusts,Neutral,21.26104545989387,21.637962088537964
CNM,"Core & Main, Inc.",44.06,USD,-0.5866425992779738,3643543,1.8035438041885876,8526492432.725632,USD,18.6916680807738,2.3572,USD,9.276343238607408,0,Distribution services,Wholesale distributors,Buy,13.751848119171033,14.059747224508252
ACM,AECOM,66.04,USD,-0.8110543706818746,1233361,0.4498372397721069,8499112232.835688,USD,24.11186972872321,2.7389,USD,-44.29846860954627,1.78732352057675,Industrial services,Engineering & construction,Buy,10.781157201483241,16.59737689064078
GME,GameStop Corporation,18.89,USD,-1.4091858037578266,10414318,1.512635677890132,8475777714.471816,USD,14.39128447356392,1.3126,USD,184.60537727666954,0,Retail trade,Electronics/Appliance stores,No rating,22.488095238095237,14.53076923076923
FR,"First Industrial Realty Trust, Inc.",61.73,USD,-0.194017784963629,733823,0.9286406685800772,8458920166.732418,USD,22.47833369747287,2.7462,USD,34.28194220331523,3.05578011317704,Finance,Real estate investment trusts,Buy,35.15956507623696,24.6615577730849
MOS,Mosaic Company (The),26.53,USD,2.6305609284332676,10581722,1.4118380379359987,8433771995.272341,USD,,-2.0182,USD,-168.4390789786022,3.40425531914894,Process industries,Chemicals: agricultural,Buy,29.622930135441447,43.77671072389156
TWST,Twist Bioscience Corporation,128.06,USD,2.677998717126366,1805774,1.2228115536160273,8430499832.110007,USD,,-2.2237,USD,-53.16848050695688,0,Health technology,Biotechnology,Strong buy,,
KNSL,"Kinsale Capital Group, Inc.",367.29,USD,-1.575689364096791,236291,1.2946473088610286,8366288098.906021,USD,14.886735326661885,24.6723,USD,28.788653874261378,0.246536431117185,Finance,Multi-line insurance,Neutral,17.487239514333808,17.301263808590903
CBSH,"Commerce Bancshares, Inc.",58.27,USD,-0.1627687826608393,1150997,1.3990183265801042,8357793059.013451,USD,14.284663659541087,4.0792,USD,3.34937927539904,1.81844084639767,Finance,Regional banks,Neutral,13.31308458937919,13.72359820639378
RIOT,"Riot Platforms, Inc.",22.26,USD,2.11009174311927,14851578,0.9741170748967443,8353263749.124771,USD,,-3.7193,USD,-701.7460659624919,0,Technology services,Information technology services,Strong buy,,
REXR,"Rexford Industrial Realty, Inc.",37.43,USD,1.7396031530307166,2270526,1.172540283437001,8346445863.901604,USD,,-1.8052,USD,-234.26552621792487,4.70236477303615,Finance,Real estate investment trusts,Neutral,33.1000500524401,
SNEX,StoneX Group Inc.,69.07,USD,-0.5614742297725318,721445,0.9891830110256725,8330997940.047365,USD,17.897955481848097,3.8591,USD,47.982974154459704,0,Finance,Investment banks/Brokers,Buy,16.520564000143512,15.823596792668955
LNC,Lincoln National Corporation,43.32,USD,-4.728392346602153,2308361,1.3525260039294462,8293499074.812405,USD,3.7466269978551163,11.5624,USD,101.7413152338911,3.95865405762041,Finance,Multi-line insurance,Neutral,5.246716169732479,5.459114421248809
COMP,"Compass, Inc.",10.75,USD,-3.327338129496396,9577578,0.8822889067630839,8252179900.494606,USD,201.68855534709192,0.0533,USD,,0,Finance,Real estate development,Buy,189.01098901098902,58.13418993386222
APLD,Applied Digital Corporation,28.31,USD,7.356844899507006,19992962,1.3529406633663459,8251490942.437998,USD,,-0.8894,USD,18.887368901048795,0,Technology services,Data processing services,Strong buy,,
BOKF,BOK Financial Corporation,135.72,USD,-0.7168983174835332,254081,1.0698845608871317,8247279221.109876,USD,12.770522036960369,10.6276,USD,27.078799473873012,1.84345281638625,Finance,Major banks,Neutral,13.095470242878905,12.743661971830985
RHP,"Ryman Hospitality Properties, Inc. (REIT)",120.66,USD,-2.291683537128511,522358,0.8953745148450598,8231339592.858531,USD,29.633086104425562,4.0718,USD,-1.0041088230288726,3.84646530083408,Finance,Real estate investment trusts,Strong buy,24.802607953320283,28.694561541106758
UGI,UGI Corporation,38.27,USD,0.8697944122298509,1423577,0.8247156130584554,8208721997.752768,USD,12.772419317157828,2.9963,USD,57.932742989668995,3.95361096468108,Distribution services,Wholesale distributors,Buy,13.128644939965696,13.678580172671078
IMVT,"Immunovant, Inc.",39.57,USD,0.8152866242038225,1513723,1.2994138004799611,8173289887.347516,USD,,-2.8093,USD,1.2756536407084698,0,Health technology,Biotechnology,Strong buy,,
LAD,"Lithia Motors, Inc.",368.7,USD,-4.681885163258451,298468,1.6813677717375997,8105174873.050851,USD,12.214635697744914,30.1851,USD,-10.572470573596386,0.612703911481089,Retail trade,Specialty stores,Buy,9.404448204523256,10.201144603286007
SARO,"StandardAero, Inc.",24.47,USD,-1.3704151551793626,3642910,1.1366155470321324,8097598365.996372,USD,25.190446777846404,0.9714,USD,144.62352052379754,0,Transportation,Other transportation,Strong buy,15.73393637111257,17.481318492906027
CHRD,Chord Energy Corporation,147.61,USD,0.8333902588974843,704751,1.14968249395347,8073952875.755996,USD,9.895288660070255,14.9172,USD,281.93409632076197,3.55215520185805,Energy minerals,Integrated oil,Buy,9.684059287882791,7.474475080289465
OKLO,Oklo Inc.,43.31,USD,4.943057911315724,14079209,1.4489461735962001,8056424702.222679,USD,,-0.9398,USD,-132.91201982651796,0,Producer manufacturing,Industrial machinery,Buy,,
EMN,Eastman Chemical Company,70.39,USD,-1.1237533361427128,868860,1.0739035118348033,8051026766.042423,USD,18.33693698387475,3.8387,USD,-46.07052542849115,4.70571709509763,Process industries,Chemicals: specialty,Buy,10.427358758470286,11.054726786958344
BZ,KANZHUN LIMITED - American Depository Shares,16.62,USD,-1.7730496453900748,8041068,0.8132421112844809,8026215173.23088,USD,11.770538243626063,1.412,USD,113.71272892386864,0.874704491725768,Commercial services,Commercial printing/Forms,Strong buy,11.652448474420021,13.12383396052974
CDP,COPT Defense Properties,35.45,USD,0.8248009101251601,895777,1.1755043690175913,8015738479.93032,USD,24.702111351125357,1.4351,USD,13.008898338451846,3.5551763367463,Finance,Real estate investment trusts,Buy,,24.525234356082883
BROS,Dutch Bros Inc.,45.88,USD,-1.502790897380841,3885856,1.0034648451236903,8015502231.0614,USD,64.67437270933183,0.7094,USD,50.6476959014653,0,Consumer services,Restaurants,Strong buy,41.382395705178396,47.93842816706563
SYRE,"Spyre Therapeutics, Inc.",90.79,USD,2.0341649808945856,1249656,0.9139247410558999,8005296616.460778,USD,,-2.18,USD,28.51287096245286,0,Health technology,Pharmaceuticals: major,Strong buy,,
AOS,A.O. Smith Corporation,58.82,USD,-2.7447089947089895,1318168,0.9947298863971574,7994142009.012237,USD,16.39856143187711,3.5869,USD,0.04183633625258149,2.38095238095238,Producer manufacturing,Building products,Neutral,15.104440710704765,15.74348346385543
NEU,NewMarket Corp,867.7,USD,-1.9548022598870003,163985,1.4034524665365786,7979721802.885989,USD,18.680703567353444,46.449,USD,-7.931171866173245,1.32768361581921,Process industries,Chemicals: specialty,Neutral,,
IDA,"IDACORP, Inc.",137.89,USD,1.613854089904199,856962,2.0255217604337314,7975839382.330361,USD,22.812851565085033,6.0444,USD,6.241541138628657,2.59395725865881,Utilities,Electric utilities,Buy,20.862710684782275,21.61735571563418
NFG,National Fuel Gas Company,83.81,USD,0.5880940950552198,329712,0.7677929004679012,7965730219.270043,USD,11.658899631355638,7.1885,USD,169.00048647232722,2.59241478636582,Energy minerals,Integrated oil,Buy,11.163503163503163,11.512362637362637
PRMB,Primo Brands Corporation,21.89,USD,-0.4999999999999974,6519915,1.3983752897859578,7922948153.184999,USD,80.06583760058523,0.2734,USD,,2.09090909090909,Consumer non-durables,Beverages: non-alcoholic,Strong buy,15.406813063063066,16.508295625942683
ATR,"AptarGroup, Inc.",124.34,USD,-2.40954399183737,362194,1.0622848888791125,7905677578.991446,USD,22.465535620720186,5.5347,USD,-4.529694857951115,1.50694607958559,Process industries,Containers/Packaging,Buy,20.830795937777005,22.537026863360257
GAP,"Gap, Inc. (The)",22.38,USD,-0.22291573785109547,6337576,0.5360597327220885,7861425193.20642,USD,6.686185468451242,3.3472,USD,43.84185646755479,3.03165403477486,Retail trade,Apparel/Footwear retail,Buy,8.82572853668001,9.22222977692341
GTLB,GitLab Inc.,47.15,USD,-5.378286172988159,4379164,0.5658615060927331,7855897538.596227,USD,,-0.3124,USD,-829.7619047619047,0,Technology services,Packaged software,Neutral,53.96823943355669,54.416445653955265
ZWS,Zurn Elkay Water Solutions Corporation,47.33,USD,-0.5881117412308363,1234548,1.559262359278728,7850347479.2113,USD,29.061770846125505,1.6286,USD,60.9129532654876,0.924175593362739,Producer manufacturing,Industrial machinery,Buy,24.262575093259432,25.856196282017734
MHK,"Mohawk Industries, Inc.",129.72,USD,-2.9259896729776225,1244271,1.4303808571196357,7840036414.657487,USD,17.197857559526966,7.5428,USD,0.2445377704534548,0,Producer manufacturing,Building products,Neutral,14.053323109320488,13.174941529341362
CMC,Commercial Metals Company,70.76,USD,0.6829823562891348,1082032,1.1537941911699394,7827777896.473536,USD,13.335846211835658,5.306,USD,1609.9581050596196,1.08138873079112,Non-energy minerals,Steel,Buy,9.947343464647359,11.073245701957864
THG,Hanover Insurance Group Inc,224.48,USD,-1.7076801821525551,233464,0.9468628658151294,7816443365.401524,USD,10.708390974574248,20.963,USD,37.99164006187672,1.64200017514669,Finance,Property/Casualty insurance,Neutral,11.773953107902972,11.065826187064715
BLTE,"Belite Bio, Inc",192.85,USD,-0.3925417075564378,571477,2.645616617826109,7797089824,USD,,-2.7348,USD,-76.46147890050328,0,Health technology,Pharmaceuticals: major,Strong buy,,
CBC,"Central Bancompany, Inc.",32.53,USD,-0.3370098039215669,2014058,2.9912855696905654,7791102130.84804,USD,17.854986552500137,1.8219,USD,,1.1063112745098,Finance,Regional banks,Buy,16.596938775510203,17.067156348373558
TTAN,"ServiceTitan, Inc.",81.58,USD,-7.211101000909922,5034212,4.823990224404798,7782534072.927435,USD,,-1.4589,USD,59.33493143048278,0,Technology services,Packaged software,Strong buy,55.20442826401764,62.212833780089305
XE,"X-Energy, Inc.",19.15,USD,8.130999435347249,9807083,1.6751772821167858,7781910101.3354025,USD,,,,,0,Producer manufacturing,Industrial machinery,Buy,,
CAE,CAE Inc,24.28,USD,-0.5325686194182672,941942,0.9965719833246948,7780677347.972727,USD,38.78614075982498,0.6259967999999999,USD,-34.090472028869364,0,Commercial services,Miscellaneous commercial services,Buy,26.07321117153338,26.454244790236764
ZETA,Zeta Global Holdings Corp.,30.79,USD,-1.7862838915470567,5193614,0.6353267148670907,7728708648.732695,USD,,-0.0138,USD,92.81997918834547,0,Technology services,Packaged software,Strong buy,28.011765123305445,31.721436541158024
HQY,"HealthEquity, Inc.",93.36,USD,-2.820859789736644,873003,0.8115551295034881,7722299812.291871,USD,33.71857844553597,2.7688,USD,67.61305163750833,0,Finance,Investment managers,Strong buy,18.511831927794336,19.764557042954674
VLY,Valley National Bancorp,13.92,USD,-0.7486631016042811,4738700,0.7940198660295271,7692264516.996791,USD,11.751794005909666,1.1845,USD,51.664532650448145,3.13725490196078,Finance,Major banks,Strong buy,9.84034882339967,10.87909665983597
CIFR,Cipher Digital Inc.,18.51,USD,4.340473506200694,39893548,1.436723982125401,7682218735.922775,USD,,-2.757,USD,-522.4881463084218,0,Technology services,Data processing services,Strong buy,,
ALKS,Alkermes plc,45.49,USD,-1.3232104121475041,1355832,1.0404839064544318,7631550439.853578,USD,118.15584415584416,0.385,USD,-81.51881720430107,0,Health technology,Pharmaceuticals: major,Buy,,
NOV,NOV Inc.,21.39,USD,0,2630529,0.8471787262675423,7625066746,USD,82.11132437619962,0.2605,USD,-78.59842260926717,1.54277699859748,Industrial services,Oilfield services/Equipment,Neutral,19.798204555530774,23.356169020482234
PCTY,Paylocity Holding Corporation,143.53,USD,-5.7274220032840715,611517,1.1345975658131786,7615266168.302528,USD,29.037609500495662,4.9429,USD,23.061793556739516,0,Technology services,Packaged software,Buy,16.253592737034577,16.25424801198871
AXTA,Axalta Coating Systems Ltd.,35.53,USD,-0.698714365567356,2327599,1.7208989874890235,7604130492.754612,USD,21.890210091799645,1.6231,USD,-20.225105671876545,0,Process industries,Industrial specialties,Buy,12.977037619529913,13.401731324142354
AVT,"Avnet, Inc.",92.42,USD,0.391049315663697,1021597,0.9888251588213124,7585184163.274604,USD,23.160585404971933,3.9904,USD,46.114976199194444,1.52074733869216,Distribution services,Electronics distributors,Buy,7.960378983634798,7.959007922838443
FLR,Fluor Corporation,56.62,USD,0.8190883190883206,2030290,0.860659210635584,7572418703.677707,USD,,-12.7583,USD,-152.5275023879319,0,Industrial services,Engineering & construction,Buy,17.481087112437475,20.98390110067269
AVAV,"AeroVironment, Inc.",148.78,USD,2.8551676460421676,2005186,1.5019619196214058,7561388007.855374,USD,,-5.4315,USD,-451.9178437216534,0,Electronic technology,Aerospace & defense,Strong buy,46.005772521585115,46.108356186586676
SSRM,SSR Mining Inc.,36.94,USD,-0.5652759084791409,1837931,0.7366413217268291,7532410479.669448,USD,34.074347384927584,1.0841,USD,41.490472461498314,0.0807537012113055,Non-energy minerals,Precious metals,Strong buy,8.337117460821865,8.993280845748192
MORN,"Morningstar, Inc.",200.53,USD,-4.23591212989494,350452,1.2449927030948256,7522595747.754632,USD,19.01100672158967,10.5481,USD,12.230544974783475,0.933619866284623,Commercial services,Financial publishing/Services,Buy,15.555482293256485,16.282287594420094
CELH,"Celsius Holdings, Inc.",29.56,USD,-3.5877364644487977,8111022,1.1092569753044466,7479716024.009132,USD,127.85467128027682,0.2312,USD,-36.255858836504004,0,Consumer non-durables,Beverages: non-alcoholic,Buy,19.403926603794268,20.375723937891262
HNGE,"Hinge Health, Inc.",92.69,USD,0.3464328245101149,2197986,1.082945587402198,7479565946.9425125,USD,71.37686739565686,1.2986,USD,,0,Technology services,Packaged software,Strong buy,35.16239228695911,39.971245197650454
MTDR,Matador Resources Company,59.77,USD,1.0481825866441328,1771617,1.0395627400254337,7396789863.794084,USD,10.264821048292918,5.8228,USD,-14.615441014737145,2.53592561284869,Energy minerals,Integrated oil,Strong buy,7.624901292163714,7.695475969115611
GGAL,Grupo Financiero Galicia S.A.,44.12,USD,-0.5410279531109152,761880,0.9252047246790964,7363123429.473383,USD,58.928809937224514,0.7487,USD,-89.45270127491723,3.47713480613165,Finance,Regional banks,Buy,7.169045840945976,10.237537793267634
DBX,"Dropbox, Inc.",33.81,USD,-2.92850990525408,3259661,0.9427353917430985,7351735315.543498,USD,18.776031543288724,1.8007,USD,10.168247170388492,0,Technology services,Packaged software,Neutral,10.721169060881401,11.025894056191948
SLAB,"Silicon Laboratories, Inc.",220,USD,-0.2629431498776011,206713,0.6272770363069513,7340687316.8918295,USD,,-1.1854,USD,63.222884090345,0,Electronic technology,Semiconductors,Neutral,59.9267422815037,75.67371968665577
SSD,"Simpson Manufacturing Company, Inc.",178.86,USD,-1.1659391059291515,184185,0.8609547653426733,7330520628.194285,USD,19.533877943296496,9.1564,USD,16.600448247758752,0.646515997126596,Producer manufacturing,Building products,Buy,19.23225806451613,19.504907306434024
NE,Noble Corporation plc A,45.89,USD,0.6139004604253478,1554557,1.3813217142475822,7325981202.9351015,USD,49.61081081081081,0.925,USD,-52.02530989056584,4.38500328875247,Industrial services,Contract drilling,Neutral,47.94121272777039,74.22443632128878
Z,"Zillow Group, Inc.",32.36,USD,-6.446949985544966,5125755,1.6094209569183948,7305228354.859785,USD,143.63071460275188,0.2253,USD,,0,Technology services,Internet software/Services,Buy,12.594826079696917,14.449331338885044
CAG,"ConAgra Brands, Inc.",15.26,USD,-1.42118863049096,11090931,1.1530801201044747,7302911500.590439,USD,,-4.0002,USD,-266.5292868739853,7.91343669250646,Consumer non-durables,Food: major diversified,Neutral,10.55393642463618,10.539831376511648
ZG,"Zillow Group, Inc.",33.03,USD,-6.48357870894677,1027677,1.477399678118915,7302368146.787939,USD,146.60452729693742,0.2253,USD,,0,Technology services,Internet software/Services,Buy,12.870168329177059,14.763073454670929
APPF,"AppFolio, Inc.",206.015,USD,-3.857102856076169,360401,1.0246795255439898,7296509029.062954,USD,46.964619523093056,4.3866,USD,-20.83378451543044,0,Technology services,Information technology services,Strong buy,26.61921899471182,29.85724637681159
FAF,First American Corporation (New),71.38,USD,-1.8831615120274976,932309,1.2149504576577628,7287897891.090309,USD,9.879995017094135,7.2247,USD,299.0224235060201,3.02405498281787,Finance,Specialty insurance,Buy,10.215384615384616,10.25280091927607
KEX,Kirby Corporation,138,USD,-1.9677488101157987,455111,1.3246108849473297,7286400115.678056,USD,21.20108770797806,6.5091,USD,23.236396682949007,0,Transportation,Marine shipping,Strong buy,17.677848119102578,19.375913072352887
OMF,"OneMain Holdings, Inc.",63.31,USD,-2.0423951725204907,1374399,1.6150266684057828,7283274887.652175,USD,9.547435568759331,6.6311,USD,19.86587371884095,6.49853009438341,Finance,Finance/Rental/Leasing,Buy,8.052114516305245,8.926885690037267
MSA,MSA Safety Incorporated,188.72,USD,0.015899093751656757,196043,0.873503450918537,7280494800.685994,USD,23.470301462541038,8.0408,USD,14.6474656020532,1.13413535428481,Electronic technology,Electronic equipment/Instruments,Buy,19.666333024006118,20.596277063581184
TAP,Molson Coors Beverage Company,38.84,USD,-4.098765432098757,4949482,1.9396883468532005,7280205328.004938,USD,,-11.5424,USD,-327.2976113113172,4.71604938271605,Consumer non-durables,Beverages: alcoholic,Neutral,8.245447701910507,8.229212815621777
PATH,"UiPath, Inc.",14.01,USD,-7.768268597761684,62577071,0.9430213272266051,7258868920.718236,USD,20.845112334474035,0.6721,USD,1782.6330532212885,0,Technology services,Packaged software,Neutral,16.260917505730784,17.83318525382694
VFS,VinFast Auto Ltd.,3.1,USD,0.6493506493506499,424278,1.373452438951357,7252561075.616883,USD,,-1.7519,USD,-29.11998820754717,0,Consumer durables,Motor vehicles,Buy,,
MBLY,Mobileye Global Inc.,8.52,USD,-0.46728971962617905,2160535,0.682080585797497,7243598586.897196,USD,,-4.9728,USD,-36.48789592139211,0,Technology services,Packaged software,Buy,20.72367460912036,17.355452708428395
STAG,"Stag Industrial, Inc.",37.56,USD,-0.31847133757961105,1028058,0.6131054999617129,7241881096.691084,USD,28.80589002224097,1.3039,USD,3.189300411522634,4.03397558386412,Finance,Real estate investment trusts,Neutral,,34.227351262293055
FSS,Federal Signal Corporation,118.25,USD,-0.8635144198524489,315392,0.8380304350402327,7218170393.603287,USD,25.471190091545502,4.6425,USD,29.12691569549134,0.494634473507713,Consumer durables,Motor vehicles,Buy,21.8498962938326,22.60555119693765
AWI,Armstrong World Industries Inc,170.41,USD,-1.6846477816881182,289678,0.8401363345812108,7202008086.656493,USD,23.345434618809506,7.2995,USD,8.054297302898426,0.782322736975711,Producer manufacturing,Miscellaneous manufacturing,Buy,19.016173846729483,20.2004660059384
TRNO,Terreno Realty Corporation,66.05,USD,0.6092916984005962,581792,0.8758553557229006,7197489408.622999,USD,17.791725029630427,3.7124,USD,47.77485868959479,3.16831683168317,Finance,Real estate investment trusts,Buy,36.49171270718232,31.303317535545023
AXS,Axis Capital Holdings Limited,98.61,USD,-2.501483092742734,543751,1.093285260370307,7195209151.76488,USD,7.003004026674053,14.0811,USD,35.40560812370181,1.74016215147321,Finance,Multi-line insurance,Buy,7.550655665062991,8.028463144868125
TEX,Terex Corporation,62.91,USD,-0.5060888818598771,1002856,1.0533815514536284,7190613140.286414,USD,32.63643909524797,1.9276,USD,-28.130942172178518,1.07543887395224,Producer manufacturing,Trucks/Construction/Farm machinery,Buy,11.528179168904591,12.477015892874178
ACA,"Arcosa, Inc.",145.65,USD,0.13750429700929329,509891,0.9491309686109272,7152406392.335168,USD,54.497493077901666,2.6726,USD,42.46268656716419,0.137504297009282,Non-energy minerals,Construction materials,Neutral,31.818678317859096,34.0303738317757
AUGO,Aura Minerals Inc.,85.31,USD,0.4710870333294143,915067,0.9874530346688246,7148059549.586151,USD,24.206225349714835,3.5243,USD,,3.10917441997409,Non-energy minerals,Other metals/Minerals,Strong buy,,12.168479885706724
RAL,Ralliant Corporation,64.57,USD,1.7491333123227106,1983440,1.8495813581177585,7144025150.017017,USD,,-10.917,USD,,0.315159155373464,Electronic technology,Electronic equipment/Instruments,Buy,20.84820588224848,22.592477128484607
PPC,Pilgrim's Pride Corporation,29.99,USD,-1.6076115485564368,1233307,0.996701440436739,7140874880.229331,USD,13.112102133613151,2.2872,USD,-55.971355971355976,0,Process industries,Agricultural commodities/Milling,Neutral,11.672926090021264,12.184865413915691
SFM,"Sprouts Farmers Market, Inc.",76.11,USD,-6.498771498771506,2562955,1.6464921264430508,7097077043.564005,USD,14.583253496838473,5.219,USD,7.524001813012498,0,Retail trade,Food retail,Buy,12.902829874891204,13.665803853070793
SGHC,Super Group (SGHC) Limited,13.94,USD,-0.3573981415296691,2293251,0.9159189012029376,7082867173.955683,USD,19.16151202749141,0.7275,USD,175.8816837315131,1.28663330950679,Consumer services,Casinos/Gaming,Strong buy,15.308032983649834,16.589945112749742
NCLH,Norwegian Cruise Line Holdings Ltd.,15.39,USD,-1.156069364161848,14584047,1.055899879119981,7066900653.190751,USD,9.725733063700709,1.5824,USD,13.899085870582311,0,Consumer services,Hotels/Resorts/Cruise lines,Buy,11.656644779845443,9.946898170649735
ESE,ESCO Technologies Inc.,272.12,USD,-0.6933800452521631,140272,0.7259471024115777,7049966596.439675,USD,49.63700704096896,5.4822,USD,23.50635306839687,0.116779797095103,Electronic technology,Electronic equipment/Instruments,Strong buy,30.411557375272043,32.5587956547911
CAVA,"CAVA Group, Inc.",60.14,USD,-1.020408163265302,2886657,1.3581710399763771,7024724561.163265,USD,107.39285714285714,0.56,USD,-52.83018867924528,0,Consumer services,Restaurants,Buy,,110.24343745417217
CAI,"Caris Life Sciences, Inc.",24.82,USD,-0.9972078181092939,4584268,0.7914686326721526,7014012389.776625,USD,66.66666666666666,0.3723,USD,,0,Health technology,Biotechnology,Buy,96.80602521949068,199.28539885182062
CLF,Cleveland-Cliffs Inc.,12.29,USD,-1.6800000000000068,7279815,0.5676484247507958,7011937079.8015995,USD,,-1.6168,USD,52.62541022034692,0,Non-energy minerals,Steel,Neutral,19.488355350893467,
RYTM,"Rhythm Pharmaceuticals, Inc.",101.8,USD,-0.9149308935176151,513053,1.2321867734931888,7009141730.920771,USD,,-3.1184,USD,-3.3095908563856176,0,Health technology,Pharmaceuticals: major,Strong buy,,
SRRK,Scholar Rock Holding Corporation,57.42,USD,3.777335984095434,1836181,1.761925529521098,6992910912.095428,USD,,-3.4516,USD,-14.401246229823336,0,Health technology,Biotechnology,Strong buy,,
VCTR,"Victory Capital Holdings, Inc. Class A Common Stock",113.32,USD,-0.36050294557285745,761275,1.1758506662317127,6970264800.114305,USD,20.765608106869948,5.4571,USD,34.7132735935224,1.73217268970368,Finance,Investment managers,Buy,13.652365616905128,14.26075024231446
AN,"AutoNation, Inc.",209.3,USD,-1.4409493313241675,929421,2.4592717132195174,6919626773.503956,USD,9.695515418787899,21.5873,USD,35.24606083388153,0,Retail trade,Specialty stores,Buy,8.889172406157117,9.60279173756162
PACS,"PACS Group, Inc.",43.67,USD,2.752941176470592,699400,1.199585547824169,6914515731.119764,USD,26.170072511535928,1.6687,USD,103.6241610738255,0,Health services,Hospital/Nursing management,Strong buy,17.508985032163288,18.44531388923266
HXL,Hexcel Corporation,91.28,USD,-0.7610350076103531,540724,0.8101759698418751,6902908880.207003,USD,46.01038358788245,1.9839,USD,84.24034175334324,0.771906936290498,Electronic technology,Aerospace & defense,Neutral,34.43705711050907,37.97919715272522
ZGN,Ermenegildo Zegna N.V.,12.03,USD,-4.219745222929945,1592951,1.4896341465695466,6869332318.54777,USD,35.062663946371316,0.3431,USD,-15.304862996790916,1.08917197452229,Consumer non-durables,Apparel/Footwear,Buy,,25.612842521887558
CAMT,Camtek Ltd.,147.01,USD,0.8852594015920889,273643,0.7831172038638013,6860688426.927052,USD,243.35374937924183,0.6041,USD,-77.69531826908876,0,Electronic technology,Electronic components,Buy,32.33298509924671,40.69574470499945
DUOL,"Duolingo, Inc.",146.39,USD,-5.224653632008301,1346948,1.2186323503919496,6849004664.863265,USD,17.556757534690153,8.3381,USD,246.51124132485563,0,Technology services,Packaged software,Neutral,54.037911808828554,53.226011117869845
LUMN,"Lumen Technologies, Inc.",6.64,USD,-1.92023633677991,11695486,0.9372521533865813,6848797665.890695,USD,,-1.0259,USD,13.542895668295976,0,Communications,Major telecommunications,Neutral,,
GRFS,"Grifols, S.A.",7.75,USD,-0.6410256410256387,298390,0.7901155979977449,6830457594.17749,USD,10.001290489095366,0.7749,USD,61.67327352388901,1.09885897435897,Health technology,Pharmaceuticals: major,Neutral,,8.161941341444022
WFRD,Weatherford International plc,93.7,USD,-2.273675427617848,1165901,1.1369197779405182,6810902195.576763,USD,18.513030249145476,5.0613,USD,-22.193697156033817,1.12119315811431,Industrial services,Oilfield services/Equipment,Buy,15.343101720179487,18.153039617023172
URBN,"Urban Outfitters, Inc.",79.43,USD,-1.90193898974928,1243110,0.7870526044609082,6803210629.457701,USD,12.387130982642734,6.4123,USD,25.49023445144625,0,Retail trade,Apparel/Footwear retail,Buy,12.198909024673956,12.62399101841898
ALGM,"Allegro MicroSystems, Inc.",36.47,USD,-0.38240917782026923,2618464,1.2371510049905332,6798083017.026769,USD,485.6191744340879,0.0751,USD,,0,Electronic technology,Semiconductors,Strong buy,32.393389155009515,35.49954883353758
CWEN,"Clearway Energy, Inc.",33.11,USD,4.054054054054052,1361483,1.2227857175767112,6796650194.013514,USD,41.879585125221354,0.7906,USD,22.725861533685187,5.73915776241358,Utilities,Alternative power generation,Strong buy,74.5195391537047,
LW,"Lamb Weston Holdings, Inc.",49.4,USD,-0.9424503709645056,1174332,0.858585913974273,6791562146.893925,USD,23.674877791622738,2.0866,USD,-16.745800582532027,3.02787246841789,Consumer non-durables,Food: specialty/candy,Neutral,16.276776367965855,16.341598962606188
CHE,Chemed Corp,519.01,USD,-0.1596645121575948,132298,0.8746662929059063,6783440598.1468525,USD,26.069245412855558,19.9089,USD,2.3551730520081344,0.480917205293937,Health services,Hospital/Nursing management,Neutral,20.013882194157908,20.335390341855224
ACT,"Enact Holdings, Inc.",49.3,USD,0.06088897909477173,302046,0.766232652673973,6777945146.230971,USD,10.392512331885829,4.7438,USD,7.784240661637735,1.82666937284352,Finance,Multi-line insurance,Neutral,9.992618029439509,10.270610803432591
NAVN,"Navan, Inc.",26.64,USD,-4.103671706263501,4266284,1.8023356393892358,6775384975.645788,USD,,-1.4362,USD,-85.00579672806904,0,Technology services,Packaged software,Strong buy,97.75501067819374,105.05063251206664
JOBY,"Joby Aviation, Inc.",6.84,USD,1.4836795252225465,30724871,1.3583645026427076,6765609760.397625,USD,,-0.9805,USD,7.325141776937619,0,Electronic technology,Aerospace & defense,Neutral,,
S,"SentinelOne, Inc.",19.43,USD,-2.263581488933598,5828742,0.5827957498641109,6762594373.647385,USD,,-1.0099,USD,23.480830428852858,0,Technology services,Packaged software,Buy,48.89747887316855,60.837001922486834
BLDR,"Builders FirstSource, Inc.",62.58,USD,-4.879160966712278,2784275,1.2900108857084016,6733385985.108069,USD,68.05872756933115,0.9195,USD,-86.04047427469675,0,Retail trade,Home improvement chains,Buy,17.088075128549672,20.11921066337455
MSM,"MSC Industrial Direct Company, Inc.",120.38,USD,-0.8483650440655639,565035,1.101146407542366,6722777582.101803,USD,29.130066545674527,4.1325,USD,16.559485530546635,2.86632073140598,Distribution services,Wholesale distributors,Neutral,22.820364227268684,26.09217921716093
MAC,Macerich Company (The),23.58,USD,1.462994836488812,6471459,2.761929003357484,6686330284.703959,USD,,-0.3213,USD,45.78130273371583,2.92598967297763,Finance,Real estate investment trusts,Buy,1546.128122746049,
ETSY,"Etsy, Inc.",72.82,USD,-4.82289896745525,4917475,1.7186984966702865,6683547479.001175,USD,42.84033415695964,1.6998,USD,35.9404990403071,0,Retail trade,Internet retail,Buy,17.43751397850698,22.085285231367774
MATX,"Matson, Inc.",223.29,USD,-1.0195487388625433,187293,0.7396406941587921,6677142948.539385,USD,14.928995507060334,14.9568,USD,1.1325755782897002,0.647191808147524,Transportation,Marine shipping,Strong buy,13.119322319346244,13.668877577568079
MAAS,Maase Inc.,15.1,USD,-7.645259938837931,129019,1.006466177965381,6676851400.226299,USD,,,,,0,Technology services,Packaged software,No rating,,
PLXS,Plexus Corp.,249.9,USD,1.5936254980079747,173015,0.7628634971922003,6660359576.653387,USD,36.86493184634448,6.7788,USD,15.340638399237735,0,Electronic technology,Electronic production equipment,Buy,24.96919317133033,28.751676749696
POWL,"Powell Industries, Inc.",182.49,USD,0.7285974499089373,776485,1.4741479013727599,6648578497.708562,USD,34.9510658265183,5.2213,USD,8.781615900662528,0.198250262184688,Producer manufacturing,Electrical products,Buy,29.091056329428913,33.89098983270305
ORA,"Ormat Technologies, Inc.",107.97,USD,2.3897581792318596,864997,1.4025781258994163,6639824485.860598,USD,52.89535567313345,2.0412,USD,-5.416801816412596,0.455192034139403,Utilities,Electric utilities,Buy,56.51666396218612,42.43593341366958
USAR,"USA Rare Earth, Inc.",17.66,USD,0.2839295854628093,16995850,1.35164942090942,6623852431.080069,USD,,-2.3959,USD,-189.8499879022502,0,Producer manufacturing,Metal fabrication,Strong buy,,
BILI,Bilibili Inc.,16.2,USD,6.369008535784627,7119823,1.7013526209068697,6609823613.75888,USD,33.75703271514899,0.4799,USD,593.4971098265896,0,Technology services,Packaged software,Strong buy,15.211946718355975,16.02590516581229
TTD,"The Trade Desk, Inc.",14.02,USD,-2.8413028413028423,19798501,1.0748609783290375,6587725813.796258,USD,16.638974602421076,0.8426,USD,1.5915119363395211,0,Technology services,Packaged software,Neutral,123.40788859841385,35.72393197674122
VNO,Vornado Realty Trust,35.26,USD,-3.6348729160973083,1190311,1.15390808469799,6583766101.0560255,USD,1421.774193548387,0.0248,USD,-99.38629052214797,2.02241049467068,Finance,Real estate investment trusts,Neutral,,
QBTS,D-Wave Quantum Inc.,17.67,USD,6.574185765983133,35819778,2.3116991735082126,6581013903.711099,USD,,-0.7085,USD,32.81813009671913,0,Electronic technology,Computer processing hardware,Strong buy,,
HIMS,"Hims & Hers Health, Inc.",28.17,USD,1.6600505232767984,8566788,0.8370946852269231,6572438655.905088,USD,,-0.623,USD,-177.97246558197747,0,Health services,Medical/Nursing services,Neutral,133.4242721343621,
MMED,"MiniMed Group, Inc.",23.32,USD,0.1503113592441492,1052149,0.4220143832778261,6561080676.012883,USD,,,,,0,Health technology,Medical specialties,Strong buy,36.70793423424133,34.30652853826532
LNTH,"Lantheus Holdings, Inc.",100.44,USD,-0.5249083886302874,1088871,1.0296168586686754,6555956859.810241,USD,24.27435531817193,4.1377,USD,9.907827980981214,0,Health technology,Medical specialties,Neutral,17.82747603833866,18.637966227500463
AAON,"AAON, Inc.",79.4,USD,0,1253195,1.1249728450651633,6546819443.000001,USD,41.53371344876288,1.9117,USD,30.331333515134972,0.503778337531486,Producer manufacturing,Industrial machinery,Strong buy,29.1115691722415,33.62845051620096
INGM,Ingram Micro Holding Corporation,28.38,USD,-1.5950069348127631,1280647,1.0895423596582947,6546185069.369625,USD,15.449101796407186,1.837,USD,61.537108688005624,1.15117891816921,Technology services,Information technology services,Buy,8.072053458724161,8.328955593577488
HR,Healthcare Realty Trust Incorporated,19.06,USD,-0.313807531380765,2693116,0.8647142091726461,6532238856.672593,USD,,-0.2581,USD,77.63043855087537,5.02092050209205,Finance,Real estate investment trusts,Buy,331.36876510370485,
EPRT,"Essential Properties Realty Trust, Inc.",29.89,USD,0.8434547908232118,1174779,0.934208531986081,6517489138.879555,USD,23.22996813554053,1.2867,USD,8.417593528816976,4.18353576248313,Finance,Real estate investment trusts,Strong buy,23.406274667034193,22.701260075630362
ENS,EnerSys,180.52,USD,-0.7641141223681966,402826,0.7490333203481999,6510494312.058052,USD,19.3108760068891,9.3481,USD,6.6404289299566575,0.5772085097026,Producer manufacturing,Electrical products,Buy,14.000165811846365,13.50355350962607
CGON,"CG Oncology, Inc.",73.4,USD,-1.700816927815717,550836,0.8645924500961223,6506203235.754654,USD,,-2.6953,USD,-60.32954613050978,0,Health technology,Biotechnology,Strong buy,,
MGY,Magnolia Oil & Gas Corporation,27.42,USD,2.3134328358208993,6220885,2.1045224421815667,6497678756.216418,USD,12.015249112659394,2.2821,USD,18.921313183949962,2.46268656716418,Energy minerals,Oil & gas production,Buy,9.580809868443811,9.399079356406439
GTES,Gates Industrial Corporation Ltd.,25.65,USD,-1.1560693641618525,1508923,0.8499119685089576,6493327671.1213875,USD,18.165722379603398,1.412,USD,81.51433346188455,0,Producer manufacturing,Electrical products,Buy,14.058253236001624,15.307885440917827
CPB,The Campbell's Company,21.76,USD,1.7773620205799934,11111500,1.1778512073989853,6488967479.91768,USD,16.46613696556943,1.3215,USD,-34.204630321135184,7.29653882132835,Consumer non-durables,Food: specialty/candy,Neutral,12.837409722214028,12.809758021551714
KGS,"Kodiak Gas Services, Inc.",64.14,USD,2.4764339351334033,1749498,1.0667474944514737,6484812783.738615,USD,76.53937947494033,0.838,USD,-5.789769533445755,3.13149065345902,Industrial services,Oilfield services/Equipment,Strong buy,25.25945683897628,30.77001310148204
PL,Planet Labs PBC,17.81,USD,-1.7108167770419551,25867421,2.3436556515465963,6480132878.034216,USD,,-1.0997,USD,-262.4588002636783,0,Technology services,Packaged software,Buy,,
DSGX,The Descartes Systems Group Inc.,75.56,USD,-4.28173296174309,548037,0.7459678599395617,6474798680.743701,USD,37.0174470684433,2.0411996500000003,USD,21.920295320775192,0,Technology services,Packaged software,Strong buy,31.88893399969782,32.515298673408154
FNB,F.N.B. Corporation,18.32,USD,-1.874665238350302,3396300,1.0365998207353477,6466977916.704873,USD,10.908657853995475,1.6794,USD,30.448966910051254,2.62453133369041,Finance,Major banks,Buy,10.277048355419824,10.858941051716892
MIRM,"Mirum Pharmaceuticals, Inc.",99.53,USD,-1.357779980178399,638466,1.4652564266448063,6462702481.527452,USD,,-14.5472,USD,-1101.5528206822498,0,Health technology,Pharmaceuticals: major,Strong buy,,
DOX,Amdocs Limited,59.97,USD,-3.600707281787497,1008141,0.9186566743921448,6451032723.473075,USD,14.337286028497656,4.1828,USD,-15.478499838344648,3.52354926860633,Technology services,Information technology services,Buy,7.629285668850582,8.086569579288025
POOL,Pool Corporation,177.34,USD,-4.254400172767517,563405,0.9228428943529527,6444668263.188209,USD,16.30697648757253,10.8751,USD,0.3534253654215226,2.75348234531908,Distribution services,Wholesale distributors,Buy,15.565400398728436,16.148652838657984
SWX,"Southwest Gas Holdings, Inc.",88.88,USD,0.9311832841244528,658546,1.5234517687115274,6438987341.787871,USD,12.405784154988554,7.1644,USD,166.79079466746106,2.87304110833523,Utilities,Gas distributors,Strong buy,18.94076620599063,20.899693229750365
UBSI,"United Bankshares, Inc.",47.27,USD,-1.170813297093864,741464,0.9303603687141319,6438769160.233538,USD,12.901200873362447,3.664,USD,29.442521020278388,3.15701442609241,Finance,Regional banks,Neutral,12.588548601864183,12.746967437929658
RIG,Transocean Ltd (Switzerland),5.76,USD,-1.538461538461536,44097283,1.1858124539857597,6433229426.215385,USD,,-1.7737,USD,3.916576381365115,0,Industrial services,Contract drilling,Buy,31.995911633513497,25.369084951199746
ANF,Abercrombie & Fitch Company,151.43,USD,1.175920358121213,1931905,0.5283166778688801,6425838021.146657,USD,12.970005310310569,11.6754,USD,10.50599125447214,0,Retail trade,Apparel/Footwear retail,Buy,12.270393015591495,11.732753247872175
TXNM,"TXNM Energy, Inc.",58.09,USD,0.1551724137931093,1666964,1.1908683925558472,6397205125.977932,USD,32.26863681813132,1.8002,USD,-7.316068578489414,2.88793103448276,Utilities,Electric utilities,Neutral,20.165237615857258,20.002010875254115
WEX,WEX Inc.,187.34,USD,-3.388169769480683,407985,0.758595030350495,6384848529.400134,USD,18.65546051124765,10.0421,USD,26.891924335662566,0,Commercial services,Miscellaneous commercial services,Neutral,9.155092118044294,9.336222675140267
NPO,Enpro Inc.,301.08,USD,1.3908065330863768,163640,1.1719720772137947,6373165579.048055,USD,146.85396546678373,2.0502,USD,-48.68085106382979,0.424313857551776,Producer manufacturing,Industrial machinery,Strong buy,29.17237766892665,31.39935499292294
LEA,Lear Corporation,128.91,USD,-4.2842292842292915,625698,1.02979790748083,6358455013.751707,USD,12.016107232408348,10.7281,USD,25.316559200074746,2.28690228690229,Producer manufacturing,Auto parts: OEM,Buy,8.207769716379566,8.562988850445151
INGR,Ingredion Incorporated,100.7,USD,-0.5530317993284636,749959,1.2810181337175914,6350542930.396997,USD,10.969976905311778,9.1796,USD,-10.412335919582285,3.23918625320956,Consumer non-durables,Food: specialty/candy,Neutral,9.125159123926728,9.559830106534672
FSV,FirstService Corporation,138.86,USD,-3.6430504475747685,199687,0.7999959937502504,6349024132.387153,USD,40.4164330434232,3.4357311999999998,USD,8.68389809226964,0.810884445780718,Finance,Real estate development,Strong buy,22.047327606998053,22.32436269267971
LOAR,Loar Holdings Inc.,67.7,USD,-0.22107590272659028,882541,1.3307537763002029,6342709203.97642,USD,95.31184006757708,0.7103,USD,51.224185650415166,0,Electronic technology,Aerospace & defense,Buy,46.765027496040176,49.40761942850638
LKQ,LKQ Corporation,24.9,USD,-2.505873140172281,3337845,1.218874575962217,6299752278.300705,USD,13.713719226744505,1.8157,USD,-33.29292038649473,4.69851213782302,Consumer durables,Automotive aftermarket,Buy,8.564959889157725,9.276047345839729
MTG,MGIC Investment Corporation,30.66,USD,-1.1286681715575666,1251345,0.8305617410146349,6289127867.878103,USD,9.581249999999999,3.2,USD,4.869895785541066,1.99935504675911,Finance,Property/Casualty insurance,Neutral,9.40216807985403,9.559612414774932
RSI,"Rush Street Interactive, Inc.",27.02,USD,1.274362818590704,5875118,3.18208970647965,6262516090.17916,USD,91.12984822934233,0.2965,USD,47.07341269841269,0,Consumer services,Casinos/Gaming,Strong buy,35.906785877550156,43.58725355134489
VSXY,Victorias Secret & Co.,78.47,USD,3.851244044467968,1970519,0.8356737698464246,6259083866.328877,USD,17.7313297932437,4.4255,USD,147.6358345923564,0,Retail trade,Apparel/Footwear retail,Buy,15.723995093039482,16.66604012380487
ORKA,"Oruka Therapeutics, Inc.",94.31,USD,1.9457355961517642,868274,1.0955215383738002,6244236376.788996,USD,,-2.4628,USD,32.27367726322737,0,Health technology,Pharmaceuticals: major,Strong buy,,
TVTX,"Travere Therapeutics, Inc.",66.07,USD,1.2101715686274388,1360845,1.1636010139958413,6227829299.133424,USD,,-0.7637,USD,62.560054907343854,0,Health technology,Pharmaceuticals: major,Strong buy,33.6849683059474,
GATX,GATX Corporation,176.32,USD,-1.004996912020673,185034,1.159649361401301,6224095887.145697,USD,17.476459510357813,10.089,USD,15.354272189890352,1.42608500364943,Transportation,Railroads,Strong buy,17.074073901921683,17.238995718995767
GLBE,Global-E Online Ltd.,36.93,USD,-3.752931978107891,1083857,0.9584844538336434,6203035612.314308,USD,42.128678986995205,0.8766,USD,,0,Retail trade,Internet retail,Strong buy,26.530591719121997,30.653560809924677
ST,Sensata Technologies Holding plc,42.59,USD,-1.137418755803145,2536729,2.0962169694868273,6198372462.470752,USD,70.33856317093311,0.6055,USD,-19.949762030671593,1.1142061281337,Electronic technology,Electronic equipment/Instruments,Buy,10.914518231268877,11.327938089187764
LGN,Legence Corp.,57.04,USD,7.683594487445725,1013986,1.288109643780682,6164625330.096281,USD,,-0.5339,USD,-11.275531471446444,0,Industrial services,Engineering & construction,Strong buy,25.264772960314726,43.433202795136765
CACC,Credit Acceptance Corporation,593.78,USD,-1.8091017330334789,157688,1.4339496360746256,6163780462.8713455,USD,13.057140658156591,45.4755,USD,31.089958864581728,0,Finance,Finance/Rental/Leasing,Neutral,11.532567694985667,12.234694397926337
ELF,"e.l.f. Beauty, Inc.",104.31,USD,-4.8873894410504235,1455003,0.9113359054457437,6155123918.835597,USD,106.0384263494968,0.9837,USD,-41.65134349605552,0,Consumer non-durables,Household/Personal care,Buy,34.11276080842436,28.88080845221183
ESNT,Essent Group Ltd.,68.44,USD,-1.0696733159872926,453434,0.7463690895342011,6151147370.134143,USD,9.555189456342669,7.1626,USD,4.4659004725512,1.96588609424689,Finance,Specialty insurance,Buy,9.11864268124335,9.184864727905092
LYFT,"Lyft, Inc.",16.24,USD,-2.8708133971291896,15625772,1.6156477049971596,6147493451.172248,USD,2.2712651394366588,7.1502,USD,3166.423024211969,0,Transportation,Other transportation,Buy,19.310987761780414,28.192878173434806
AGX,"Argan, Inc.",436.78,USD,4.495322854613738,470828,1.1649400616085015,6127953993.161607,USD,34.53106594249302,12.6489,USD,52.22581926275377,0.478480346419771,Industrial services,Engineering & construction,Strong buy,33.78558168316831,33.900962434026695
ECG,"Everus Construction Group, Inc.",119.95,USD,2.3114977823268577,361019,0.7526855491146298,6125106913.714176,USD,24.1270415962668,4.9716,USD,53.09006928406465,0,Industrial services,Engineering & construction,Buy,21.643810898592566,22.632075471698116
GDS,GDS Holdings Limited,32,USD,2.0245496572612836,1421084,1.299366018183283,6124844675.29776,USD,16.00640256102441,1.9992,USD,13687.586206896553,0,Technology services,Data processing services,Strong buy,121.56969992665657,42.58134687613199
STEP,StepStone Group Inc.,50.74,USD,-0.35349567949725,916982,1.0302620995535854,6123134062.016497,USD,,-7.7236,USD,-150.2138136581573,2.84760408483896,Finance,Investment managers,Strong buy,19.181522832968025,20.468979249844587
COGT,"Cogent Biosciences, Inc.",35.28,USD,1.4959723820483404,2244424,1.6449477835071342,6121960950.531647,USD,,-2.445,USD,4.919307797005641,0,Health technology,Biotechnology,Strong buy,,
RYN,Rayonier Inc. REIT,20.44,USD,-0.09775171065493438,2749538,0.7217383997872535,6115191715.462367,USD,45.371809100998895,0.4505,USD,-80.78153662386417,0,Finance,Real estate investment trusts,Buy,36.74890823020926,48.99657695147326
DNTH,"Dianthus Therapeutics, Inc.",109.13,USD,0.9528214616096218,631128,1.2641729919249551,6104118757.151803,USD,,-4.1519,USD,-27.570208320530952,0,Health technology,Biotechnology,Strong buy,,
SNDR,"Schneider National, Inc.",34.64,USD,-1.1415525114155212,629248,1.0354300014184243,6072423349.990868,USD,54.611382626517425,0.6343,USD,-10.937938781241236,1.11301369863014,Transportation,Trucking,Buy,25.508588529677297,32.479496380280146
IBP,"Installed Building Products, Inc.",228.04,USD,-4.413798885023264,299438,1.0894608944452187,6061115904.574087,USD,24.54523927410501,9.2906,USD,3.333370407856829,0.637129563650082,Industrial services,Engineering & construction,Neutral,20.983479604552873,21.835269533058064
LQDA,Liquidia Corporation,67.68,USD,-1.4273230410719338,1330043,1.313282883836479,6057961879.836878,USD,49.60785750934546,1.3643,USD,,0,Health technology,Pharmaceuticals: major,Buy,15.201500743903228,22.059973924380706
MBGL,Mobility Global Inc.,20.52,USD,-0.291545189504367,4594351,1.2553048905089725,6049733454.892128,USD,,,,,0,Technology services,Internet software/Services,Buy,13.554369071202052,
CZR,"Caesars Entertainment, Inc.",29.66,USD,-0.06738544474393388,1823261,0.6835405149348718,6044118446.541105,USD,,-2.2815,USD,-146.64864864864862,0,Consumer services,Casinos/Gaming,Neutral,,
NICE,NICE Ltd,101.47,USD,-3.819905213270143,309557,0.8583155601841531,6032242237.8051405,USD,14.661599815050284,6.9208,USD,-18.04854943753701,0,Technology services,Information technology services,Buy,8.531143423763845,9.080632291934766
MXL,"MaxLinear, Inc",66.5,USD,5.992986930188074,2294326,1.1432664620806137,6031096890.580173,USD,,-1.1897,USD,51.948786299931335,0,Electronic technology,Semiconductors,Buy,27.484063376183673,38
LSTR,"Landstar System, Inc.",177.46,USD,-0.2585431654676144,247330,0.7480189579995808,6022446468.128261,USD,45.95623462385084,3.8615,USD,-19.015561427792463,0.921762589928058,Transportation,Trucking,Neutral,25.893327835414972,29.92207210602254
GBCI,"Glacier Bancorp, Inc.",46.23,USD,-1.2812299807815535,685338,0.7424224139555975,6019699139.037796,USD,18.916485944596747,2.4439,USD,26.903105203032517,2.81870595771941,Finance,Regional banks,Buy,13.697777777777777,15.215580385691757
CORZ,"Core Scientific, Inc.",18.73,USD,4.695360536612632,13388856,1.207842198054313,6018705928.611514,USD,,-4.4282,USD,-658.2534246575343,0,Technology services,Packaged software,Strong buy,416.94492676194295,
JBTM,JBT Marel Corporation,115.96,USD,-1.4950730547060866,499558,1.146390230905984,6015635622.249744,USD,31.57608103692408,3.6724,USD,,0.339789330615019,Producer manufacturing,Industrial machinery,Buy,13.538820782253357,14.407206087901848
KNSA,"Kiniksa Pharmaceuticals International, plc",77.09,USD,-1.052496470286219,677304,1.5070463401218626,6014871391.8964205,USD,78.38332486019318,0.9835,USD,2292.9440389294405,0,Health technology,Pharmaceuticals: major,Strong buy,48.566442597854234,55.349732190295676
CHDN,"Churchill Downs, Incorporated",85.83,USD,-1.4241414953485643,735147,0.820461728258931,5982371671.357529,USD,14.72743183651058,5.8279,USD,0.17704895489548914,0.503043528195705,Consumer services,Movies/Entertainment,Strong buy,11.878887661125491,12.323586983661736
HWC,Hancock Whitney Corporation,74.55,USD,-1.7009493670886155,592569,1.0205958965971698,5980628310.656645,USD,14.5987545529315,5.1066,USD,-5.777072531689937,2.50527426160338,Finance,Regional banks,Buy,10.703525271733863,11.48293432639536
HOMB,"Home BancShares, Inc.",29.79,USD,-1.1940298507462668,1226524,0.9263193637439577,5959478151.14627,USD,12.320099255583125,2.418,USD,10.663615560640736,2.85240464344942,Finance,Regional banks,Buy,11.691307106972515,11.847705088786201
EPAM,"EPAM Systems, Inc.",115.31,USD,-1.4781271360218762,1080491,1.1100191750860515,5948494584.785458,USD,15.61852388627775,7.3829,USD,5.272989120360476,0,Technology services,Information technology services,Buy,8.509911600534963,8.773470898759959
G,Genpact Limited,35.35,USD,-5.278670953912108,2830025,1.4375240548223147,5940016294.800375,USD,10.529921658574365,3.3571,USD,11.38354346383544,1.91586280814577,Commercial services,Miscellaneous commercial services,Buy,8.25890004534802,8.580969763672568
VAL,Valaris Limited,85.51,USD,-1.4180308969333524,1362287,1.630546265142064,5937455648.384599,USD,6.384726235542714,13.3929,USD,248.70079150177045,0,Industrial services,Contract drilling,Neutral,13.976812645983404,29.023236238485403
M,Macy's Inc,22.45,USD,-2.6030368763557545,6376066,1.1878572290871479,5905202092.915401,USD,9.2360225449459,2.4307,USD,22.90539515598927,3.24425162689805,Retail trade,Department stores,Neutral,9.879070496078954,10.02493507235815
YOU,"Clear Secure, Inc.",43.6,USD,-1.646740356417769,1207576,0.7507238356260105,5898560614.13941,USD,29.761092150170647,1.465,USD,-21.506643806258037,1.24069478908189,Technology services,Packaged software,Buy,21.190765492102067,23.825136612021858
RRR,"Red Rock Resorts, Inc.",56.12,USD,-1.8022747156605445,1623079,1.8903252435698878,5893508760.046894,USD,19.857051871771283,2.8262,USD,7.6237623762376305,1.80227471566054,Consumer services,Hotels/Resorts/Cruise lines,Strong buy,21.79725600045987,20.713692259936906
QLYS,"Qualys, Inc.",170.32,USD,-0.7748325080104936,550994,0.9046494067750277,5892220398.015497,USD,29.501325065387213,5.7733,USD,15.010558189569304,0,Technology services,Packaged software,Neutral,21.149385665728197,21.75215720812237
ACI,"Albertsons Companies, Inc.",12.14,USD,-3.2669322709163353,7765682,1.3189847192776967,5891853888.691632,USD,162.2994652406417,0.0748,USD,-95.43958053895867,5.0996015936255,Retail trade,Food retail,Neutral,,6.765228730488668
PEGA,Pegasystems Inc.,35.8,USD,-4.1755888650963655,2566532,1.1275889299167297,5885696866.948607,USD,20.22484605389526,1.7701,USD,53.10959259579623,0.321199143468951,Technology services,Information technology services,Buy,13.706974744324718,14.602732260943483
UEC,Uranium Energy Corp.,11.89,USD,3.0329289428076383,7921995,0.8908429095258155,5884032524.840555,USD,,-0.2188,USD,-21.420643729189788,0,Non-energy minerals,Other metals/Minerals,Strong buy,,
STWD,Starwood Property Trust Inc.,15.88,USD,-1.2437810945273478,3563469,0.9127574556808664,5878282823.293532,USD,26.675625734923567,0.5953,USD,-45.25473606768438,11.9402985074627,Finance,Real estate investment trusts,Buy,9.32942139962471,10.184873410617795
NTSK,"Netskope, Inc.",14.35,USD,2.9411764705882364,5675376,0.9487820526869658,5863233656.617648,USD,,-1.8611,USD,-124.09391932570739,0,Technology services,Packaged software,Strong buy,,
RNG,"RingCentral, Inc.",70.19,USD,-4.360267066357818,1373996,0.9559297699869044,5861297579.468455,USD,55.901561006690024,1.2556,USD,,0.374710451015125,Technology services,Packaged software,Neutral,13.254933020004016,13.945103299857667
CWST,"Casella Waste Systems, Inc.",92.07,USD,-1.5609964717203122,398618,0.9260316272214986,5859320714.362985,USD,1028.7150837988827,0.0895,USD,-50.49778761061947,0,Industrial services,Environmental services,Buy,67.5040581618543,68.85802771522526
ROAD,"Construction Partners, Inc.",103.1,USD,-1.5093618647306195,385390,0.6889121590967188,5851497650.177684,USD,40.56180659375246,2.5418,USD,85.7905123894452,0,Industrial services,Engineering & construction,Buy,28.37354110874772,33.1689043612766
AROC,"Archrock, Inc.",33.36,USD,2.049556439278072,1849065,0.9228158318488032,5849281457.025391,USD,17.918143731872384,1.8618,USD,40.92801453334343,2.69195472621597,Industrial services,Oilfield services/Equipment,Strong buy,17.21289398487783,19.3953488372093
EXP,Eagle Materials Inc,190.58,USD,-2.005347593582876,358556,1.050196225683407,5846103022.022727,USD,15.074550128534705,12.6425,USD,-6.856894468511478,0.514191690662279,Non-energy minerals,Construction materials,Neutral,14.574240683436908,15.086172776178762
RUSHB,"Rush Enterprises, Inc.",50.68,USD,-2.1999228097259755,95893,1.0766386787342126,5837861430.015438,USD,22.937316134872145,2.2095,USD,-5.451666737986229,0.977769201080664,Retail trade,Specialty stores,Buy,17.59926935945674,20.553484075105384
DLB,Dolby Laboratories,62.32,USD,0.5810200129115549,672483,0.6256112655668344,5837439156.344739,USD,26.426935798490373,2.3582,USD,-13.355623323657998,2.32408005164622,Technology services,Packaged software,Buy,13.745113283597727,14.421502664113438
RUSHA,"Rush Enterprises, Inc.",49.8,USD,-2.2571148184494714,493275,1.0232840203051328,5834447536.7811575,USD,22.539035980991176,2.2095,USD,-5.451666737986229,0.994465161923454,Retail trade,Specialty stores,Buy,17.293678257714003,20.196596427392425
POR,Portland General Electric Co,49.47,USD,1.4561115668580822,649568,0.6838593041767796,5818054812.171042,USD,21.895193414180756,2.2594,USD,-17.086238532110098,4.3606439704676,Utilities,Electric utilities,Neutral,13.393905082779856,14.571986556186244
TFX,Teleflex Incorporated,137,USD,-0.9829430471234558,496118,0.9058546102236801,5805018602.956057,USD,,-23.2915,USD,-648.306221897879,0.982943047123446,Health technology,Medical specialties,Buy,14.797692856062735,19.016024817994435
BIRK,Birkenstock Holding plc,32.62,USD,-4.0588235294117725,2155199,0.9259593900970076,5802700603.012353,USD,15.24726558848275,2.1394,USD,19.15343915343916,0,Consumer non-durables,Apparel/Footwear,Buy,12.106245651349534,14.317408046321159
VSEC,VSE Corporation,206.72,USD,1.3780589475749117,337040,1.1080565548067838,5801591100.525525,USD,76.18486032284218,2.7134,USD,55.30879743575067,0.19616497474376,Industrial services,Engineering & construction,Strong buy,28.077911314167675,30.36599009109797
XENE,Xenon Pharmaceuticals Inc.,59.55,USD,-0.3347280334728081,608507,0.972466956480327,5766847678.757322,USD,,-4.7436,USD,-33.878979453601254,0,Health technology,Pharmaceuticals: major,Strong buy,,
ASB,Associated Banc-Corp,30.51,USD,-1.8023817186997062,1964912,1.1424487500120646,5761802922.152559,USD,10.662985356306574,2.8613,USD,276.83392598445937,3.05761184422272,Finance,Major banks,Buy,9.718940721469686,10.300566548040782
LGND,Ligand Pharmaceuticals Incorporated,288.83,USD,1.1309523809523674,216423,1.2448291015175637,5758002307.091665,USD,30.87868971636892,9.3537,USD,,0,Health technology,Pharmaceuticals: major,Strong buy,28.014347908657104,31.006515308037805
MKTX,"MarketAxess Holdings, Inc.",163.32,USD,-0.03672420124862423,1502891,1.7563073594849288,5747702993.526993,USD,19.248084855627578,8.485,USD,42.77060793188738,1.89741706451218,Finance,Investment banks/Brokers,Neutral,19.803144713189667,20.56069565953039
AUB,Atlantic Union Bankshares Corporation,40.22,USD,-1.686629186018083,1664493,1.7449964937426752,5744015080.390125,USD,12.030390045465422,3.3432,USD,62.62282323183188,3.61769738450257,Finance,Regional banks,Buy,10.347750804960848,10.676112185712325
PTCT,"PTC Therapeutics, Inc.",68.81,USD,-0.7070707070706997,1118323,1.5409051401763565,5742938437.378789,USD,,-0.5938,USD,-108.51436027587789,0,Health technology,Pharmaceuticals: major,Buy,56.94678814652729,55.21222323679553
ABCB,Ameris Bancorp,84.99,USD,-1.2318419523532858,324579,1.0711199009199488,5703444425.380477,USD,15.37696079318268,5.5271,USD,-2.554654442877289,0.929692039511912,Finance,Regional banks,Buy,12.549500685209528,12.80796610583277
SXT,Sensient Technologies Corporation,133.93,USD,-0.6748739246514363,221074,0.6745801076464759,5700437364.39773,USD,36.199254013730474,3.6998,USD,16.56952014871294,1.21625630376743,Consumer non-durables,Food: specialty/candy,Buy,30.20030788845211,32.02507104195182
ERAS,"Erasca, Inc.",16.28,USD,0.5558987029030256,4264687,1.0148652620487566,5694125937.190858,USD,,-0.9548,USD,-110.63313478932275,0,Health technology,Pharmaceuticals: major,Strong buy,,
BGC,"BGC Group, Inc.",11.97,USD,-1.6433853738701667,1701145,0.7103451172925773,5691334073.84963,USD,30.015045135406222,0.3988,USD,31.791143423661605,0.657354149548069,Finance,Investment banks/Brokers,Strong buy,8.142857142857142,8.519572953736654
MCY,Mercury General Corporation,102.64,USD,-1.8080933703243092,305803,1.2332282800908982,5685088907.690424,USD,6.068202241876744,16.9144,USD,140.13856550627523,1.21496221180522,Finance,Property/Casualty insurance,Buy,8.750884552096922,8.051238003349454
RDNT,"RadNet, Inc.",71.97,USD,-2.360602360602354,455283,0.7384104719694401,5663877827.622711,USD,,-0.2765,USD,-34.8122866894198,0,Health services,Medical/Nursing services,Strong buy,104.62915311008959,139.94158892133947
BKH,Black Hills Corporation,74.19,USD,1.3386149433137606,689065,0.9098261194492968,5657220631.510449,USD,18.698961588869846,3.9676,USD,0.04034291477558809,3.80412511951919,Utilities,Gas distributors,Buy,15.920600858369097,17.081352040011666
HRB,"H&R Block, Inc.",45.89,USD,-6.461475743986958,2281877,1.669890392350992,5656673343.616184,USD,8.020063265698457,5.7219,USD,27.84368925531202,3.42437831227069,Consumer services,Other consumer services,Neutral,7.340051183621241,7.461788617886178
OTEX,Open Text Corporation,23.36,USD,-2.4634655532359075,1327850,0.9643047826205677,5656080452.57971,USD,9.313671704555023,2.5081408,USD,48.37103750521127,4.58578200483092,Technology services,Packaged software,Neutral,5.931434546391258,5.87698711593662
NOVT,Novanta Inc.,149.31,USD,0.6403343219196471,304981,0.9855127069584441,5646570977.840253,USD,95.43624161073825,1.5645,USD,-7.878466701996109,0,Electronic technology,Electronic equipment/Instruments,Strong buy,37.421052631578945,40.4268989554963
ENVA,"Enova International, Inc.",225.79,USD,-2.077370110157004,174738,0.665983676848246,5621803174.204571,USD,16.741927112297482,13.4865,USD,43.19767256665356,0,Finance,Finance/Rental/Leasing,Strong buy,11.658376873464867,13.020511962908927
RLI,RLI Corp.,61.14,USD,-2.019230769230766,375948,0.7595545889200812,5610999652.307693,USD,12.852097872698225,4.7572,USD,36.083299959951944,1.08974358974359,Finance,Multi-line insurance,Neutral,22.9406421203547,21.369321218226066
FLG,"Flagstar Bank, N.A.",13.5,USD,-0.14792899408283708,3029663,0.7806077225274489,5603753455.029587,USD,668.3168316831683,0.0202,USD,,0.29585798816568,Finance,Major banks,Buy,16.976113978886744,40.19902986341263
OZK,Bank OZK,49.26,USD,-2.3200475907198133,849835,0.8874684548137595,5587655429.164783,USD,8.138651158179956,6.0526,USD,-1.8072680077871466,3.68828078524688,Finance,Regional banks,Neutral,8.571606059008355,8.514564555039676
HLNE,Hamilton Lane Incorporated,101.17,USD,-1.8338831748496025,635863,1.2245728430211944,5583128726.584515,USD,15.414032147482288,6.5635,USD,26.17505142351833,2.15408499902969,Finance,Investment managers,Strong buy,14.68372089580422,14.271664095500666
FTDR,"Frontdoor, Inc.",81.04,USD,-1.8886198547215354,554560,1.415624506212375,5583113783.533174,USD,21.44539416232237,3.7789,USD,11.557536753852519,0,Consumer durables,Homebuilding,Buy,16.37966544573751,17.20008362330883
MC,Moelis & Company,68.77,USD,-0.36221385105766446,489742,0.8278480636068158,5578878746.103448,USD,23.944152362382923,2.8721,USD,13.172826857908435,3.76702405099971,Finance,Investment banks/Brokers,Neutral,19.53240385183435,22.30500875075085
HCC,"Warrior Met Coal, Inc.",105.58,USD,1.081857348013399,337680,0.6420463954954839,5574844064.300813,USD,25.392015392015388,4.158,USD,440.2104716123165,0.306366682623265,Energy minerals,Coal,Buy,15.332556588359486,17.332547529890356
WHD,"Cactus, Inc. Class A Common Stock",69.52,USD,-0.912200684150514,447447,0.60968454523455,5574073468.450399,USD,59.51035781544256,1.1682,USD,-56.003314251280514,0.812428734321551,Industrial services,Oilfield services/Equipment,Buy,22.18349824705052,23.321807735312245
FRVO,Fervo Energy Company,18.9,USD,4.074889867841401,5469554,0.5740531362770429,5571024342.621146,USD,,,,,0,Utilities,Alternative power generation,Strong buy,,
BYD,Boyd Gaming Corporation,76.52,USD,-1.9225839528326072,869055,1.0814694410264376,5559591792.541399,USD,3.368031866898479,22.7195,USD,249.9830550249553,0.974109202768521,Consumer services,Casinos/Gaming,Buy,10.297746446120122,10.514820854358051
RITM,Rithm Capital Corp.,9.95,USD,-1.2896825396825473,5903752,1.3644094017673172,5556149432.837301,USD,16.564008656567335,0.6007,USD,-53.52777347980814,9.92063492063492,Finance,Real estate investment trusts,Strong buy,4.482688712184353,4.324977505770258
PAGP,"Plains GP Holdings, L.P.",28.07,USD,0.6453926138400851,1955912,1.120359200112316,5555168780.446755,USD,10.263254113345521,2.735,USD,297.8760546988653,7.2158479741843,Industrial services,Oil & gas pipelines,Neutral,15.581416648857482,12.992044166470343
BBUC,Brookfield Business Corporation,27.13,USD,-3.176302640970737,424199,1.3404891564536552,5553804208.298001,USD,,-6.9144,USD,34.534506102121775,0.892219842969308,Finance,Financial conglomerates,Buy,4.433006535947713,8.709470304975921
CRUS,"Cirrus Logic, Inc.",110.76,USD,-2.164119777404813,1153718,1.2691985703174762,5551021048.719019,USD,13.55193931237,8.173,USD,27.963049945201202,0,Electronic technology,Semiconductors,Buy,13.462333179376232,13.136920011386279
CVLT,"Commvault Systems, Inc.",133.36,USD,-2.2323228620651645,327819,0.7141417800793005,5527046605.875737,USD,85.05102040816327,1.568,USD,-12.602419040187279,0,Technology services,Packaged software,Buy,24.433786929169866,24.45428491845791
MRX,Marex Group Limited,76.71,USD,-1.9931008049060974,957671,1.2170758742763346,5517816805.521656,USD,14.297696264817713,5.3652,USD,,0.792129807078063,Technology services,Internet software/Services,Strong buy,12.173811752021152,12.718309424812755
ALM,Almonty Industries Inc.,19.12,USD,8.821855435401256,10307383,1.8828444446133124,5515751718.547525,USD,77.97716150081567,0.2452,USD,,0,Non-energy minerals,Other metals/Minerals,Strong buy,20.622003634735997,29.827369419458304
PECO,"Phillips Edison & Company, Inc.",39.08,USD,0.3080082135523548,887120,1.2017707396623087,5514187751.236138,USD,36.03836222796016,1.0844,USD,105.8075536154868,3.30595482546201,Finance,Real estate investment trusts,Buy,50.49604482105432,45.42115686803224
CROX,"Crocs, Inc.",114.35,USD,-2.7056921637028903,887944,0.9742164167355043,5482519381.950992,USD,9.879220375298061,11.5748,USD,210.80798045165275,0,Consumer non-durables,Apparel/Footwear,Buy,7.913533145143264,8.196906393622827
NJR,NewJersey Resources Corporation,54,USD,1.1235955056179803,435318,0.8871663939858597,5479269398.089889,USD,14.951821907187949,3.6116,USD,-11.752919904217366,3.55805243445693,Utilities,Gas distributors,Buy,16.278853136708904,15.059174188352342
CNX,CNX Resources Corporation,37.03,USD,-1.226993865030677,1949330,1.4670979761464213,5478353013.300613,USD,6.191893518828172,5.9804,USD,911.5696887686065,0,Energy minerals,Oil & gas production,Neutral,10.964301914770394,11.8963211357758
AX,"Axos Financial, Inc.",96.5,USD,-1.4803471158754495,268391,1.087607624693087,5474912295.461969,USD,11.380522206759911,8.4794,USD,13.657261577642254,0,Finance,Major banks,Strong buy,10.003455079355387,9.991372217131051
PIPR,Piper Sandler Companies,77.34,USD,0.3894080996884698,480062,0.8662612967086863,5465640145.6783495,USD,17.928508507580325,4.3138,USD,45.593843869182216,0.973520249221184,Finance,Investment banks/Brokers,Buy,15.589048965214895,16.722162162162164
AMRX,"Amneal Pharmaceuticals, Inc.",17.05,USD,-2.236238532110095,2040125,1.2518873039098524,5444984372.368119,USD,35.580133555926544,0.4792,USD,7387.5,0,Health technology,Pharmaceuticals: major,Strong buy,17.199619489943014,16.923429669501797
BCPC,Balchem Corporation,170.56,USD,-0.6118524561505806,138261,0.8217290061228055,5437115321.581726,USD,33.55432708386615,5.0831,USD,16.46198964395362,0.559407959909096,Consumer non-durables,Food: specialty/candy,Buy,31.324150596877875,31.56570213236904
SIGI,"Selective Insurance Group, Inc.",90.9,USD,-1.3992840872111856,192931,0.6608323642796834,5414833015.099252,USD,11.277775709978785,8.0601,USD,31.929485710544412,1.86571211628159,Finance,Property/Casualty insurance,Neutral,10.67056582524149,11.212854643534223
NIQ,NIQ Global Intelligence plc,18.34,USD,-0.27188689505166236,1013197,0.8585455574923447,5409490504.9113655,USD,,-1.1911,USD,22.03822489854693,0,Technology services,Packaged software,Strong buy,15.358860529989556,16.787047063227856
MUR,Murphy Oil Corporation,37.58,USD,3.1284302963776085,1554796,1.1980271182627176,5388262240.2354555,USD,18.628860357904127,2.0173,USD,4.686040477426054,3.77332601536773,Energy minerals,Oil & gas production,Neutral,14.43134435768229,12.59586414566155
EXLS,"ExlService Holdings, Inc.",35.52,USD,-3.0303030303030285,1911430,0.9405173679546937,5385276265.69697,USD,22.38185255198488,1.587,USD,9.849795805357504,0,Technology services,Data processing services,Strong buy,14.849914274354676,15.520181697983034
GXO,"GXO Logistics, Inc.",46.71,USD,-3.331953642384105,1570282,1.4131995048750225,5356916601.68481,USD,41.18684419363372,1.1341,USD,114.87305797650625,0,Transportation,Air freight/Couriers,Strong buy,14.103124607491717,15.400552850503527
ACMR,"ACM Research, Inc.",76.91,USD,3.318108543793658,954065,1.2079382215878798,5356719745.733342,USD,36.53334600038001,2.1052,USD,27.72721757068316,0,Producer manufacturing,Industrial machinery,Strong buy,31.438352664656893,34.3038713731941
SAIC,Science Applications International Corporation,127.55,USD,0.6311637080867827,369017,0.57771606015798,5344043524.128204,USD,14.898960401822217,8.561,USD,3.482454761933542,1.16765285996055,Technology services,Information technology services,Neutral,12.461817060916351,11.795065658428214
BLSH,Bullish,35.53,USD,-1.3055555555555522,1197800,0.7897938432345598,5340237176.85639,USD,,-9.1257,USD,,0,Technology services,Packaged software,Buy,56.84045158802912,80.27401159940264
PSMT,"PriceSmart, Inc.",172.97,USD,-0.6490522688110256,178769,0.8278496534746541,5337944889.532108,USD,33.24364321270012,5.2031,USD,9.654373024236037,0.80413555427915,Retail trade,Specialty stores,Neutral,28.27076782666654,31.278481012658226
CAKE,The Cheesecake Factory Incorporated,107.21,USD,-0.3439300985313298,1442648,0.9631413412628842,5334837400.010597,USD,29.098360655737704,3.6844,USD,13.376619380250496,1.08756274400446,Consumer services,Restaurants,Neutral,23.140318913784235,23.901987804434874
MTRN,Materion Corporation,255.69,USD,4.68801179168031,276707,1.125305516582281,5326975258.313053,USD,59.576401509856,4.2918,USD,460.7264175594461,0.233377006223387,Electronic technology,Electronic equipment/Instruments,Buy,32.16226415094339,36.6693308065833
SBRA,"Sabra Health Care REIT, Inc.",20.81,USD,0.1443695861405081,2392763,1.384428811584761,5316180071.852261,USD,80.0076893502499,0.2601,USD,-65.78981980797055,5.77478344562079,Finance,Real estate investment trusts,Buy,28.38347838777478,43.30842214577519
VSNT,"Versant Media Group, Inc.",38.25,USD,-0.932400932400931,1370735,0.9714025732617054,5308805458.158508,USD,7.194176948540476,5.3168,USD,-37.475892563149735,0,Consumer services,Cable/Satellite TV,Neutral,8.28986661875521,9.340659340659341
SHC,Sotera Health Company,18.59,USD,-1.6402116402116333,2024904,1.1608076921687855,5305117172.003175,USD,32.69433696799156,0.5686,USD,579.3309438470728,0,Health technology,Medical specialties,Buy,18.08453718566078,18.88013097265682
XMTR,"Xometry, Inc.",92.45,USD,-0.08645844590943294,412550,0.8024125865284933,5299564327.157138,USD,,-0.5956,USD,51.466753585397655,0,Technology services,Information technology services,Buy,97.29407753217177,131.71072933124572
CRSP,CRISPR Therapeutics AG,54.78,USD,-1.8103602796200002,1386186,1.1243141265794858,5296823863.348629,USD,,-4.7611,USD,12.198945155460484,0,Health technology,Biotechnology,Buy,,
RGTI,"Rigetti Computing, Inc.",15.81,USD,4.0131578947368505,42273472,3.015333462462984,5276883678.507237,USD,,-0.8927,USD,-17.367867473047593,0,Electronic technology,Computer processing hardware,Buy,,
AIR,AAR Corp.,130.73,USD,3.311205942784877,541868,2.1251825670615294,5263038015.176229,USD,26.853867959410046,4.8682,USD,1356.236912952438,0,Electronic technology,Aerospace & defense,Strong buy,22.578587664695622,22.77526132404181
KRMN,Karman Holdings Inc.,39.69,USD,-0.7253626813406683,4106831,1.6217539103766192,5260262757.505753,USD,141.34615384615384,0.2808,USD,365.6716417910448,0,Electronic technology,Aerospace & defense,Strong buy,52.99213996654111,67.63711469509617
RELY,"Remitly Global, Inc.",24.83,USD,-5.1203668322506815,4683092,1.3205675153597203,5256115014.158196,USD,17.871023463365482,1.3894,USD,2126.6025641025644,0,Commercial services,Miscellaneous commercial services,Strong buy,28.79999257672362,17.847144205356443
PI,"Impinj, Inc.",171.82,USD,-0.4346062467404531,537828,1.6242662039148275,5249859437.395608,USD,,-0.9142,USD,-12797.222222222223,0,Electronic technology,Semiconductors,Buy,69.66434452184927,82.1141502341988
ACIW,"ACI Worldwide, Inc.",51.98,USD,-1.8319169027384439,969214,1.347152707672502,5247653761.000566,USD,23.784031114161515,2.1855,USD,-7.480314960629915,0,Technology services,Packaged software,Strong buy,19.88396303679145,20.06949806949807
PRM,"Perimeter Solutions, SA",32.05,USD,0.9130982367758047,899315,1.0057393173433178,5246165829.190806,USD,,-2.2296,USD,-624.8587570621469,0,Process industries,Chemicals: major diversified,Strong buy,18.85318515886676,20.732554574164322
GLNG,Golar LNG Limited,51.46,USD,-1.2663085188027563,911666,0.7650991019464388,5227783414.186877,USD,,,,,1.91864927091328,Industrial services,Oil & gas pipelines,Strong buy,,46.51364587080668
KRG,Kite Realty Group Trust,26.08,USD,0.46224961479197785,1725838,0.8817976258205997,5225047986.841293,USD,16.669862575902844,1.5645,USD,394.7817836812144,4.39137134052388,Finance,Real estate investment trusts,Buy,78.69192774101666,26.540963453256154
VRNS,"Varonis Systems, Inc.",45.46,USD,-1.3668908656975538,2033151,1.0271958836805508,5221557495.563896,USD,,-1.2221,USD,-33.387906570617766,0,Technology services,Packaged software,Buy,204.9455627437279,307.0522042781977
GTX,Garrett Motion Inc.,27.99,USD,0.07150518412584761,5052819,1.6032148830375883,5219950367.07222,USD,15.314329485145263,1.8277,USD,27.793315620192992,1.07257776188774,Producer manufacturing,Auto parts: OEM,Buy,13.881470394379564,14.124258148445499
MMSI,"Merit Medical Systems, Inc.",87.38,USD,-2.4776785714285703,1422091,2.3442539122797417,5217496630.279911,USD,36.01665224022093,2.4261,USD,23.258649596098156,0,Health technology,Medical specialties,Buy,20.031213665056466,20.308650583368195
GVA,Granite Construction Incorporated,119.08,USD,-0.18440905280804598,324811,0.8159899471835232,5211478116.309472,USD,,-4.3665,USD,-245.98308314666846,0.435875943000838,Industrial services,Engineering & construction,Buy,17.022777900637468,
NXST,"Nexstar Media Group, Inc.",169.145,USD,-4.345982016626139,439885,1.4789067887128569,5211069960.892411,USD,32.2777321909051,5.2403,USD,-73.58466788654154,4.20743086580331,Consumer services,Broadcasting,Strong buy,5.8733129742280505,5.494762165759801
MWH,"SOLV Energy, Inc.",25.66,USD,1.543332014246144,1569641,1.1673325578588336,5193369177.97309,USD,,,,,0,Industrial services,Engineering & construction,Strong buy,16.24699484414345,24.53154875717017
VFC,V.F. Corporation,13.2,USD,-1.858736059479554,4920658,0.7974922546629231,5189376012.401486,USD,19.225167491989513,0.6866,USD,216.11418047882137,2.67657992565056,Consumer non-durables,Apparel/Footwear,Neutral,11.654898456697195,12.38825930879144
WH,"Wyndham Hotels & Resorts, Inc.",69.87,USD,-2.6880222841225527,861690,0.8397154854609719,5185131750.411978,USD,25.556896740919566,2.7339,USD,-35.90969829101905,2.33983286908078,Consumer services,Hotels/Resorts/Cruise lines,Buy,14.301027311953362,14.608114894590337
INSW,"International Seaways, Inc.",103.81,USD,-0.6602870813397108,828608,1.4486604653081863,5141845398.38689,USD,6.629202720393372,15.6595,USD,225.71030408918836,7.97129186602871,Transportation,Marine shipping,Strong buy,10.972851467905597,6.501471301556226
DFTX,"Definium Therapeutics, Inc.",38.23,USD,0.36755053819898514,1494413,0.9240882113180412,5136848848.280913,USD,,-3.4389,USD,-134.9135869936471,0,Health technology,Pharmaceuticals: major,Strong buy,,
ENPH,"Enphase Energy, Inc.",38.83,USD,6.763816332141878,6468670,1.5800685182363474,5131176145.074237,USD,38.479833515013375,1.0091,USD,-20.50575074838506,0,Producer manufacturing,Electrical products,Neutral,19.51894815841765,19.434872156780308
SPHR,Sphere Entertainment Co.,142.41,USD,-0.007021485746377549,411646,0.6755679815247225,5114456851.924449,USD,,-2.5313,USD,-65.67183716211792,0,Consumer services,Media conglomerates,Strong buy,,
CNO,"CNO Financial Group, Inc.",55.18,USD,-2.766519823788547,468940,0.4786149621524303,5105329193.196829,USD,18.979156634793974,2.9074,USD,7.181302071813016,1.215859030837,Finance,Multi-line insurance,Neutral,11.595099462964921,11.641804585200054
FND,"Floor & Decor Holdings, Inc.",47.92,USD,-4.598845311566784,2557640,1.0834999092366966,5102999188.674498,USD,22.358046003825876,2.1433,USD,9.957931459060124,0,Retail trade,Home improvement chains,Neutral,22.720774858078133,24.266104778731307
KVYO,"Klaviyo, Inc. Series A",17.89,USD,-3.868887694787743,4550130,0.7656022676255704,5093773911.789898,USD,843.867924528302,0.0212,USD,,0,Technology services,Packaged software,Strong buy,19.145586722872718,21.69999902962553
PSN,Parsons Corporation,47.59,USD,0.021017234131998984,1233002,1.171395165480437,5082868676.935058,USD,32.9160326462858,1.4458,USD,-59.52860821856455,0,Technology services,Information technology services,Buy,14.49528743250356,19.542630982646525
OGS,"ONE Gas, Inc.",80.75,USD,1.1144502880040077,412096,1.0001723196407986,5075643828.587528,USD,17.42517425174252,4.6341,USD,10.588487972508585,3.39343851740546,Utilities,Gas distributors,Buy,16.484651615516274,16.506750494384843
OUT,OUTFRONT Media Inc.,28.81,USD,-0.5179558011049797,1717144,1.286113290862449,5074456504.748619,USD,21.030732170231403,1.3699,USD,126.13073621657311,4.14364640883978,Finance,Real estate investment trusts,Strong buy,21.13718185093041,20.72359216603618
BULL,Webull Corporation,9.57,USD,-1.7453798767967137,11713092,0.6305242775994264,5069845194.02464,USD,116.84981684981685,0.0819,USD,241.25,0,Technology services,Packaged software,Strong buy,34.19090457629359,46.306376925198514
MMYT,MakeMyTrip Limited,53.9,USD,-3.0924128011506635,751589,1.95356650670892,5069761674.960445,USD,162.05652435357786,0.3326,USD,-61.51799143815805,0,Technology services,Internet software/Services,Strong buy,56.829983457097576,103.00176574455563
IRDM,Iridium Communications Inc,47.8,USD,1.2497352255877914,640092,0.8771708399608453,5065918093.54374,USD,54.466727438468546,0.8776,USD,-12.336429927080216,1.20737131963567,Communications,Specialty telecommunications,Neutral,40.46276536759745,50.25405633290473
HASI,"HA Sustainable Infrastructure Capital, Inc.",39.37,USD,2.6864893062076,851386,0.6727191845061864,5058879216.770474,USD,76.68484612388002,0.5134,USD,-66.04497354497354,4.40792905581638,Finance,Investment managers,Strong buy,12.676221861250589,13.0125316265334
OII,"Oceaneering International, Inc.",50.68,USD,-1.4007782101167292,641002,0.8230233185788782,5044162701.439689,USD,14.592991448069336,3.4729,USD,75.17780580075663,0,Producer manufacturing,Industrial machinery,Neutral,23.311084770382596,24.72214417283257
FBIN,"Fortune Brands Innovations, Inc.",42.19,USD,-2.134075620505687,2023879,1.054022508059015,5036282611.234052,USD,34.16747651441529,1.2348,USD,-61.18079788739036,2.38923683600093,Producer manufacturing,Building products,Buy,14.014371789757185,12.602889493957692
MRCY,Mercury Systems Inc,83.46,USD,1.2618296529968356,861420,1.1496966667712145,5018961406.154574,USD,,-0.5006,USD,23.267933782955232,0,Electronic technology,Aerospace & defense,Buy,50.112431737873436,50.03051225825479
LAUR,"Laureate Education, Inc.",36.38,USD,-1.033732317736658,1013832,1.0171296359928523,5011321455.924919,USD,16.3307447142793,2.2277,USD,31.404471185040993,0,Commercial services,Miscellaneous commercial services,Buy,16.242775469747944,17.20324752673762
GOLF,Acushnet Holdings Corp.,85.79,USD,-1.2546040515653651,322791,0.9064003250552266,5010568614.441645,USD,23.420693420693425,3.663,USD,-2.0745334972999077,1.1279926335175,Consumer durables,Recreational products,Neutral,21.477928855706324,21.23514851485149
OMAB,Grupo Aeroportuario del Centro Norte S.A.B. de C.V.,99.3,USD,-0.42117930204572973,93791,1.2263419468804384,4972804313.591729,USD,15.88393371296948,6.2516,USD,14.664074393353022,4.7657761732852,Transportation,Other transportation,Neutral,12.023794762904812,13.44747663450151
CNR,"Core Natural Resources, Inc.",100.17,USD,0.552097972294717,427257,0.9283648682503982,4972064018.198355,USD,50.56792367105861,1.9809,USD,-9.61398065340391,0.401525798032524,Energy minerals,Coal,Strong buy,19.678623733987912,19.961058300757372
EBC,"Eastern Bankshares, Inc.",21.74,USD,-2.248201438848921,1844520,1.0492683757638186,4967841065.719424,USD,12.324263038548752,1.764,USD,,2.42805755395683,Finance,Regional banks,Buy,10.824585451737235,11.61510925896244
GBTG,"Global Business Travel Group, Inc.",9.48,USD,0,891874,0.3870179318762624,4952099717,USD,59.02864259028643,0.1606,USD,,0,Consumer services,Other consumer services,Neutral,41.21739130434783,41.21739130434783
BETA,"Beta Technologies, Inc.",21.14,USD,-4.774774774774769,3112254,1.4397719054496796,4945514161.712613,USD,,-4.5782,USD,,0,Electronic technology,Aerospace & defense,Strong buy,,
SLM,SLM Corporation,26.28,USD,-2.9542097488921613,1660551,0.9231761465503687,4939246107.053177,USD,7.356810928839371,3.5722,USD,80.38681007928092,1.92023633677991,Finance,Finance/Rental/Leasing,Buy,8.556935366810226,8.426515049249263
OCTV,Octave Intelligence plc,18.39,USD,-6.125574272588052,3155482,1.415556704775139,4936570826.581929,USD,,,,,0,Technology services,Packaged software,Buy,14.755286107324446,13.866048990357102
CSW,"CSW Industrials, Inc.",302.96,USD,-1.7830512870388382,130975,1.0228793849681441,4936274850.965442,USD,41.52696867932287,7.2955,USD,-12.789585674325194,0.369577903131686,Process industries,Industrial specialties,Neutral,23.646693915729696,24.06433380732297
CRC,California Resources Corporation,55.57,USD,2.489856141645152,1166790,1.622511440625348,4935721559.103099,USD,,-1.3606,USD,-118.57296913605526,2.95555145702693,Energy minerals,Integrated oil,Strong buy,12.681615012914389,13.23231341890404
SR,Spire Inc.,83.44,USD,0.919206579583927,456193,0.9194154830169544,4932705358.047411,USD,9.298904503460342,8.9731,USD,93.97522644242204,3.94291243347847,Utilities,Gas distributors,Buy,17.165827987870358,20.730434782608693
SON,Sonoco Products Company,49.87,USD,-4.003849855630424,1814948,1.716850753340695,4930896321.997112,USD,7.688749788008201,6.4861,USD,,4.11934552454283,Process industries,Containers/Packaging,Buy,8.280298137223484,8.58243091891728
AMTM,"Amentum Holdings, Inc.",20.14,USD,0.39880358923231235,2475574,1.4041346971589512,4924358940.175474,USD,24.12842937582365,0.8347,USD,290.41159962581855,0,Electronic technology,Aerospace & defense,Buy,7.9419598106863925,8.207497267563596
EQPT,EquipmentShare.com Inc,19.4,USD,-0.7672634271099853,2421069,1.2257360788498963,4923856036.173913,USD,250.32258064516128,0.0775,USD,,0,Technology services,Internet software/Services,Buy,42.2784142543635,42.77471176679403
PBLS,"Parabilis Medicines, Inc.",39.77,USD,-1.6081147946561074,564704,1.4186425443036892,4912916891.042059,USD,,,,,0,Health technology,Pharmaceuticals: major,Strong buy,,
BEPC,Brookfield Renewable Corporation,32.56,USD,2.551181102362212,1661260,1.1540761794761232,4912639047.886614,USD,,-29.5942,USD,-301.98041319732147,4.87874015748032,Utilities,Electric utilities,Neutral,772.5158963651895,
MIDD,The Middleby Corporation,108.63,USD,-2.791946308724836,369847,0.852881233047739,4912503582.557315,USD,,-7.2575,USD,-192.28998702917167,0,Producer manufacturing,Industrial machinery,Buy,14.865789143088454,15.750097867219555
IEP,Icahn Enterprises L.P.,6.91,USD,1.31964809384164,667233,0.8048108227227676,4912423043.120234,USD,,-0.7363,USD,40.274172615184945,29.3255131964809,Energy minerals,Oil refining/Marketing,Strong buy,15.02173913043478,
WTM,"White Mountains Insurance Group, Ltd.",2052.48,USD,-2.4250174709649093,27068,1.3400928777241987,4898696881.665575,USD,4.671144788692647,439.3955,USD,445.9081935521544,0.0475400405991947,Finance,Multi-line insurance,Neutral,,15.317014925373135
SEI,"Solaris Energy Infrastructure, Inc.",63.96,USD,16.290909090909093,4994151,2.5775097858801326,4897195600.695272,USD,81.26032270359548,0.7871,USD,33.15851801725598,0.872727272727273,Industrial services,Oilfield services/Equipment,Strong buy,68.2974334003921,60.62432821306096
LFST,"LifeStance Health Group, Inc.",12.8,USD,0.5498821681068365,3073001,0.8815005228045086,4890311543.25216,USD,98.46153846153847,0.13,USD,,0,Health services,Medical/Nursing services,Strong buy,56.55383881272285,79.73438483053329
HRI,Herc Holdings Inc.,146.27,USD,3.7964802724950495,1227424,2.887307808657614,4890017554.189612,USD,99.63217764457463,1.4681,USD,70.17503187666627,1.98694294635254,Finance,Finance/Rental/Leasing,Buy,17.658821950011063,20.423197356475622
CE,Celanese Corporation,44.53,USD,-0.3134094470561911,2522369,1.870064506304391,4887119736.167003,USD,,-10.6783,USD,27.921889449135666,0.268636668905306,Process industries,Chemicals: specialty,Buy,7.63115457843569,7.4342714739507505
ADT,ADT Inc.,7.22,USD,-3.2171581769437028,7664460,1.1993252322712102,4879382580.1689005,USD,9.997230684021048,0.7222,USD,8.194756554307112,2.94906166219839,Commercial services,Miscellaneous commercial services,Neutral,7.609957027985037,7.827610432188175
TFSL,TFS Financial Corporation,17.39,USD,-1.0244735344336922,971416,1.257507021094676,4876899321.050085,USD,48.238557558945914,0.3605,USD,23.29001367989056,6.4314171883893,Finance,Savings banks,Neutral,45.76315789473684,48.30555555555556
CIGI,Colliers International Group Inc. - Subordinate Voting Shares,95.3,USD,-3.756816804685921,338019,1.4820272642612993,4870194386.854014,USD,46.356180460865076,2.0558208,USD,-8.117026384555981,0.305419708029197,Finance,Investment managers,Buy,11.909175851290508,12.587467810853138
PTEN,"Patterson-UTI Energy, Inc.",12.66,USD,1.9323671497584558,7817566,0.8822844123933283,4828332707.603865,USD,,-0.2355,USD,91.45469719510866,2.89855072463768,Energy minerals,Oil & gas production,Buy,69.460447048754,
VSH,"Vishay Intertechnology, Inc.",31.47,USD,-1.0377358490566095,2799836,0.6122381593748403,4826850292.970754,USD,164.42006269592477,0.1914,USD,,1.25786163522013,Electronic technology,Electronic production equipment,Buy,22.738439306358384,37.27409906121859
SMR,NuScale Power Corporation,11.18,USD,15.257731958762893,53956246,1.562654787547876,4804306135.548453,USD,,-2.2784,USD,-91.30142737195632,0,Producer manufacturing,Electrical products,Buy,,
GNTX,Gentex Corporation,22.8,USD,-1.4693171996542778,2933743,1.1037036187080984,4803579896.214348,USD,12.099984078968317,1.8843,USD,6.795511221945144,2.0743301642178,Producer manufacturing,Auto parts: OEM,Buy,10.825044024219611,10.870700173216026
DAVE,Dave Inc.,376.38,USD,-1.1321547715989393,336015,0.9613310407374454,4800917518.194278,USD,24.413785051275564,15.4167,USD,307.1813427711162,0,Finance,Major banks,Strong buy,20.808374212388273,27.767195255068962
UNF,Unifirst Corporation,275.66,USD,0.1780717374713846,259013,0.885283599526004,4789295142.431442,USD,43.50145183688928,6.3368,USD,-22.17528001572018,0.525129919686012,Consumer services,Other consumer services,Neutral,34.67167996904881,37.03886339624852
GHC,Graham Holdings Company,1127.68,USD,-0.7227812552271818,27129,0.6647912311956146,4775643615.061601,USD,9.08664577004585,124.103,USD,-20.345950803100088,0.654993001082851,Consumer services,Other consumer services,No rating,,16.343188405797104
BDC,Belden Inc,122.05,USD,-0.18809290153745828,413152,1.0665232079644362,4769493023.424518,USD,19.830695739771876,6.1546,USD,11.617700398984404,0.163559044815178,Producer manufacturing,Electrical products,Strong buy,13.224522045402855,14.150421121402033
RDN,Radian Group Inc.,36.05,USD,-1.6639388979814498,615050,0.6886308232298505,4769462396.998091,USD,9.262351943680788,3.8921,USD,-2.0066468603655743,2.7823240589198,Finance,Specialty insurance,Buy,7.259265732822372,7.613125662188826
EWTX,"Edgewise Therapeutics, Inc.",43.82,USD,1.7413512885999536,1286441,1.3297912643643943,4759033100.622707,USD,,-1.8492,USD,-18.881388621022168,0,Health technology,Biotechnology,Strong buy,,
ACAD,ACADIA Pharmaceuticals Inc.,27.58,USD,-1.570306923625986,1457760,1.062959976322278,4752186083.718772,USD,12.421185372005043,2.2204,USD,66.84700931770365,0,Health technology,Pharmaceuticals: major,Buy,31.374208534967792,44.98267074413863
MRP,"Millrose Properties, Inc.",30.78,USD,-3.8725796377264268,1460904,1.541048378385677,4747141097.758275,USD,10.734837652146618,2.8673,USD,890.4317789291885,9.40037476577139,Finance,Real estate development,Strong buy,9.529414714989075,9.90772425882787
CENX,Century Aluminum Company,47.95,USD,2.5120256547301,1388845,0.9595791088543246,4746728590.970605,USD,8.296852559998616,5.7793,USD,419.861473419088,0,Non-energy minerals,Aluminum,Strong buy,4.192655080365634,4.7600928113862615
FFIN,"First Financial Bankshares, Inc.",33.11,USD,-0.9868421052631529,589768,1.0480410183360265,4745573310.141447,USD,17.672804910595143,1.8735,USD,9.318473567510791,2.36244019138756,Finance,Major banks,Neutral,15.721747388414055,16.17752179519189
MTN,"Vail Resorts, Inc.",132.99,USD,-1.4596917605216353,797541,1.5243098193952958,4738902838.58269,USD,30.213326669241432,4.4017,USD,-43.66977642978718,6.57972732661529,Consumer services,Hotels/Resorts/Cruise lines,Neutral,21.00282611905708,30.78595508570135
CLMT,"Calumet, Inc",53.91,USD,1.468097120271022,1604284,1.4306311319425495,4738593755.955956,USD,,-1.5616,USD,70.12606890746656,0,Energy minerals,Oil refining/Marketing,Buy,16.216777190024466,
CAR,"Avis Budget Group, Inc.",133.84,USD,-3.524832408275057,344679,1.0007089875935882,4727998536.772148,USD,,-18.1455,USD,71.29780338153019,0,Finance,Finance/Rental/Leasing,Sell,30.268901101386344,38.44319977021399
ATAT,Atour Lifestyle Holdings Limited,33.28,USD,-3.143189755529681,939073,0.9597818286030363,4723135832,USD,16.401360208959638,2.0291,USD,47.82893778231095,2.44470314318976,Consumer services,Hotels/Resorts/Cruise lines,Strong buy,14.435409298582599,14.355010742489904
TPC,Tutor Perini Corporation,89.52,USD,1.4850923931527065,299263,0.6986501055458619,4705987439.523864,USD,38.72977416284503,2.3114,USD,,0.306087745153611,Industrial services,Engineering & construction,Strong buy,23.111878064705515,27.516396261925845
BOX,"Box, Inc.",34.3,USD,-2.529127593066214,2419354,0.6111412300626982,4705985880.466041,USD,49.502092654062636,0.6929,USD,-44.34985141755683,0,Technology services,Information technology services,Neutral,21.269523934725505,22.274057930733523
LPX,Louisiana-Pacific Corporation,67.08,USD,-1.5989438169282726,1191313,1.2019153355580243,4690462116.772774,USD,86.95877625097226,0.7714,USD,-81.80231186600614,1.73096670089482,Non-energy minerals,Forest products,Buy,37.9951175027896,62.32908978901213
CRGY,Crescent Energy Company,14.19,USD,3.0501089324618733,7479293,1.5645219644923696,4688428467.962962,USD,,-0.0426,USD,75.98647125140926,3.48583877995643,Energy minerals,Integrated oil,Buy,6.715592526809127,5.995208902821846
HAE,Haemonetics Corporation,102.84,USD,-0.07773027594247793,581588,0.9709698078254836,4678916665.965798,USD,50.160959906350605,2.0502,USD,-37.42522280551826,0,Health technology,Medical specialties,Buy,18.789018180622318,19.41505996221577
CUZ,Cousins Properties Incorporated,28.41,USD,-2.404671934043282,985274,0.7932625091894234,4676344794.353487,USD,726.5984654731458,0.0391,USD,-89.40953412784398,4.39711439367915,Finance,Real estate investment trusts,Strong buy,74.00094812900807,174.02969714789768
BLLN,"BillionToOne, Inc.",99.06,USD,-0.3320253546634453,590287,0.9906792201338379,4674347786.120133,USD,160.78558675539685,0.6161,USD,,0,Health services,Medical/Nursing services,Strong buy,130.73517087559307,125.16599720252859
MEOH,Methanex Corporation,60.39,USD,2.8440054495912834,750713,1.56184893747428,4672028007.463414,USD,54.840333716916,1.1011967999999999,USD,-70.5631769534989,1.25848115299335,Process industries,Chemicals: specialty,Buy,8.216528869622504,6.578380907481629
KBR,"KBR, Inc.",37.04,USD,0.5975013579576287,1904403,1.8883145599492326,4669549667.230852,USD,11.170758188069245,3.3158,USD,13.13634502524907,1.7925040738729,Technology services,Information technology services,Buy,9.042337375857057,9.288657831574866
SFBS,"ServisFirst Bancshares, Inc.",42.7,USD,-0.9969858567122646,593073,1.2473570537561542,4667110245.527474,USD,14.564431407326559,2.9318,USD,28.35690206208134,1.70994667284952,Finance,Regional banks,Strong buy,12.456907705399676,13.282042460854525
TREX,"Trex Company, Inc.",45.78,USD,0.32873109796186406,2307499,1.8289376986270793,4663388443.648914,USD,27.050342708579535,1.6924,USD,-2.511520737327194,0,Non-energy minerals,Forest products,Buy,23.81954586771463,25.888920808630093
BC,Brunswick Corporation,71.95,USD,-3.3319897890635546,708907,1.0139420300924267,4662175248.098885,USD,,-1.3039,USD,-306.24802277760205,2.35120247212146,Producer manufacturing,Trucks/Construction/Farm machinery,Buy,14.572972412421398,15.784812312109727
PJT,PJT Partners Inc.,182.13,USD,-0.3283533081595766,206812,0.5322959826339504,4656143584.500411,USD,37.802777143568775,4.8179,USD,-17.272227755074013,0.547255513599299,Finance,Investment banks/Brokers,Buy,21.674636724020218,22.783816322384556
WAY,Waystar Holding Corp.,24.24,USD,-3.3107299561228634,1650402,0.6905150112777566,4647981846.414041,USD,34.51516445963263,0.7023,USD,47.41813602015114,0,Technology services,Packaged software,Strong buy,13.957457393479379,14.518421445098026
ESAB,ESAB Corporation,74.74,USD,-0.37323380431884984,526938,0.738309517831362,4646421801.391362,USD,26.922661287417597,2.7761,USD,-33.636928667049155,0.559850706478273,Producer manufacturing,Industrial machinery,Strong buy,12.557942285216171,13.70257564054591
CVI,CVR Energy Inc.,46.12,USD,3.6404494382022414,1197469,1.1656813362334484,4636471341.439101,USD,67.17157005534517,0.6866,USD,,0.449438202247191,Energy minerals,Oil refining/Marketing,Sell,18.568614290988545,121.72205565643341
CECO,CECO Environmental Corp.,79.13,USD,6.788124156545211,641636,1.0402616720911475,4634630396.947908,USD,,-0.6896,USD,-148.1732448480615,0,Producer manufacturing,Industrial machinery,Strong buy,30.00137248791111,34.75765180062909
DK,"Delek US Holdings, Inc.",75.67,USD,5.301976064570001,3184511,1.8995150750709981,4633438639.602699,USD,21.27414321459698,3.5569,USD,,1.41942666295575,Energy minerals,Oil refining/Marketing,Buy,6.609572376302425,6.0852799675108615
BOOT,"Boot Barn Holdings, Inc.",152.6,USD,-1.0953399442608063,363923,0.6771197121855611,4621466908.802903,USD,19.307168703661528,7.9038,USD,24.691182734630132,0,Retail trade,Apparel/Footwear retail,Strong buy,16.85755695777436,16.622631942141037
NSIT,"Insight Enterprises, Inc.",157.34,USD,-2.2611504534724727,315837,1.3524999261308088,4617747975.921978,USD,23.02918532829835,6.8322,USD,63.02464864348947,0,Technology services,Information technology services,Buy,12.482348274494248,12.584683063387324
BIPC,Brookfield Infrastructure Corporation,37.5,USD,0.4016064257028074,1296288,1.0809107952243362,4612149908.634539,USD,,-2.5793,USD,70.10096560677896,4.80589022757697,Utilities,Gas distributors,Strong sell,20.949720670391063,
REYN,Reynolds Consumer Products Inc.,21.87,USD,0.09153318077803008,2057335,1.2336749082959733,4609998924.775744,USD,13.381057268722467,1.6344,USD,10.641754670999187,4.21052631578947,Consumer non-durables,Household/Personal care,Neutral,13.478193613912305,13.56917767805125
SKY,"Champion Homes, Inc.",84.58,USD,-3.6235186873290868,324544,0.6238824022886555,4591013701.106197,USD,24.751982675368,3.4171,USD,-9.030162660064423,0,Consumer durables,Homebuilding,Buy,22.85726639741322,24.31753211262657
UFPI,"UFP Industries, Inc.",83.22,USD,-1.3747333491348621,338268,0.9959959119966292,4590539164.070159,USD,19.189706458828137,4.3367,USD,-24.041476187974,1.68286323773406,Non-energy minerals,Forest products,Buy,16.196963799143635,18.387096774193548
EPR,EPR Properties,59.9,USD,-0.15002500416736692,850796,1.1470111778840968,4588874727.569594,USD,19.220895905532025,3.1164,USD,53.04228257133035,6.00100016669445,Finance,Real estate investment trusts,Buy,19.846233108751726,19.555499257772496
TDW,Tidewater Inc.,92,USD,-2.397623594313606,725793,1.1861436558352523,4577573208.996392,USD,18.60126569481793,4.9459,USD,28.27169458996836,0,Transportation,Marine shipping,Buy,17.383283063523994,32.02817365257996
MARA,"MARA Holdings, Inc.",11.83,USD,4.5977011494252835,53474725,1.2032228239882332,4569921082.999999,USD,,-9.1605,USD,-920.6127385111531,0,Technology services,Data processing services,Buy,,
OLLI,"Ollie's Bargain Outlet Holdings, Inc.",76.88,USD,0.4114151374648961,1814540,0.8588010303870663,4566856731.900999,USD,17.18104006972534,4.4747,USD,29.69017186911284,0,Retail trade,Department stores,Strong buy,16.83465925252624,16.68719646200179
AXTI,AXT Inc,69.56,USD,12.84879948085659,13825156,1.866971017995615,4561272558.243348,USD,3739.78494623656,0.0186,USD,,0,Electronic technology,Electronic production equipment,Strong buy,44.13705583756346,81.26168224299066
CELC,Celcuity Inc.,93.02,USD,-2.800417972831773,941035,1.3428756248028038,4551645904.673563,USD,,-4.2995,USD,-24.72441401717336,0,Health technology,Medical specialties,Strong buy,,
ALK,"Alaska Air Group, Inc.",40.74,USD,-3.092293054234056,2211605,1.0349777318371085,4546711163.262132,USD,,-1.5712,USD,-163.86472644500446,0,Transportation,Airlines,Strong buy,20.086459537173262,
DOO,BRP Inc.,63.17,USD,-6.164587046939976,493733,1.35866046188066,4519040146.060605,USD,59.49768563233179,1.06172197,USD,,0.999355254674403,Producer manufacturing,Trucks/Construction/Farm machinery,Buy,18.84924986430748,21.43887394831796
FULT,Fulton Financial Corporation,23.62,USD,-1.9917012448132796,1429626,1.0666695914489515,4509402120.85809,USD,11.312260536398467,2.088,USD,22.355698798710826,3.11203319502075,Finance,Major banks,Neutral,10.687782805429865,11.286314984709481
CHH,"Choice Hotels International, Inc.",100.01,USD,-0.606241303915722,769370,1.6167355252504472,4501312330.311072,USD,14.116335201208239,7.0847,USD,8.71439970537687,1.14291393361161,Consumer services,Hotels/Resorts/Cruise lines,Neutral,13.796871044573924,14.224629673905948
PAY,"Paymentus Holdings, Inc.",35.65,USD,-1.4921248963802134,757230,0.6128639514545513,4489748233.379387,USD,54.12997266929851,0.6586,USD,50.88201603665521,0,Commercial services,Miscellaneous commercial services,Buy,36.94300518134715,39.537878174536715
ACHR,Archer Aviation Inc.,5.83,USD,2.101576182136604,22595048,1.014640260138571,4489238806.071804,USD,,-1.0815,USD,15.368964707723617,0,Electronic technology,Aerospace & defense,Buy,,
MYRG,"MYR Group, Inc.",288.16,USD,0.5478209288530829,233996,0.7409452723400402,4486435053.354828,USD,27.334471637260485,10.542,USD,120.13406001378186,0,Industrial services,Engineering & construction,Buy,22.423593953660294,23.624513219922118
NNI,"Nelnet, Inc.",125.14,USD,-1.7045008247584648,164792,1.2295295403589535,4477438859.74079,USD,15.24368703787168,8.2093,USD,-7.423654652893667,1.01327468384259,Finance,Finance/Rental/Leasing,Neutral,15.04574801918892,16.679106466919016
KFY,Korn Ferry,82.04,USD,-3.8781487990626697,516908,1.301301029142247,4476008232.306035,USD,15.654994752409122,5.2405,USD,13.482318802919083,2.41359109548916,Commercial services,Personnel services,Buy,14.038332313198548,14.03561837557392
EE,"Excelerate Energy, Inc.",39.3,USD,-1.8236322757931651,517544,1.6210544383672687,4456702603.632276,USD,27.071709030791485,1.4517,USD,37.030394562960176,0.824381713714714,Utilities,Gas distributors,Buy,21.630023132566723,24.458490270126287
CRK,"Comstock Resources, Inc.",15.16,USD,-0.6553079947575338,2042935,0.6196140127725831,4451287983.06422,USD,8.806785174857675,1.7214,USD,,0,Energy minerals,Oil & gas production,Neutral,36.4417820896814,40.019217671810736
LIVN,LivaNova PLC,80.7,USD,-1.4892578124999987,472958,0.7660689124791398,4446046131.694336,USD,23.94516645896386,3.3702,USD,,0,Health technology,Medical specialties,Buy,18.213028792835033,18.528059333871497
CHEF,"The Chefs' Warehouse, Inc.",108.86,USD,-4.8093739069604755,1564268,2.187902468717236,4441061460.32354,USD,51.75922403955876,2.1032,USD,29.81113442784842,0,Distribution services,Food distributors,Strong buy,39.33855149136691,42.84833162703609
GEF.B,"Greif, Inc. Corporation",108.9,USD,0.2577794144724739,61618,0.8679997464378033,4440239589.987111,USD,28.14753547519967,3.8689,USD,42.05617771250229,3.16700423494752,Process industries,Containers/Packaging,Neutral,23.591854419410744,25.257052550672398
IBOC,International Bancshares Corporation,71.36,USD,-0.7648449450702227,350164,1.2716349052095182,4437986869.978584,USD,10.760600759997587,6.6316,USD,0.2933970539306144,2.03031567236824,Finance,Regional banks,Strong buy,10.99537750385208,11.167449139280127
ALH,Alliance Laundry Holdings Inc.,22.23,USD,-2.1997360316761987,749345,0.4784189691019154,4419081448.49934,USD,25.02532928064843,0.8883,USD,,0,Producer manufacturing,Industrial machinery,Strong buy,16.38357161861286,16.5068578086051
NWE,"NorthWestern Energy Group, Inc.",71.78,USD,1.4128284826222095,230818,0.6392929550314083,4415751396.723651,USD,25.823859548136426,2.7796,USD,-24.3440391943386,3.7722520486013,Utilities,Electric utilities,Neutral,19.083492539678403,19.09801902618195
GEF,Greif Inc.,84.69,USD,-0.3647058823529439,296300,0.9640653820487317,4412670818.014587,USD,21.88994287782057,3.8689,USD,42.05617771250229,2.70588235294118,Process industries,Containers/Packaging,Neutral,18.34705372616984,19.642054917506385
GFF,Griffon Corporation,97.33,USD,-2.357544141252015,264080,0.8754989909947064,4408534710.350019,USD,21.60344483164273,4.5053,USD,236.16624384420234,0.882825040128411,Producer manufacturing,Building products,Strong buy,16.322712417889612,18.028845040659835
VNT,Vontier Corporation,32.57,USD,-2.192192192192183,1572618,1.375546241126315,4403463799.493994,USD,13.528556593977154,2.4075,USD,-8.271736645584085,0.3003003003003,Transportation,Other transportation,Buy,8.967187582165952,9.30664229090272
NP,Neptune Insurance Holdings Inc.,32.05,USD,-3.551008125188083,314205,0.7835588917930371,4398320656.315077,USD,139.71229293809938,0.2294,USD,-18.853908737177225,0,Finance,Insurance brokers/Services,Buy,52.196656808202924,58.52983286582515
FELE,"Franklin Electric Co., Inc.",99.13,USD,-0.6315156375300818,222188,1.299194596181261,4382682513.128307,USD,28.571840322813085,3.4695,USD,-10.286246218291835,1.10765838011227,Producer manufacturing,Industrial machinery,Buy,20.294145344814172,21.271162800678066
HP,"Helmerich & Payne, Inc.",43.71,USD,-1.4652840396753801,1321250,0.9083520400572765,4368331212.83724,USD,,-1.4035,USD,-323.89006342494713,2.25428313796213,Industrial services,Contract drilling,Neutral,33.399709939833144,
ONDS,Ondas Inc,7.62,USD,0,43005843,0.7205783908793444,4354484373.999999,USD,85.23489932885907,0.0894,USD,,0,Electronic technology,Telecommunications equipment,Strong buy,,24.580645161290324
DOCS,"Doximity, Inc.",24.42,USD,-7.324478178368119,3181823,1.3861395325940613,4352766802.870588,USD,28.95766631092138,0.8433,USD,-27.607519958794747,0,Technology services,Packaged software,Buy,17.456934913941314,18.14619052608348
ELVN,"Enliven Therapeutics, Inc.",59.37,USD,0.08428860418070998,1325966,1.5175778013190218,4350084973.960216,USD,,-1.6685,USD,16.625024985008984,0,Health technology,Biotechnology,Strong buy,,
KLIC,"Kulicke and Soffa Industries, Inc.",83.07,USD,1.7827605219628724,529621,0.8455503003452474,4346979303.427311,USD,38.14575010332001,2.1777,USD,2656.5822784810125,1.00471727010966,Producer manufacturing,Industrial machinery,Buy,14.208094971032212,21.502158887157798
SITE,"SiteOne Landscape Supply, Inc.",99.52,USD,-1.0538874527739135,913526,1.3684646997088181,4344584659.967389,USD,27.23590585659551,3.654,USD,32.88239144665066,0,Distribution services,Wholesale distributors,Buy,21.426120145590833,24.01515425730867
BCO,Brinks Company (The),105.47,USD,-3.122990722880505,234245,0.6671424816065532,4344270640.260677,USD,24.40023134759977,4.3225,USD,15.76987974395372,0.93689721686415,Commercial services,Miscellaneous commercial services,Strong buy,10.858269673420065,11.468285195060341
MANE,"Veradermics, Incorporated",103.83,USD,5.400466957669265,714529,1.315708647454847,4338031625.901025,USD,,,,,0,Health technology,Pharmaceuticals: major,Strong buy,,
CON,"Concentra Group Holdings Parent, Inc.",33.88,USD,-1.7116333043225886,724034,1.1570897746034237,4320300869.220773,USD,22.270426608821403,1.5213,USD,30.38224202948235,0.725268349289237,Health services,Medical/Nursing services,Strong buy,19.754422442609847,20.580106302201976
MIAX,"Miami International Holdings, Inc.",43.46,USD,2.5241802311866013,1483714,1.0922715212525675,4312574678.194386,USD,55.9763008758372,0.7764,USD,5217.808219178082,0,Finance,Investment banks/Brokers,Buy,24.814023291837696,25.330562086688108
ARX,Accelerant Holdings,19.84,USD,-0.2012072434607603,730017,0.39666782874955386,4309020772.120726,USD,,-6.6546,USD,,0,Finance,Property/Casualty insurance,Neutral,23.072101480033442,22.198601398601397
NVST,Envista Holdings Corporation,26.81,USD,-1.722873900293264,2475328,1.378718635522337,4306160814.141496,USD,46.57748436414176,0.5756,USD,83.66305041480535,0,Health technology,Medical specialties,Buy,17.007482404138635,17.485892582746555
OPLN,"OPENLANE, Inc.",34.97,USD,-1.3818386914833671,911514,0.8268458153536032,4294226884.6847143,USD,,-0.8472,USD,-214.34741530570926,0,Technology services,Packaged software,Buy,22.331292417961077,24.241693216762467
LAZ,"Lazard, Inc.",44.05,USD,-2.1111111111111174,1431964,1.3913461534724483,4292697571.3022227,USD,21.592078819665705,2.0401,USD,-29.57401270367302,4.44444444444444,Finance,Investment banks/Brokers,Neutral,13.754982082613578,19.754452824079532
ITGR,Integer Holdings Corporation,126.2,USD,-0.23715415019762623,561455,0.7312440089188964,4289796250.093281,USD,34.40473269540089,3.6681,USD,61.989931107578144,0,Health technology,Medical specialties,Neutral,18.84318379928157,20.507820434694295
FBP,First BanCorp. New,28.08,USD,-1.5082427218519932,1200954,1.1454240701632974,4286924738.2392135,USD,11.835616438356164,2.3725,USD,26.27741111347669,2.73588214661522,Finance,Regional banks,Buy,11.434323493625607,11.70890852790498
SKT,Tanger Inc.,37.29,USD,-0.10715242432359803,798130,1.065800170713911,4283837754.167158,USD,34.160864785635766,1.0916,USD,23.596014492753614,3.24136083578891,Finance,Real estate investment trusts,Neutral,32.34572891520805,34.00268811811671
CVSA,Covista Inc.,125.15,USD,-2.295261144507766,389193,1.0922060770630915,4259958473.660708,USD,19.09754013306476,6.5532,USD,5.783789891685108,0,Consumer services,Other consumer services,Buy,13.828729281767956,13.836373687119956
UCB,"United Community Banks, Inc.",35.29,USD,-0.9820426487093195,920249,1.5430288805353123,4255109339.549944,USD,11.543997383055283,3.057,USD,38.784219367140324,2.80583613916947,Finance,Regional banks,Buy,11.603426512563692,12.071560511732914
AMLX,"Amylyx Pharmaceuticals, Inc.",33.88,USD,-0.6451612903225773,1166534,0.5565608187069214,4252381817.0580645,USD,,-1.4328,USD,42.665066026410564,0,Health technology,Pharmaceuticals: major,Strong buy,,
TCBI,"Texas Capital Bancshares, Inc.",97.69,USD,-0.9630981346309843,373638,0.9156373533223889,4247011085.663422,USD,12.708138203767302,7.6872,USD,205.67838396691585,0.202757502027575,Finance,Major banks,Neutral,12.73743337262306,13.282646532989952
KRC,Kilroy Realty Corporation,36.15,USD,-2.6655896607431395,1361192,1.2731422461421562,4245547926.510501,USD,25.4505773021684,1.4204,USD,-22.909090909090903,5.81583198707593,Finance,Real estate investment trusts,Neutral,85.93740713886676,143.32839051931265
ITRI,"Itron, Inc.",96.57,USD,-0.45356148850635186,501174,1.1861758376795568,4228486985.5485,USD,16.14450983014578,5.9816,USD,2.172724788193499,0,Electronic technology,Electronic equipment/Instruments,Buy,14.981681299287358,15.035669428266216
DLO,DLocal Limited,14.95,USD,-3.672680412371136,2002345,0.9638295505530307,4217561634.703609,USD,21.869514335868928,0.6836,USD,34.6464447508371,1.26717783505155,Technology services,Packaged software,Strong buy,15.248971331933895,18.02640416042173
GEO,Geo Group Inc (The) REIT,32.04,USD,0.8498583569405086,1159714,0.526050359789245,4217091503.9546747,USD,15.116772823779193,2.1195,USD,230.0887712194362,0,Commercial services,Miscellaneous commercial services,Strong buy,22.02061855670103,25.29473018559732
CVCO,"Cavco Industries, Inc.",548.04,USD,-3.2056376834631637,194371,2.17800935652856,4214099685.867005,USD,23.84493223399395,22.9835,USD,-0.36846782408912954,0,Consumer durables,Homebuilding,Buy,22.942968654531196,24.300234262878035
MIR,"Mirion Technologies, Inc.",16.92,USD,-0.05906674542231548,3056801,0.8093224875824321,4213717053.4908457,USD,191.83673469387756,0.0882,USD,116.70761670761671,0,Electronic technology,Aerospace & defense,Strong buy,28.804559700514297,31.207232995562375
MTH,Meritage Homes Corporation,64.43,USD,-4.307143918015731,835291,1.5357507618622994,4199167064.915788,USD,13.465276181320403,4.7849,USD,-45.41710870036388,2.70310411406505,Finance,Real estate development,Buy,11.862055506613608,13.022338677012856
AYA,Aya Gold & Silver Inc.,29.15,USD,0.8301625735039725,502732,0.3906712675958927,4198654734.0780582,USD,39.25507205157376,0.7425791999999999,USD,,0,Non-energy minerals,Precious metals,Strong buy,19.98221822501691,23.01891262289256
CNK,"Cinemark Holdings, Inc.",36.17,USD,3.2248858447488655,2116904,0.9421160271395126,4192531722.886131,USD,20.114559003447894,1.7982,USD,-1.317089232795523,1.02739726027397,Consumer services,Movies/Entertainment,Buy,15.209960105918851,15.210778836453219
AZZ,AZZ Inc.,139.47,USD,-0.3928010284245189,105728,0.49870898296914107,4191283143.2716746,USD,21.23671468160916,6.5674,USD,-23.81206496519721,0.599914297957435,Process industries,Industrial specialties,Buy,19.26913512019895,19.727015558698724
RLAY,"Relay Therapeutics, Inc.",19.11,USD,0.36764705882353094,5029838,1.9540629676863333,4187796789.981618,USD,,-1.5668,USD,19.60180623973728,0,Health technology,Biotechnology,Strong buy,,
DIOD,Diodes Incorporated,90.92,USD,-0.9478156661945795,312224,0.5493156777633276,4187021006.7632627,USD,48.96860020466419,1.8567,USD,35.515655791548056,0,Electronic technology,Semiconductors,Buy,19.686752842042175,28.004103901016027
MDU,"MDU Resources Group, Inc.",19.84,USD,1.379662749105772,2066386,1.3220468935718173,4173333157.445069,USD,20.864444210747713,0.9509,USD,-9.593078532040321,2.86152273888605,Utilities,Gas distributors,Buy,20.19821534921839,20.291361034859413
CCC,CCC Intelligent Solutions Holdings Inc.,7.08,USD,-5.72569906790945,13454778,1.9027650779331977,4170082531.6218367,USD,100.42553191489363,0.0705,USD,3257.142857142857,0,Technology services,Packaged software,Buy,14.416058022597374,15.716115455734052
LEGN,Legend Biotech Corporation,20.49,USD,-4.786245353159857,1589520,1.149666879262556,4169918899.9999995,USD,,-0.5052,USD,71.60840732831291,0,Health technology,Pharmaceuticals: major,Buy,44.70314623753973,
FCN,"FTI Consulting, Inc.",151.01,USD,-0.45484508899142895,385732,1.2577834587642984,4169623732.2029004,USD,18.257326627333395,8.2712,USD,16.263248151584158,0,Commercial services,Miscellaneous commercial services,Neutral,14.560794523189662,16.23542255049769
RUM,RUM Group Inc.,8.39,USD,-2.4418604651162683,2958832,0.6471441137916734,4159847592.633722,USD,,-0.5825,USD,59.37085861756295,0,Technology services,Internet software/Services,Buy,,
BFH,"Bread Financial Holdings, Inc.",108.2,USD,-2.408225850094707,352416,0.8459477605366004,4156965069.7249026,USD,8.45860987984396,12.7917,USD,116.66525517031114,0.829800667448363,Finance,Finance/Rental/Leasing,Buy,8.740089449403445,8.848118850680063
SLGN,Silgan Holdings Inc.,39.31,USD,-4.541039339485181,1059643,0.9917057048372704,4154360319.2234097,USD,15.449614840433895,2.5444,USD,-9.667341214896865,1.99125789218067,Process industries,Containers/Packaging,Strong buy,10.071326822369569,10.293839224948014
HTFL,"Heartflow, Inc.",47.75,USD,-2.3717031281946364,2805765,1.5975931604075742,4152035750.199346,USD,,-1.3972,USD,,0,Technology services,Packaged software,Strong buy,,
CBT,Cabot Corporation,80.32,USD,-1.4236622484045296,275902,0.8729277607682722,4147002745.0839467,USD,22.647680812068234,3.5465,USD,-53.64173485660506,2.26435935198822,Process industries,Chemicals: specialty,Neutral,12.036801561667101,12.627755403899512
BWIN,"The Baldwin Insurance Group, Inc.",29.71,USD,-3.788860103626937,791388,0.8504712589228833,4144495320.415804,USD,,-1.0437,USD,-263.0260869565218,0,Finance,Insurance brokers/Services,Buy,13.07484081128265,14.777653760219014
CATY,Cathay General Bancorp,61.86,USD,-1.323975115648426,409707,1.0095171919294212,4126916902.4370713,USD,12.091005042805207,5.1162,USD,23.40384476229528,2.36082309778274,Finance,Regional banks,Neutral,10.762940408873423,11.162035366293757
SEB,Seaboard Corporation,4304.81,USD,-0.43413097479402546,13289,0.7064934236408681,4123121309.0969586,USD,6.504307159480716,661.8399,USD,361.79269144437217,0.208160829682809,Process industries,Agricultural commodities/Milling,No rating,,
STNG,Scorpio Tankers Inc.,82.12,USD,-0.2792956891317423,673549,1.0264651781591416,4112680569.199757,USD,5.1701125689390315,15.8836,USD,116.30646457218342,2.14936247723133,Transportation,Marine shipping,Strong buy,11.943023111902141,7.190203111855465
PARR,"Par Pacific Holdings, Inc. Common Stock",82.08,USD,0.9345794392523428,800029,0.9431674943447355,4112177487.476636,USD,4.7900277784262,17.1356,USD,,0,Energy minerals,Oil refining/Marketing,Strong buy,5.338525127068019,4.163093446231883
VEON,VEON Ltd.,64.83,USD,0.9734444357916051,207072,1.93183281182654,4093374742,USD,84.78943238294534,0.7646,USD,-94.60142625150038,0,Communications,Wireless telecommunications,Strong buy,,9.410859577433099
TDS,"Telephone and Data Systems, Inc.",37.93,USD,0.2643404705260413,2391931,2.066659645120456,4081268139.3674335,USD,13.93665490887713,2.7216,USD,,0.42294475284166,Communications,Wireless telecommunications,Buy,106.45344170460224,10.248775307828032
PRIM,Primoris Services Corporation,75.45,USD,1.3704151551793577,1263107,1.162349971321007,4061649224.6009674,USD,29.69186572744087,2.5411,USD,-42.291009015965294,0.429934166330781,Industrial services,Engineering & construction,Buy,19.06548063962982,35.20219919265891
BILL,"BILL Holdings, Inc.",47.6,USD,-3.1733116354759874,1877174,1.0371182652194324,4059174675.907242,USD,,-0.1216,USD,24.18952618453865,0,Technology services,Packaged software,Buy,12.800905314446442,12.643514514542167
INDV,"Indivior Pharmaceuticals, Inc.",34.32,USD,-1.7744705208929523,1823834,0.9481370193088731,4050228274.495707,USD,12.190097321872559,2.8154,USD,297.206546275395,0,Health technology,Pharmaceuticals: major,Strong buy,7.594040979055981,8.129811678313397
WSFS,WSFS Financial Corporation,79.26,USD,-0.13859140733274464,419869,1.3939961772667226,4049441626.0700517,USD,13.287064976865823,5.9652,USD,30.641028448785633,0.932342194783923,Finance,Savings banks,Buy,12.06331367629104,12.048645150678752
MAT,"Mattel, Inc.",14.14,USD,-2.684101858224355,4237135,1.3386300788209058,4039798098.289058,USD,10.413904846074534,1.3578,USD,-12.456479690522247,0,Consumer durables,Recreational products,Buy,10.467560925054041,10.826247908826762
SLG,SL Green Realty Corp,52.8,USD,-4.967602591792666,825827,1.1513537305053174,4033756784.7084227,USD,,-2.7211,USD,-384.1814946619216,4.54013678905687,Finance,Real estate investment trusts,Buy,,
GPGI,"GPGI, Inc.",13.9,USD,1.9809244314013172,1691379,0.837975433350747,4029472510.3374906,USD,,-1.94,USD,-6.646143697432796,0.0550256786500367,Producer manufacturing,Industrial machinery,Neutral,12.732575607682781,14.004304056613659
IRTC,"iRhythm Holdings, Inc.",122.24,USD,-0.6744129357276333,480092,1.1118120360232175,4029397728.8658485,USD,,-0.4348,USD,85.19124008037873,0,Health technology,Medical specialties,Strong buy,244.89975818552998,
ICUI,"ICU Medical, Inc.",160.89,USD,-3.992123165055511,311291,1.3790101760869267,4023382099.921589,USD,135.90978205778003,1.1838,USD,,0,Health technology,Medical specialties,Strong buy,18.12042871386853,18.408466819221967
BNL,"Broadstone Net Lease, Inc.",20.96,USD,0.7208073041806926,2121185,1.2297664250520708,4022076649.4877467,USD,27.965310206804535,0.7495,USD,46.18685391066901,5.59827006246997,Finance,Real estate investment trusts,Buy,27.722814183076384,26.686732645029533
CNS,Cohen & Steers Inc,78.18,USD,-2.1649355524965457,453860,2.11788993094669,4020135531.1137533,USD,24.005158437730287,3.2568,USD,3.485748784595346,3.2912026029283,Finance,Investment managers,Neutral,20.820239680426102,22.433285509325685
RHI,Robert Half Inc.,39.21,USD,-7.914513856270544,2545837,1.2157692599182632,4013607592.4330673,USD,34.12532637075718,1.149,USD,-34.369109499057515,5.54250821982151,Commercial services,Personnel services,Neutral,24.260791442579702,30.924468897287547
WK,Workiva Inc.,73.71,USD,-3.7099934683213633,926688,1.1461185938289613,4011039472.604049,USD,90.24240940254651,0.8168,USD,,0,Technology services,Information technology services,Strong buy,19.99224829119302,21.94601714474903
COLD,"Americold Realty Trust, Inc.",13.98,USD,-1.6877637130801704,2882049,0.8313951990657146,3991018308.236286,USD,,-1.5909,USD,-727.7315296566077,6.46976090014065,Finance,Real estate investment trusts,Neutral,,
TLX,Telix Pharmaceuticals Limited,11.98,USD,0.335008375209388,336393,2.2772354977223785,3985856383.24704,USD,128.1283422459893,0.0935,USD,202.58899676375407,0,Health technology,Biotechnology,Buy,,175.57744166959785
SEZL,Sezzle Inc.,118.35,USD,-1.8493945928014628,353272,0.8856143323961739,3985438026.525957,USD,25.736093593702428,4.5986,USD,57.78891023881416,0,Technology services,Packaged software,Buy,19.92596665772089,22.561275738631572
SRAD,Sportradar Group AG,12.73,USD,-1.3178294573643405,1028370,0.5860268856509319,3968671067.473644,USD,211.46179401993356,0.0602,USD,-84.40818440818441,0,Technology services,Packaged software,Buy,27.668157176592644,47.938893152559906
TNL,Travel Leisure Co.,64.81,USD,-2.291572440826166,576338,1.050953764730253,3966646337.906226,USD,17.642094947735192,3.6736,USD,-36.45829729823225,3.49766319915574,Consumer services,Hotels/Resorts/Cruise lines,Strong buy,7.829095945383569,8.551781359412594
LOPE,"Grand Canyon Education, Inc.",151.53,USD,-0.7467085871487433,553929,1.675954175839204,3949634975.4307337,USD,18.305367303301562,8.2779,USD,0.33574943637731414,0,Commercial services,Miscellaneous commercial services,Strong buy,14.155927263215423,14.837601555025294
IOVA,"Iovance Biotherapeutics, Inc.",8.7,USD,-1.0238907849829335,9543182,0.8929803361956785,3940851471.9795218,USD,,-0.7213,USD,41.19996739219042,0,Health technology,Biotechnology,Buy,,
GNW,Genworth Financial Inc,10.42,USD,0.6763285024154617,4976795,1.558780097369982,3937208020.030918,USD,19.779802581624903,0.5268,USD,19.05084745762713,0,Finance,Multi-line insurance,Strong buy,9.71780138940312,9.449490117483823
VKTX,"Viking Therapeutics, Inc.",33.68,USD,-3.4126756524232804,1868009,1.0730188694743743,3928870860.0240893,USD,,-4.6623,USD,-203.77247849882724,0,Health technology,Pharmaceuticals: major,Strong buy,,
CVBF,CVB Financial Corporation,22.31,USD,-1.3704686118479323,687851,0.8233552698910003,3926502954.651635,USD,15.431970671646953,1.4457,USD,-1.047227926078035,3.53669319186561,Finance,Regional banks,Buy,12.417444310740002,14.840358057729059
LMND,"Lemonade, Inc.",50.55,USD,-5.354802471447294,1243594,1.4587359656395407,3912398830.3744617,USD,,-1.8242,USD,35.36248316915881,0,Finance,Multi-line insurance,Neutral,,
AVNT,Avient Corporation,42.61,USD,-1.8202764976958508,714014,1.068459368663629,3908169884.121198,USD,23.056111682268273,1.8481,USD,43.06394178665428,2.52304147465438,Process industries,Chemicals: major diversified,Buy,13.032797013804181,13.324877461787528
INDB,Independent Bank Corp.,82.54,USD,-1.6209773539928478,283513,1.1810581128931472,3903795027.02503,USD,14.89434650017143,5.5417,USD,25.11175328486927,2.93206197854589,Finance,Regional banks,Buy,10.666976828338438,11.513346708381045
VVV,Valvoline Inc.,30.59,USD,-4.495785201373716,2360117,1.3690636196688493,3902868382.847955,USD,38.76568242301356,0.7891,USD,-63.29255244917896,0,Consumer services,Other consumer services,Buy,16.983471234974292,17.398327280793303
WSBC,"WesBanco, Inc.",40.52,USD,-1.9598354706024563,876088,1.0062909841479144,3886106892.508106,USD,11.757878242702107,3.4462,USD,107.17806901526994,3.65352044519719,Finance,Regional banks,Buy,11.118364206550233,11.317133335493235
ADPT,Adaptive Biotechnologies Corporation,24.34,USD,0.24711696869851202,1358580,0.8084642802714257,3884562866.6985173,USD,,-0.4079,USD,49.895590222331414,0,Health technology,Biotechnology,Strong buy,,
UUUU,Energy Fuels Inc,14.62,USD,1.0366275051831277,6453630,1.1156916715964313,3870330077.9253626,USD,,-0.3372,USD,30.688591983556012,0,Non-energy minerals,Other metals/Minerals,Strong buy,1660.04314749631,
ATMU,Atmus Filtration Technologies Inc.,47.43,USD,-1.8824989656599165,615606,1.0899373699338148,3870075526.5515103,USD,18.139748345890542,2.6147,USD,15.536211391454197,0.465453040959868,Producer manufacturing,Auto parts: OEM,Buy,15.162461798140736,16.023719023090305
KTB,"Kontoor Brands, Inc.",70.73,USD,-3.8863976083707015,695569,1.0462193563719417,3865650468.7847533,USD,14.77574212956193,4.7869,USD,6.733706437155801,2.86723739638538,Consumer non-durables,Apparel/Footwear,Buy,11.749374366164195,13.380574916369044
THO,"Thor Industries, Inc.",74.13,USD,-3.652196516766314,820919,1.657335077374498,3859012903.809202,USD,14.941046054620578,4.9615,USD,19.072189689929914,2.70340525084481,Consumer durables,Recreational products,Neutral,18.75316379002629,21.069283922882953
IRT,"Independence Realty Trust, Inc.",15.91,USD,-1.1187072715972637,2351421,1.129104130090995,3845227651.6283407,USD,86.93989071038251,0.183,USD,51.61557580778789,4.28837787445618,Finance,Real estate investment trusts,Buy,87.69077290239372,116.39391035254698
FLY,Firefly Aerospace Inc.,22.9,USD,5.676049838486372,3129424,1.4259909579178232,3833566448.5417624,USD,,-2.3815,USD,-13.420964899747586,0,Electronic technology,Aerospace & defense,Buy,,
BDRX,Biodexa Pharmaceuticals plc,0.8308,USD,-2.028301886792452,95249,0.05129680215878598,3829869994,USD,,-103.9476,USD,88.06654783834787,0,Health technology,Pharmaceuticals: major,No rating,,
TARS,"Tarsus Pharmaceuticals, Inc.",87.22,USD,-3.9215686274509833,1818831,2.118508175417594,3827474824.7647057,USD,,-1.0808,USD,53.57787131689717,0,Health technology,Pharmaceuticals: major,Strong buy,,
TNGX,"Tango Therapeutics, Inc.",22.7,USD,0.7992895204262865,2424929,1.2312220447292457,3827455404.6447597,USD,,-0.8376,USD,36.94670280036134,0,Health technology,Biotechnology,Strong buy,,
HHH,Howard Hughes Holdings Inc.,64.05,USD,-0.1091703056768674,480290,1.0582634291313393,3825031546.6539297,USD,12.96926254404082,4.9386,USD,7.869733307122743,0,Finance,Real estate development,Buy,19.659143297198977,25.952945142645973
ABG,Asbury Automotive Group Inc,212.91,USD,-2.002209334437998,227042,1.3300792451702743,3822142690.197459,USD,7.960918921344281,26.7444,USD,-2.3171212763159796,0,Retail trade,Specialty stores,Buy,7.544599457990816,8.058241583516573
DORM,"Dorman Products, Inc.",128.78,USD,-1.9192688499619268,163819,0.9612533101595273,3821626073.877989,USD,17.845957706272,7.2162,USD,-1.8030399934682362,0,Consumer durables,Automotive aftermarket,Strong buy,15.435627989619125,14.862088863242933
BBWI,"Bath & Body Works, Inc.",18.9,USD,-3.126601742696068,5359390,0.681448258133804,3811096392.8088155,USD,4.910238757112052,3.8491,USD,14.444147117414438,4.10046130189646,Retail trade,Specialty stores,Buy,7.33436842356482,7.015340210593831
DYN,"Dyne Therapeutics, Inc.",20.31,USD,-16.350906095551903,17173107,10.611084160826529,3792820399.4999995,USD,,-3.3318,USD,13.706293706293716,0,Health technology,Biotechnology,Strong buy,,
OTTR,Otter Tail Corporation,90.14,USD,0.38979841853212416,182374,0.9044606582873104,3784579915.970152,USD,19.464898831760568,4.6309,USD,-31.888513016620102,2.51419979953224,Utilities,Electric utilities,Neutral,15.814035087719297,14.837860082304527
OLED,Universal Display Corporation,82.3,USD,-0.042509260946130556,660021,0.8950687350233321,3783070479.792312,USD,19.914341713649673,4.1327,USD,-19.343065693430663,2.30764559421874,Electronic technology,Electronic production equipment,Buy,18.343703952678148,19.657768520818603
PLNT,"Planet Fitness, Inc.",49.88,USD,-1.9461372125024474,1548347,1.0276864925885099,3767584581.9390607,USD,16.923964306314257,2.9473,USD,31.599392748705128,0,Consumer services,Other consumer services,Buy,14.441261010448201,15.333175329080744
QTWO,"Q2 Holdings, Inc.",60.38,USD,-2.8166747143087076,438418,0.7655334129217922,3764976510.9711895,USD,43.3017785427424,1.3944,USD,2174.714518760196,0,Technology services,Information technology services,Buy,19.57097492821329,20.760298662236337
IDYA,"IDEAYA Biosciences, Inc.",38.84,USD,-2.5589563472152435,805960,1.1305129795923863,3747651721.052685,USD,,-1.943,USD,48.679344955097726,0,Health technology,Pharmaceuticals: major,Strong buy,,
PFSI,"PennyMac Financial Services, Inc.",72.04,USD,-1.7055532814845134,716449,1.5060900611371044,3742591049.4261155,USD,9.899275830321686,7.2773,USD,0.8802572846488721,1.63733115022513,Finance,Finance/Rental/Leasing,Buy,8.528386837398562,13.369626561684292
BANF,BancFirst Corporation,111.29,USD,-1.4173088847550661,110337,0.8806690521096644,3739204561.684206,USD,15.010385476518033,7.4142,USD,6.980838046865989,1.73620338382496,Finance,Regional banks,Neutral,14.204211869814934,14.459505653551078
RNST,Renasant Corporation,40.81,USD,-1.425120772946851,366152,0.6725978889561004,3730216654.3224635,USD,12.226982652724931,3.3377,USD,31.753049382228703,2.22222222222222,Finance,Regional banks,Strong buy,10.68164662254762,10.788142401364896
BMI,"Badger Meter, Inc.",128.63,USD,-2.9134274284851784,353996,1.2975884010414547,3728578274.239867,USD,30.103676659879707,4.2729,USD,-6.949041811846684,1.2378292701336,Producer manufacturing,Industrial machinery,Buy,27.351185565344306,28.893930544948105
CSTM,Constellium SE,27.48,USD,1.252763448784082,1047587,0.727203827710808,3724302224.7280765,USD,7.069537701628463,3.8871,USD,1921.372854914197,0,Non-energy minerals,Aluminum,Strong buy,10.444967790881712,7.140065850738327
TENB,"Tenable Holdings, Inc.",33.7,USD,-1.605839416058386,3409947,0.6348535196090775,3711717464.735767,USD,583.044982698962,0.0578,USD,,0,Technology services,Packaged software,Buy,16.505990401056387,17.000222465819213
MWA,MUELLER WATER PRODUCTS,23.76,USD,-0.7933194154488423,865889,0.9021272720945851,3709546070.4901886,USD,16.82600382409178,1.4121,USD,49.12873587496039,1.16910229645094,Producer manufacturing,Industrial machinery,Neutral,15.238583889173936,15.143403441682603
ABCL,AbCellera Biologics Inc.,11.44,USD,0.08748906386701476,2559062,0.5047135832628644,3707101934.71916,USD,,-0.5447,USD,2.4883637665592593,0,Health technology,Biotechnology,Strong buy,,
SYNA,Synaptics Incorporated,94.72,USD,-4.313567026972417,525445,0.6232823097760942,3704213367.4011517,USD,,-12.6485,USD,-940.2582449214574,0,Electronic technology,Semiconductors,Buy,18.075514890735878,18.077053440289234
LEU,Centrus Energy Corp.,185.53,USD,6.693886940019561,735301,1.0929455831859327,3701853701.4009438,USD,84.65118401241045,2.1917,USD,-63.990799309948244,0,Non-energy minerals,Other metals/Minerals,Buy,73.53800943591793,73.13169854903367
RCUS,"Arcus Biosciences, Inc.",29.06,USD,-2.0229265003371593,1363509,1.3889157411958246,3700307829.9811196,USD,,-3.9045,USD,-23.178118493280337,0,Health technology,Biotechnology,Buy,,
WT,"WisdomTree, Inc.",24.42,USD,-1.8883085576536716,2637303,0.9905409512517541,3699925769.467256,USD,46.87140115163148,0.521,USD,34.59054507879101,0.482121333869024,Finance,Investment managers,Buy,19.64827812049174,20.447363529338872
SKYW,"SkyWest, Inc.",94.98,USD,-4.11871592973955,327748,1.2223054294187496,3687914062.5645065,USD,9.439193822485914,10.0623,USD,2.4757617728531867,0,Transportation,Airlines,Buy,8.216729964670138,8.75314419242983
IOND,Ionic Digital Inc.,81.96,USD,7.601417881055523,1109543,2.359936446896575,3687886633.466719,USD,,,,,0,Technology services,Data processing services,Strong buy,39.35465283779891,
ACLS,"Axcelis Technologies, Inc.",119.17,USD,3.554049356969068,250712,0.7615053331676954,3680147079.2141123,USD,40.07330688008608,2.9738,USD,-39.19977101265563,0,Producer manufacturing,Industrial machinery,Neutral,24.665217841250133,29.023380418899173
JOYY,JOYY Inc.,74.36,USD,-0.853333333333334,511903,1.0969819351556542,3673012729,USD,17.73305034221258,4.1933,USD,,6.37333333333333,Technology services,Data processing services,Strong buy,11.686157215589171,14.273182885232938
FRMI,Fermi Inc.,5.71,USD,11.523437499999996,27656430,1.9194165453077006,3657068464.783203,USD,,-1.3191,USD,,0,Finance,Real estate development,Strong buy,,
JOE,St. Joe Company (The),64.22,USD,-2.8588715776735754,254057,1.4178158257482323,3656073560.6846166,USD,30.034608549247032,2.1382,USD,50.47149894440533,0.968083497201634,Finance,Real estate development,No rating,,
LBTYA,Liberty Global Ltd.,10.71,USD,0.8474576271186595,1913804,1.0072545544515794,3655623324.737289,USD,,-9.092,USD,-64.68329439040737,0,Communications,Major telecommunications,Buy,,
LBTYB,Liberty Global Ltd.,13.145,USD,4.741035856573696,504,0.03840409643695327,3655493706.493671,USD,,-9.092,USD,-64.68329439040737,0,Communications,Major telecommunications,Buy,,
MSGE,Madison Square Garden Entertainment Corp.,76.75,USD,-0.8526030228652585,359638,1.3373852270246733,3630695790.476037,USD,55.704746697633915,1.3778,USD,82.20047606453319,0,Consumer services,Movies/Entertainment,Buy,31.731266149870805,31.890577300474057
LBTYK,Liberty Global Ltd.,10.435,USD,0.047938638542672884,839528,0.7272447551332935,3626641530.5306807,USD,,-9.092,USD,-64.68329439040737,0,Communications,Major telecommunications,Buy,,
MHO,"M/I Homes, Inc.",143.29,USD,-3.3522190745986773,232414,1.2096699059647602,3622805444.278565,USD,12.066627929498353,11.8749,USD,-34.81561583980151,0,Consumer durables,Homebuilding,Buy,10.957070977411412,11.887586850565175
POST,"Post Holdings, Inc.",82.36,USD,-2.693761814744803,1123073,1.3191961813221245,3620282530.6389413,USD,15.124970157750722,5.4453,USD,-6.77452491011814,0,Consumer non-durables,Food: specialty/candy,Buy,11.707156760051475,10.76239606270886
IPAR,"Interparfums, Inc.",113.01,USD,-3.1536549832890506,129135,0.6373021246858769,3619233442.155627,USD,21.612576258868977,5.2289,USD,4.594735157625225,2.74230868112092,Consumer non-durables,Household/Personal care,Neutral,23.63237139272271,23.14198110184171
OGN,Organon & Co.,13.75,USD,-0.21770682148040174,1629830,0.4276359177227686,3610879675.072569,USD,17.614655393287215,0.7806,USD,-71.00512591932248,0.58055152394775,Health technology,Pharmaceuticals: major,Neutral,3.9511494252873565,4.104477611940299
NIC,Nicolet Bankshares Inc.,172.16,USD,0.02323960027887058,130761,0.9764871226558812,3608045475.5287004,USD,19.553637344539723,8.8045,USD,1.0431968417187079,0.766906809202882,Finance,Major banks,Buy,13.368188773485764,14.68733073546621
APLE,"Apple Hospitality REIT, Inc.",15.26,USD,-2.179487179487179,2329159,1.1161483176949858,3602622130.144871,USD,20.58823529411765,0.7412,USD,-1.9706388043909568,6.15384615384615,Finance,Real estate investment trusts,Neutral,21.42235449364068,21.40837957085037
WSC,WillScot Holdings Corporation,19.87,USD,-0.5505505505505477,1747470,0.645172414073189,3600264064.122122,USD,,-0.3819,USD,-163.8095238095238,1.4014014014014,Finance,Finance/Rental/Leasing,Neutral,17.01099593516816,17.742211999342814
MCHB,Mechanics Bancorp,15.55,USD,-1.7067003792667481,560409,1.3536168089261915,3599149089.0739574,USD,12.44896325354255,1.2491,USD,,9.86093552465234,Finance,Regional banks,Buy,13.883928571428571,15.146098978539293
BTU,Peabody Energy Corporation,29.45,USD,2.0797227036395074,1847447,0.8551937859906305,3589955092.892547,USD,,-1.4996,USD,-246.50254005470887,1.03986135181976,Energy minerals,Coal,Buy,15.697022416094219,
LUNR,"Intuitive Machines, Inc.",15.68,USD,5.874409182984464,7889150,1.4395293483597706,3589529417.9176226,USD,,-0.9433,USD,64.21471927162368,0,Electronic technology,Aerospace & defense,Strong buy,,
LXP,LXP Industrial Trust,60.77,USD,-0.01645278051990459,1203789,1.8265673754302452,3582832858.372327,USD,61.30333904973268,0.9913,USD,-28.35357039606823,4.56564659427443,Finance,Real estate investment trusts,Buy,,1047.3071951744937
TRMD,TORM plc,34.94,USD,-0.6822057987492951,1298952,1.3234583458441618,3560260737.5975823,USD,5.888678348132623,5.93341968,USD,64.44948987550526,6.98382273948075,Transportation,Marine shipping,Buy,6.420047894953757,4.707209925934867
OPCH,"Option Care Health, Inc.",23.74,USD,-1.9413465510119885,1973894,1.2783337093848204,3555901648.198265,USD,17.963075060532685,1.3216,USD,5.306772908366551,0,Health services,Medical/Nursing services,Buy,12.077171805145465,12.6285664130137
FIBK,"First Interstate BancSystem, Inc.",37.22,USD,-1.6644649933949869,804889,0.933519274264381,3547237486.3561425,USD,11.486590747770268,3.2403,USD,45.92002161577951,4.9669749009247,Finance,Regional banks,Sell,13.433593222712515,12.968641114982578
FA,First Advantage Corporation,20.63,USD,-3.507951356407858,1384783,1.0808865564098888,3543278539.594013,USD,142.66943291839556,0.1446,USD,,0,Technology services,Packaged software,Buy,15.125653636462282,16.18059520746927
KAI,Kadant Inc,299.54,USD,0.2610791270585184,140553,0.9619340930089313,3537303116.8084755,USD,32.2342509093257,9.2926,USD,3.4753076109348138,0.468603561387067,Producer manufacturing,Industrial machinery,Buy,22.534511942824903,23.848726114649683
MNDY,monday.com Ltd.,83.67,USD,-8.125617656747549,1467660,1.273030669278314,3537075316.847041,USD,35.66952295689986,2.3457,USD,216.47328656233134,0,Technology services,Packaged software,Buy,13.621948676170282,15.307934274130032
GRAL,"GRAIL, Inc.",79.1,USD,-1.543440378391846,693593,1.369169374040871,3533098874.522031,USD,,-9.7484,USD,24.60400940477664,0,Health technology,Medical specialties,Buy,,
DNLI,Denali Therapeutics Inc.,22.08,USD,-0.8976660682226338,1653769,1.4463131659905915,3529430968.588868,USD,,-2.8378,USD,-1.0684521689579118,0,Health technology,Biotechnology,Strong buy,,
PLMR,"Palomar Holdings, Inc.",134.03,USD,-1.8670376336213288,250274,1.670541417110711,3527359257.450505,USD,18.00268636668905,7.445,USD,30.903400499349438,0.329477229462586,Finance,Property/Casualty insurance,Strong buy,12.500272799357889,13.291440948685398
VAC,Marriott Vacations Worldwide Corporation,102.41,USD,-3.948602513599707,526267,0.9521496265884781,3522424903.3134494,USD,,-9.8302,USD,-247.88037428167402,2.99193397111236,Consumer services,Other consumer services,Buy,10.877657317362157,12.017542490596663
AWR,American States Water Company,88.68,USD,0.16943409013894237,122350,0.5884406874872549,3514887081.507286,USD,24.271950952485223,3.6536,USD,11.984306994421628,2.32407093640574,Utilities,Water utilities,Neutral,23.918334584811376,24.279260780287476
LIF,"Life360, Inc.",43.09,USD,-2.4450984831333447,368303,0.7101002307083939,3510988979.5053205,USD,25.15176278309596,1.7132,USD,417.27053140096626,0,Technology services,Packaged software,Buy,29.856496195704516,35.5109656279565
CALM,"Cal-Maine Foods, Inc.",74.83,USD,0.26798874447273596,738676,0.8544632958669793,3510804961.6398234,USD,11.423032301398303,6.5508,USD,-73.75302003742242,6.44780919201394,Process industries,Agricultural commodities/Milling,Neutral,57.539407920030754,46.9644449716412
NHI,"National Health Investors, Inc.",71.42,USD,0.7618510158013633,338873,1.3034930550480242,3507467166.132055,USD,20.669695829595117,3.4553,USD,10.333045949484303,5.19187358916479,Finance,Real estate investment trusts,Buy,19.7085768735221,17.91097178683386
PII,Polaris Inc.,61.38,USD,-1.823416506717851,586303,0.7138159384555747,3492738235.888675,USD,,-4.6141,USD,-144.42972930020662,4.31861804222649,Consumer durables,Recreational products,Neutral,21.531206217600587,19.57299742693848
LBRT,Liberty Energy Inc.,21.4,USD,3.933948518698391,3208589,0.9446270479747122,3492296446.4108787,USD,29.06818799239337,0.7362,USD,-43.451878024425845,1.69985429820301,Industrial services,Oilfield services/Equipment,Buy,290.3978722249362,77.53173729059185
BELFA,Bel Fuse Inc.,205.91,USD,1.7241379310344873,71290,0.6073027969662972,3491869052.224138,USD,53.447022789804286,3.8526,USD,-4.624449175620138,0.118565359154234,Electronic technology,Electronic components,Strong buy,20.130453472412793,21.148919059242342
BELFB,Bel Fuse Inc.,247.76,USD,1.6284507157799741,144337,0.9350025620146828,3488584411.70089,USD,64.3098167471318,3.8526,USD,-4.624449175620138,0.114852947208663,Electronic technology,Electronic components,Strong buy,23.770382100065667,25.204983782989725
PTRN,Pattern Group Inc. - Series A,19.66,USD,-2.673267326732669,1347747,1.1232410019257033,3487666260.256436,USD,,-0.7887,USD,-315.3153153153153,0,Commercial services,Advertising/Marketing services,Strong buy,27.653023476938703,32.305187069380565
KNF,Knife Riv Holding Co.,61.43,USD,-0.6469351447517363,681269,0.7538243694082314,3486977000.285784,USD,25.029539991036142,2.4543,USD,-8.74172677920726,0,Non-energy minerals,Construction materials,Buy,19.372657652373224,21.10895008487564
HNI,HNI Corporation,48.23,USD,-2.8795811518324603,445183,0.8562950476096683,3481327876.020943,USD,438.05631244323337,0.1101,USD,-96.42114159407099,2.77889649617398,Producer manufacturing,Office equipment/Supplies,Strong buy,10.948921679909194,11.334900117508813
PLSE,"Pulse Biosciences, Inc",48.79,USD,-8.358377160030058,769575,1.3985051355300173,3479830200.1840715,USD,,-1.1744,USD,-11.306985119893866,0,Health technology,Medical specialties,Strong buy,,
NG,Novagold Resources Inc.,7.9,USD,-2.106567534076827,3923901,0.7217271299750606,3466366922.0817847,USD,,-0.1722,USD,30.226904376012964,0,Non-energy minerals,Precious metals,Strong buy,,
CXW,"CoreCivic, Inc.",35.05,USD,0.9795447997695081,1838066,1.2059433156135577,3466216860.9536147,USD,27.92606166839295,1.2551,USD,32.31077377187435,0,Commercial services,Miscellaneous commercial services,Strong buy,2.091039255458776,2.153609831029186
CLSK,"CleanSpark, Inc.",13.48,USD,6.225374310480701,18709640,1.1410959127682905,3461894091.5965333,USD,,-3.7683,USD,-529.2402323727076,0,Technology services,Data processing services,Strong buy,,
QS,QuantumScape Corporation,5.59,USD,2.0072992700729824,11009677,0.7625760655578102,3460844590.4689775,USD,,-0.6695,USD,22.6905311778291,0,Producer manufacturing,Electrical products,Sell,,
NHC,National HealthCare Corporation,220.97,USD,1.0656787413099216,82357,0.8060433924740444,3460698249.199461,USD,24.832554167041263,8.8984,USD,32.661458643926295,1.18459568240029,Health services,Hospital/Nursing management,No rating,,
SBLK,Star Bulk Carriers Corp.,31.02,USD,-4.318322023442326,2395370,1.6421841912871693,3459665099.909315,USD,12.135200688522024,2.5562,USD,141.81250591240186,5.79888957433683,Transportation,Marine shipping,Strong buy,6.831577391839413,6.8516282335676335
NESR,National Energy Services Reunited Corp,34.18,USD,-1.6402877697841736,1472097,0.8718937278961075,3447113186.307914,USD,37.54393673110721,0.9104,USD,20.168954593453,0,Industrial services,Oilfield services/Equipment,Strong buy,14.455157293933654,18.72755624567836
BTDR,Bitdeer Technologies Group,12.67,USD,2.3424878836833534,9926269,0.8495986931838354,3443481091.125202,USD,,-2.0734,USD,18.176795580110493,0,Technology services,Data processing services,Strong buy,,
PRK,Park National Corporation,190.54,USD,-2.151697221794278,92590,0.8936033864084266,3441944854.813023,USD,17.058649739921393,11.1697,USD,8.595512172357472,2.24413290196683,Finance,Major banks,Neutral,14.380377358490566,14.673854447439354
HG,"Hamilton Insurance Group, Ltd.",34.87,USD,-2.0505617977528203,262624,0.8148220772403076,3438683370.8508425,USD,5.883643235581952,5.9266,USD,57.091738012563944,0,Finance,Multi-line insurance,Buy,7.925639455001483,6.9930701021686135
ARLP,"Alliance Resource Partners, L.P.",26.66,USD,0.6797583081570986,342754,1.7656801124664576,3430043501.279456,USD,13.002341006632854,2.0504,USD,12.733670552012304,9.06344410876133,Energy minerals,Coal,Buy,8.558587479935793,11.050777202072538
UCTT,"Ultra Clean Holdings, Inc.",75.62,USD,4.404252381609827,986582,1.258348541100255,3423848806.1601543,USD,,-0.5192,USD,84.67080011809861,0,Producer manufacturing,Industrial machinery,Strong buy,14.721132651188002,23.89572338598798
FSLY,"Fastly, Inc.",21.49,USD,4.371053909664879,5817087,1.6508786433902598,3423357090.8028173,USD,,-0.5348,USD,48.423184492236466,0,Technology services,Information technology services,Buy,42.33823700350093,40.91314951290696
FFBC,First Financial Bancorp.,32.61,USD,-1.1218920557913812,649650,1.007863554217288,3423037109.4714985,USD,11.520525683600649,2.8306,USD,13.364572069366009,3.03214069132808,Finance,Regional banks,Buy,10.210749749584572,10.765115479879533
CRVL,CorVel Corp.,67.67,USD,-0.8207533343104239,179599,1.124465077839587,3418456530.8228054,USD,30.129118432769367,2.246,USD,15.803042021139468,0,Finance,Insurance brokers/Services,No rating,,
TOWN,Towne Bank,37.07,USD,-1.3964622955180173,431921,0.8451040157218097,3417303909.597819,USD,10.3945265401116,3.5663,USD,54.666493191083354,2.89932171831361,Finance,Regional banks,Buy,11.102874557285231,11.800377217345632
CURB,Curbline Properties Corp.,29.68,USD,0.7125890736342072,1644508,1.3161266385376813,3414328499.667458,USD,109.19793966151582,0.2718,USD,71.48264984227129,2.23956565999321,Finance,Real estate investment trusts,Buy,71.76241032721047,115.41004005132791
LRN,"Stride, Inc.",82.15,USD,-2.987718469532358,967312,1.7198947913242137,3414141276.839277,USD,11.399747443209415,7.2063,USD,19.757702662279378,0,Consumer services,Other consumer services,Buy,11.06645612335374,11.066457614120234
BRZE,"Braze, Inc.",30.31,USD,-5.162703379224037,6647165,2.5811601729920737,3413865761.9771585,USD,,-1.1269,USD,-11.662703131193014,0,Technology services,Internet software/Services,Strong buy,37.74581165948321,47.97988992010738
VCYT,"Veracyte, Inc.",42.45,USD,-0.18810251587114576,962028,0.7458592641746543,3412586467.639314,USD,30.119199659429547,1.4094,USD,323.6248872858431,0,Health technology,Medical specialties,Buy,23.658607135034636,22.22513089005236
MGNI,"Magnite, Inc.",23.7,USD,-1.822700911350461,2136733,0.938722864575755,3399152596.5161557,USD,21.7032967032967,1.092,USD,288.4738527214514,0,Technology services,Packaged software,Strong buy,19.825833814339852,20.886946099340783
IPGP,IPG Photonics Corporation,79.56,USD,2.0000000000000027,334177,0.534897672570794,3384047864.7,USD,123.19603592443481,0.6458,USD,,0,Electronic technology,Semiconductors,Buy,42.73410160897437,72.23146753533268
RGC,Regencell Bioscience Holdings Limited,6.82,USD,-1.0159651669085545,316681,1.5591938380822674,3379133440.1973877,USD,,-0.0142,USD,-71.0843373493976,0,Health technology,Pharmaceuticals: major,No rating,,
GPCR,Structure Therapeutics Inc.,40.38,USD,-14.702154626109,3417653,4.66668651142874,3375808657,USD,,-3.0804,USD,1.4681892332789577,0,Health technology,Pharmaceuticals: major,Strong buy,,
DAN,Dana Incorporated,31.29,USD,-2.3408239700374533,1151219,0.8483604334525577,3366074508.416667,USD,,-0.757,USD,-358.23244552058105,1.43570536828964,Producer manufacturing,Auto parts: OEM,Buy,9.245929308975377,16.28405978420108
HIW,"Highwoods Properties, Inc.",30.5,USD,-2.2122475152292442,1081346,1.075640694193926,3364339565.469702,USD,20.40679780543289,1.4946,USD,27.63450042698547,6.41231163834562,Finance,Real estate investment trusts,Neutral,36.26432292131117,22.748427748010073
USLM,"United States Lime & Minerals, Inc.",117.19,USD,0.4284857314251435,112747,0.8779824943932221,3361989451.316394,USD,25.068988384281347,4.6747,USD,7.178558327219357,0.205673151084069,Non-energy minerals,Construction materials,Strong buy,21.621771217712173,23.251984126984127
NATL,NCR Atleos Corporation,45.48,USD,-1.3234975048817672,439642,0.7279476205953731,3360832592.7975698,USD,17.638845795842382,2.5784,USD,59.27847788485296,0,Electronic technology,Computer processing hardware,Neutral,9.524607329842931,9.48158377473358
GPI,"Group 1 Automotive, Inc.",281.6,USD,-6.370527995744105,257960,1.1970062778329713,3357298668.610188,USD,11.740916008255333,23.9845,USD,-33.55523604520055,0.698231147759011,Retail trade,Specialty stores,Buy,6.797082304146214,7.18894634145943
DHT,"DHT Holdings, Inc.",20.82,USD,-0.23957834211787593,2788109,0.8542529024696718,3356924919.654049,USD,7.082837217213813,2.9395,USD,148.6465911013365,11.7393387637758,Transportation,Marine shipping,Buy,6.604510671423691,5.742798745521196
VGNT,Versigent PLC,47.39,USD,-5.635205097570686,784578,1.307305352504128,3356883343.008562,USD,,,,,0,Producer manufacturing,Electrical products,Strong buy,6.499994856513882,6.425693880702837
SFNC,Simmons First National Corporation,23.21,USD,-2.0261713803292545,1494911,1.3397282654235878,3354164878.6720133,USD,,-2.545,USD,-300.5832282471627,3.60911777121148,Finance,Major banks,Buy,10.671264367816093,11.329848953245946
SMG,Scotts Miracle-Gro Company (The),57.53,USD,-3.262148982680339,881929,1.1909207801078072,3349412320.868169,USD,50.341267063353165,1.1428,USD,48.87962480458574,4.43921304859593,Process industries,Chemicals: agricultural,Buy,12.644706389170345,13.01083588005425
SBCF,Seacoast Banking Corporation of Florida,34.52,USD,-0.23121387283236502,684150,0.985909058878002,3342322897.36763,USD,21.963479035439335,1.5717,USD,-3.4463693328418614,2.16763005780347,Finance,Regional banks,Neutral,12.988757500424242,13.538051257917132
FOUR,"Shift4 Payments, Inc.",42.29,USD,-7.945145842403131,1936388,0.955206345877014,3339223101.2414017,USD,68.03410553410554,0.6216,USD,-76.96668766443102,0,Commercial services,Miscellaneous commercial services,Buy,7.5131827131774545,8.102397133180686
NMIH,NMI Holdings Inc,44.38,USD,-1.0037921035021098,516560,1.0704125303084275,3338168307.2402415,USD,8.727287029025407,5.0852,USD,7.933947446618841,0,Finance,Property/Casualty insurance,Buy,8.340104892134894,8.422991312058352
APAM,Artisan Partners Asset Management Inc.,41.06,USD,-1.226846283377431,648981,0.880369597845161,3328843618.924224,USD,10.199215062844653,4.0258,USD,9.218665219750417,8.32331007938417,Finance,Investment managers,Neutral,10.616677440206853,10.63042071197411
ASH,Ashland Inc.,72.62,USD,-0.42506513094748694,673696,1.2285515096575081,3325514492.4576993,USD,64.24274593064402,1.1304,USD,,2.28301110654052,Consumer non-durables,Food: specialty/candy,Buy,17.400630467349014,20.58002105612179
CBU,"Community Financial System, Inc.",63.15,USD,-1.0963194988253764,143485,0.7967051272085198,3322694369.8425994,USD,14.680583968755812,4.3016,USD,17.404951008488215,2.94440093970243,Finance,Major banks,Neutral,13.002744474760158,13.773173391494002
LION,Lionsgate Studios Corp,11.16,USD,-0.08952551477170803,2104575,1.0986449901563977,3320766190.0555058,USD,,-0.4175,USD,40.16910289481227,0,Consumer services,Movies/Entertainment,Buy,32.13517505895768,29.279196553660164
SXI,Standex International Corporation,271.63,USD,-1.5048226847487047,153719,1.2502409486667507,3292010228.997897,USD,31.33710198431011,8.668,USD,86.72985781990519,0.493146711146566,Electronic technology,Electronic equipment/Instruments,Strong buy,27.26114010437575,27.27208835341365
PVH,PVH Corp.,71.26,USD,-4.130230055159415,1120411,0.9286577537726765,3287782035.2899237,USD,,-3.7042,USD,-141.52132000179347,0.201802771424728,Consumer non-durables,Apparel/Footwear,Buy,6.410273132868518,5.893267516633637
RXO,"RXO, Inc.",19.92,USD,-3.5818005808325193,1214387,0.9014377432698014,3285328529.0764766,USD,,-0.6216,USD,71.37726205276972,0,Technology services,Packaged software,Neutral,59.41745835259728,165.11662605062915
AAMI,Acadian Asset Management Inc.,92.15,USD,-1.5281042957896906,427221,1.0377441445152864,3270415318.596923,USD,32.51243693328159,2.8343,USD,18.278178859074394,0.235092968583031,Finance,Investment managers,Neutral,15.539629005059023,17.144186046511628
ATRO,Astronics Corporation,76,USD,-0.340938893259907,406793,0.7535712816971281,3269651714.3981113,USD,40.27130139889784,1.8872,USD,,0,Electronic technology,Aerospace & defense,Strong buy,25.69737954353339,27.941176470588232
KYIV,Kyivstar Group Ltd.,14.11,USD,0,347412,0.7294101492845666,3257485771,USD,20.607565357090696,0.6847,USD,464.4682605111294,0,Finance,Financial conglomerates,Strong buy,,10.18247632628378
OSIS,"OSI Systems, Inc.",204.25,USD,0.04898359049718066,332971,0.9944476317989334,3256146859.748959,USD,22.73410282381488,8.9843,USD,3.2951239982984006,0,Electronic technology,Aerospace & defense,Strong buy,18.051621539380417,17.896094007721825
SIG,Signet Jewelers Limited,82.67,USD,-3.0832356389214484,1686311,2.441190606479109,3251393076.389332,USD,11.592394200297276,7.1314,USD,674.0583957451429,1.57092614302462,Retail trade,Specialty stores,Buy,7.438963069557139,7.641901617934869
BKU,"BankUnited, Inc.",45.55,USD,-1.7895644674428748,712650,1.1241984968725465,3244628898.1285033,USD,12.509955782593172,3.6411,USD,6.90252495596006,2.75981026304442,Finance,Major banks,Neutral,10.688559088372678,11.649109885247956
BATRK,"Atlanta Braves Holdings, Inc. - Series C",50.46,USD,0.03965107057891183,259202,0.5538064068411656,3244521470.59437,USD,,-1.0112,USD,-201.85074626865674,0,Consumer services,Movies/Entertainment,Buy,,
BFAM,Bright Horizons Family Solutions Inc.,66.61,USD,-5.181494661921708,943365,1.5308360339782265,3239597566.2535233,USD,21.069779211741633,3.1614,USD,4.01737242128122,0,Commercial services,Miscellaneous commercial services,Buy,12.300170699261288,13.03425832017547
BATRA,"Atlanta Braves Holdings, Inc. - Series A",55.7,USD,-0.28643036161832547,68134,0.9555357656248904,3233945881.8492665,USD,,-1.0112,USD,-201.85074626865674,0,Consumer services,Movies/Entertainment,Buy,,
FRPT,"Freshpet, Inc.",67.28,USD,-4.214123006833705,941827,0.8616729736490064,3233347184.466971,USD,17.729991830711256,3.7947,USD,473.73752645902636,0,Consumer non-durables,Food: specialty/candy,Buy,41.41763044121965,34.79298741339892
EXPO,"Exponent, Inc.",67.865,USD,-0.7095830285296262,452953,1.2670861072950053,3226715011.113826,USD,30.46825895663105,2.2274,USD,11.772380570052185,1.78493050475494,Industrial services,Engineering & construction,Buy,27.870178723963466,29.435620288522426
AGO,Assured Guaranty Ltd.,73,USD,-3.553970141366096,322932,0.8067707062079214,3210482147.8134494,USD,9.774909280807702,7.4681,USD,-17.46405402119735,1.95534416699696,Finance,Specialty insurance,Buy,10.894602038096485,10.2410863968912
CPK,Chesapeake Utilities Corporation,133.02,USD,0.2713704206241623,142261,0.9105496542419053,3206640712.9864316,USD,21.219710625807586,6.2687,USD,11.823257639272907,2.10312075983718,Utilities,Gas distributors,Buy,19.736394061989373,20.734482651120743
KC,Kingsoft Cloud Holdings Limited,10.42,USD,-4.7531992687385705,1616932,1.2501183874016166,3204418077.19824,USD,,-0.286,USD,74.60261078057012,0,Technology services,Data processing services,Strong buy,,
TNK,Teekay Tankers Ltd.,92.33,USD,-1.1138481310913635,346466,0.5649261700296252,3202014862.1548676,USD,5.441387073390657,16.9681,USD,110.68178149716286,1.07100781835707,Transportation,Marine shipping,Buy,6.053392984790858,5.145096686079613
DX,"Dynex Capital, Inc.",12.89,USD,-0.07751937984495957,4508958,1.0969863710642418,3198871450.914729,USD,4.918157884696098,2.6209,USD,234.59721690284687,15.8139534883721,Finance,Real estate investment trusts,Buy,8.167455004546277,8.692069447544474
GPOR,Gulfport Energy Corporation,180.04,USD,0.3567447045707839,298236,1.343619052939499,3183802872.9542913,USD,7.200764711293489,25.0029,USD,,0,Energy minerals,Oil & gas production,Buy,7.162722746494397,7.772617858189614
ATKR,Atkore Inc.,93.87,USD,0.11732081911262737,509195,0.7824382379416202,3170229574.859002,USD,,-4.8257,USD,-254.92808527032236,1.40784982935154,Producer manufacturing,Electrical products,Neutral,15.375921375921376,16.511873350923484
QURE,uniQure N.V.,45.68,USD,2.6516853932584263,1397298,1.0894437482345145,3168657924.967191,USD,,-4.048,USD,-3.2468691815237065,0,Health technology,Biotechnology,Strong buy,,
FG,"F&G Annuities & Life, Inc.",24.17,USD,-3.4744408945686795,485200,1.0835022490710844,3164704170.1022363,USD,8.49680095619771,2.8446,USD,16.210474711986265,3.87380191693291,Finance,Multi-line insurance,Neutral,5.921117099461048,7.535463756819953
SHOO,"Steven Madden, Ltd.",43.16,USD,-1.1904761904761978,950971,1.1172179461453984,3158323378.1071424,USD,21.638423744109094,1.9946,USD,56.90685966016361,1.92307692307692,Consumer non-durables,Apparel/Footwear,Buy,17.83560252392785,19.6967719382153
LFTO,"Liftoff Mobile, Inc.",18.65,USD,-0.4802561366061892,620084,1.1596884077540477,3158032953.6899676,USD,74.037316395395,0.2519,USD,,0,Technology services,Packaged software,Buy,20.93687168335816,
PLUG,"Plug Power, Inc.",2.26,USD,4.1474654377880125,76343617,1.4457063546221933,3157661241.56682,USD,,-1.2313,USD,41.82926253129871,0,Electronic technology,Electronic production equipment,Neutral,,
FRSH,Freshworks Inc.,12.1,USD,-4.948939512961514,4682228,1.215082135630455,3157141301.6967793,USD,18.535539215686274,0.6528,USD,,0,Technology services,Packaged software,Buy,15.685176471198254,18.0854800499219
HGV,Hilton Grand Vacations Inc.,40.55,USD,-3.567181926278241,938103,1.1068637485878123,3151714290.696789,USD,22.927739454936106,1.7686,USD,205.51045085507,0,Finance,Real estate development,Buy,7.75992346859202,8.469443168052132
AVA,Avista Corporation,37.61,USD,0.15978695073236293,442860,0.6151169084645871,3149943891.7288947,USD,13.596760782328912,2.7661,USD,24.02923504618419,5.23968042609854,Utilities,Electric utilities,Neutral,14.262419416003034,14.448824040138609
FHB,"First Hawaiian, Inc.",25.81,USD,-0.9973149213655602,1812544,1.0375627524185789,3140577114.652474,USD,11.20517495875662,2.3034,USD,18.97112752440473,3.98925968546222,Finance,Regional banks,Neutral,10.836096586944455,11.028373385428617
CLBK,"Columbia Financial, Inc.",11.63,USD,-0.5982905982905856,3064468,1.0645336817874993,3134809874.822222,USD,44.7652040030793,0.2598,USD,851.6483516483514,0.427350427350427,Finance,Savings banks,Strong buy,37.81179285770021,41.71628621031035
NVTS,Navitas Semiconductor Corporation,12,USD,1.6949152542372818,13653293,1.1108366555407208,3133121754.9152546,USD,,-1.3288,USD,-104.24223793421459,0,Electronic technology,Semiconductors,Neutral,,
CWK,Cushman & Wakefield Ltd.,13.26,USD,-2.92825768667643,2257381,1.4288825846648856,3112303618.317716,USD,45.70837642192347,0.2901,USD,-67.04906860517946,0,Finance,Real estate development,Buy,8.616734660457766,9.032088435452922
PPTA,Perpetua Resources Corp.,24.76,USD,-1.3152650458349873,836358,0.7776931814715989,3097372083.987246,USD,,-1.8971,USD,-506.48976982097184,0,Non-energy minerals,Precious metals,Strong buy,,
ARCB,ArcBest Corporation,138.095,USD,-2.143565759637192,184240,0.8262090886587287,3086609943.440937,USD,198.4408679407961,0.6959,USD,-89.65450599113966,0.340136054421769,Transportation,Trucking,Buy,16.952061247645684,20.338449352850112
CWT,California Water Service Group,49.87,USD,-0.3198081151309288,381658,0.6698386734435989,3083915836.2590446,USD,22.45688296483091,2.2207,USD,-3.0262008733624515,2.60843493903658,Utilities,Water utilities,Strong buy,19.112405626029968,19.292069632495163
INFQ,"Infleqtion, Inc.",13.66,USD,6.303501945525296,15454873,2.0931252695995943,3078377263.136187,USD,,-1.692,USD,,0,Electronic technology,Computer processing hardware,Strong buy,,
KBH,KB Home,50.2,USD,-3.9234449760765497,834438,1.096286027233269,3077748281.228708,USD,12.187424132070893,4.119,USD,-45.47981469225679,1.91387559808612,Consumer durables,Homebuilding,Neutral,12.618937254219803,15.143132770282298
CLDX,"Celldex Therapeutics, Inc.",39.12,USD,-1.4112903225806508,834305,1.6916399867800231,3072075369.961693,USD,,-4.3587,USD,-44.90359042553191,0,Health technology,Biotechnology,Strong buy,,
CHRN,ChronoScale Holdings Corporation,21.06,USD,3.948667324777873,147892,0.8806507759852181,3067124756.25074,USD,,-5.3918,USD,26.18320715195159,0,Technology services,Data processing services,No rating,,
ARQT,"Arcutis Biotherapeutics, Inc.",24.39,USD,2.0502092050209293,4560362,2.9814892978260916,3065626932.9740586,USD,117.76919362626751,0.2071,USD,,0,Health technology,Pharmaceuticals: major,Strong buy,30.939016268670915,51.347368421052636
NAMS,NewAmsterdam Pharma Company N.V.,25.63,USD,0.9055118110236238,3801430,3.7661606586637455,3063737631.7830706,USD,,-2.1778,USD,-35.05736434108527,0,Health technology,Pharmaceuticals: major,Strong buy,,
TMDX,"TransMedics Group, Inc.",88.27,USD,-1.9004223160702467,594550,0.9216176261095491,3060775092.2157145,USD,22.9624619546838,3.8441,USD,98.78477608853035,0,Health technology,Medical specialties,Buy,47.44900454923446,59.496567505720826
WRBY,Warby Parker Inc.,24.76,USD,1.6837782340862428,2873209,1.4017240683689114,3060535307.323203,USD,407.9077429983526,0.0607,USD,,0,Retail trade,Specialty stores,Buy,55.82762881391091,56.67148847344039
COCO,"The Vita Coco Company, Inc.",53.27,USD,-3.3738436423000167,1178741,1.158439919628471,3057542686.015055,USD,29.40169996688376,1.8118,USD,67.7903315428783,0,Consumer non-durables,Food: specialty/candy,Buy,27.270051320117233,27.103138967821703
PFS,"Provident Financial Services, Inc",23.43,USD,-1.2225969645868429,732045,1.0521080534782967,3055801960.5227656,USD,9.780022540384856,2.3957,USD,35.167005190701886,4.04721753794266,Finance,Savings banks,Buy,9.364508393285373,9.512854940533492
WOR,"Worthington Enterprises, Inc.",62.41,USD,-0.128020483277333,425479,1.5036251346438194,3053520703.1342616,USD,19.865041219721803,3.1417,USD,63.94614621927674,1.21619459113458,Producer manufacturing,Industrial machinery,Buy,16.722667909947855,16.713621561402004
INTA,"Intapp, Inc.",39.86,USD,-4.435387197314796,750104,1.334357978176488,3049734234.0139055,USD,,-0.5171,USD,-120.98290598290598,0,Technology services,Packaged software,Neutral,24.895928647494014,24.92924933939991
AGYS,"Agilysys, Inc.",108.025,USD,-2.994791666666661,210780,0.9472764565982178,3046930228.6393228,USD,71.56817278388763,1.5094,USD,204.80613893376417,0,Technology services,Packaged software,Strong buy,41.39550265310588,43.97964376590331
IMNM,"Immunome, Inc.",26.81,USD,0.18684603886396545,828624,0.862783047585074,3045016261.5022416,USD,,-2.5263,USD,18.115519253208866,0,Health technology,Biotechnology,Strong buy,,
WIX,Wix.com Ltd.,72.72,USD,-4.579451515549135,2224923,1.4362383943887032,3043296344.203648,USD,,-3.5397,USD,-227.38690754669452,0,Technology services,Packaged software,Buy,11.795421455988414,15.229552200483903
KN,Knowles Corporation,35.62,USD,0.36630036630035345,514788,0.6747735759428961,3042316159.6483517,USD,45.94943240454076,0.7752,USD,178.9492623245772,0,Electronic technology,Electronic components,Buy,23.946218487394955,26.681647940074907
PK,Park Hotels & Resorts Inc.,15.11,USD,-0.9829619921363063,3067320,0.7710530188314891,3042222259.57405,USD,,-0.8256,USD,-411.6647791619479,6.55307994757536,Finance,Real estate investment trusts,Neutral,26.749801722184454,33.139598640201775
MBX,"MBX Biosciences, Inc.",62.99,USD,2.0576798444588515,266220,0.7734052257580951,3033604697.9794226,USD,,-2.4065,USD,-4.403470715835128,0,Health technology,Biotechnology,Strong buy,,
DBRG,"DigitalBridge Group, Inc.",15.92,USD,-0.06277463904582414,3974479,0.8655651242379442,3029261351.6434402,USD,10.344379467186485,1.539,USD,,0.251098556183302,Finance,Investment managers,Neutral,49.75,45.48571428571429
TNET,"TriNet Group, Inc.",65.91,USD,-4.561251086012171,305625,0.8717698875491721,3025581266.042571,USD,17.65462191626711,3.7333,USD,27.425080210253245,1.63625832609325,Commercial services,Miscellaneous commercial services,Neutral,15.536423850426033,13.574937423678307
GRBK,"Green Brick Partners, Inc.",70.25,USD,-1.1816007877338632,407817,1.091518308800622,3021501266.880011,USD,10.582050432320067,6.6386,USD,-15.123697500479446,0,Consumer durables,Homebuilding,Neutral,11.431654895181081,11.421525502843837
BOH,Bank of Hawaii Corporation,76.19,USD,-1.2955045990413268,228320,0.8393969518184974,3005725589.0783777,USD,14.183591786585252,5.3717,USD,40.88226808990532,3.62741287731571,Finance,Regional banks,Neutral,12.133962513556941,12.743300191943973
BHF,"Brighthouse Financial, Inc.",52.24,USD,-2.5009331840238826,665721,0.8222573358245244,3004404119.8178425,USD,4.170159095081862,12.5271,USD,35.39590583861136,0,Finance,Life/Health insurance,Neutral,2.692228406514121,2.6407178061417924
SDRL,Seadrill Limited,48.21,USD,-1.7726161369193103,650550,1.2624238771306737,3003632958.8355746,USD,2819.298245614035,0.0171,USD,-98.53445320534797,0,Industrial services,Contract drilling,Buy,22.921472679658514,64.01489298983144
ADEA,Adeia Inc.,27.2,USD,2.6415094339622613,786744,0.9399614812974014,2999620116.9509435,USD,25.138632162661736,1.082,USD,45.92043155765341,0.754716981132076,Technology services,Packaged software,Strong buy,19.31818181818182,19.104477611940297
PONY,Pony AI Inc.,7.18,USD,-2.3129251700680262,2942254,0.7562409423418889,2996946354.24848,USD,,-0.3599,USD,54.070954568657484,0,Technology services,Packaged software,Strong buy,,
TRVG,trivago N.V.,5.82,USD,-2.8380634390651074,83276,0.3792426622947835,2985517303,USD,27.530747398297066,0.2114,USD,,0,Technology services,Internet software/Services,Neutral,113.95382514057104,219.56859059948235
REZI,"Resideo Technologies, Inc.",19.64,USD,-1.2072434607645797,2171432,1.046807676534349,2982282448.9517097,USD,8.688727658821447,2.2604,USD,,0,Distribution services,Electronics distributors,Buy,11.027803653437234,10.430508067711205
AVAH,Aveanna Healthcare Holdings Inc.,13.66,USD,0.5891016200294555,5451507,1.891022046586551,2981850671.297496,USD,11.108400422867366,1.2297,USD,1535.2393617021278,0,Health services,Medical/Nursing services,Buy,15.995316159250587,16.734699877981253
WING,Wingstop Inc.,109.45,USD,0.22434870198251414,861718,0.8348737208421576,2981696718.902523,USD,25.986514079490952,4.2118,USD,-29.61446548237771,1.12632205485097,Consumer services,Restaurants,Strong buy,22.978327102207263,24.655537696841638
OPEN,Opendoor Technologies Inc,3.07,USD,-2.539682539682542,26086550,1.0099752289884516,2981249658.4825397,USD,,-1.7294,USD,-306.34398496240607,0,Finance,Real estate development,Neutral,,
YETI,"YETI Holdings, Inc.",40.74,USD,-0.19598236158745297,1399387,0.9622780607847143,2973563692.039196,USD,17.731545961002787,2.2976,USD,9.613090978483863,0,Producer manufacturing,Miscellaneous manufacturing,Buy,13.028307627955796,13.683497413268157
HSAI,Hesai Group,18.59,USD,-1.588141874007415,1130434,0.6503787289286995,2970548198.03568,USD,39.92697594501718,0.4656,USD,322.50453720508165,0,Producer manufacturing,Auto parts: OEM,Strong buy,26.39807806621436,185.14921345920047
CBZ,"CBIZ, Inc.",54.65,USD,-0.3646308113035603,732272,0.7184842865412729,2965520842.7292614,USD,25.585205992509362,2.136,USD,23.190495414960502,0,Commercial services,Miscellaneous commercial services,Buy,12.512114313790091,13.341526226657518
ABM,ABM Industries Incorporated,50.6,USD,7.545164718384707,1019473,2.763451003353094,2964194563.8299685,USD,19.496031440240426,2.5954,USD,107.78160275398285,2.41232731137088,Commercial services,Miscellaneous commercial services,Buy,11.863700616466957,12.718517835207722
AEHR,Aehr Test Systems,90.79,USD,5.251565035937864,3885646,1.464100772769736,2961610643.922328,USD,,-0.2391,USD,-82.24085365853657,0,Electronic technology,Electronic production equipment,Strong buy,,
COLM,Columbia Sportswear Company,57.71,USD,-0.01732501732501388,612638,1.0150130099498573,2954359366.03569,USD,14.964345909503436,3.8565,USD,-1.8052655700972646,2.07900207900208,Consumer non-durables,Apparel/Footwear,Neutral,14.920669147153578,12.66466978481034
IRON,"Disc Medicine, Inc.",76.84,USD,-3.0165341411081665,463339,0.9577924628305283,2950106346.2072444,USD,,-6.5782,USD,-46.99559786373487,0,Health technology,Biotechnology,Strong buy,,
BANC,"Banc of California, Inc.",18.62,USD,-1.5856236786469382,2628739,1.2526778707565553,2949926616.207188,USD,,-0.4308,USD,-166.70795912047072,2.32558139534884,Finance,Regional banks,Strong buy,9.786582080883841,
MMS,"Maximus, Inc.",56.33,USD,-2.3066250433576108,446233,0.9851975194817123,2949312690.553069,USD,8.321760969123947,6.769,USD,24.75349711568587,2.2372528616025,Commercial services,Miscellaneous commercial services,Strong buy,6.794933655006032,7.032459425717852
AMBP,Ardagh Metal Packaging S.A.,4.93,USD,-1.5968063872255505,1528565,1.0539044551614611,2946692187.9081836,USD,94.99036608863197,0.0519,USD,,7.98403193612775,Process industries,Containers/Packaging,Neutral,17.57569491730867,18.16781459247712
MGEE,MGE Energy Inc.,77.82,USD,0.5816207832493067,129769,0.8961625687475311,2940351905.9325314,USD,19.129793510324482,4.068,USD,13.021976495429657,2.45573219594158,Utilities,Electric utilities,Neutral,19.43071161048689,19.767991552244574
DXPE,"DXP Enterprises, Inc.",189.04,USD,2.7391304347826044,87976,0.8897222196939127,2933361661.002174,USD,33.3074917189372,5.6756,USD,8.404003361601351,0,Distribution services,Wholesale distributors,Neutral,26.29207232267037,29.263157894736842
BKV,BKV Corporation,26.76,USD,2.686108979278599,1021800,1.2583791883934532,2928556219.0775137,USD,9.626245548401021,2.7799,USD,,0,Energy minerals,Integrated oil,Strong buy,17.272952015920033,16.03826168257907
GPK,Graphic Packaging Holding Company,9.89,USD,-5.177372962607854,6304725,1.4952856957458702,2928147850.9108343,USD,15.164060104262497,0.6522,USD,-63.07326463594156,4.21860019175455,Process industries,Containers/Packaging,Neutral,10.857167322231726,13.791064672981646
DNOW,DNOW Inc.,16.15,USD,0.18610421836226787,1745448,1.0186457111782874,2919692253.9423075,USD,,-1.0731,USD,-239.54486345903769,0,Distribution services,Wholesale distributors,Strong buy,31.057692307692303,46.58649366683301
XNDU,Xanadu Quantum Technologies Limited,9.59,USD,-1.33744855967079,1222414,0.8045543679417189,2919131838.756172,USD,,-0.3436,USD,,0,Electronic technology,Computer processing hardware,Strong buy,,
CARG,"CarGurus, Inc.",32.77,USD,-2.8749259039715436,914224,1.1930363583358063,2918938113.2596326,USD,17.78947939851257,1.8421,USD,48.40087005558688,0,Technology services,Internet software/Services,Buy,11.68739273776729,12.48704426289477
SOUN,"SoundHound AI, Inc.",6.57,USD,-2.522255192878337,39346683,1.7018787894920095,2917801551.712166,USD,,-0.6168,USD,1.3277875539913573,0,Technology services,Packaged software,Buy,,
FIZZ,National Beverage Corp.,31.1,USD,-3.535980148883376,403047,1.2543734559467485,2911336420.933623,USD,15.86168205232825,1.9607,USD,-1.6798716277203825,0,Consumer non-durables,Beverages: non-alcoholic,Strong sell,15.965190750661709,15.96537925476074
ZLAB,Zai Lab Limited,25.41,USD,-3.1261913839115527,711749,0.8275606512408602,2907798161.0264,USD,,-1.7024,USD,17.000633806250306,0,Health technology,Biotechnology,Strong buy,,
IMAX,Imax Corporation,52.66,USD,1.9752130131680792,1451261,1.6871351470746374,2887985662.095662,USD,72.10735314254416,0.7303,USD,21.655838747293025,0,Consumer durables,Electronics/Appliances,Strong buy,27.187030351278526,28.94236698657527
BKD,Brookdale Senior Living Inc.,12.09,USD,2.718776550552254,4267907,0.9647801240113077,2887300610.536109,USD,,-0.5847,USD,44.49401936586291,0,Health services,Hospital/Nursing management,Strong buy,665.5290102389079,359.10535539252083
AEO,"American Eagle Outfitters, Inc.",17.22,USD,-0.9775733179988597,10932694,2.1617086791305553,2885612705.268545,USD,10.646058732612055,1.6175,USD,65.52394596807204,2.87521564117309,Retail trade,Apparel/Footwear retail,Neutral,9.720092933571463,9.78601475062711
SHAK,"Shake Shack, Inc.",67.4,USD,-2.881844380403458,1846315,2.108676534411476,2884648532.6916423,USD,71.04458733003058,0.9487,USD,104.32909756622873,0,Consumer services,Restaurants,Buy,54.08654328408034,59.71302310911713
TALO,"Talos Energy, Inc.",17.16,USD,1.9002375296912133,1534307,0.9015434226058793,2865127480.688836,USD,,-2.388,USD,-145.47697368421052,0,Energy minerals,Oil & gas production,Buy,19.10989750145886,15.260739879087984
PPLI,People Incorporated,38.38,USD,-1.5645037189022812,838897,0.9257312381503724,2857906599.2233906,USD,6.987964969138613,5.4923,USD,,0,Technology services,Internet software/Services,Buy,91.42035019853795,6.991734341785049
SLDE,"Slide Insurance Holdings, Inc.",24.46,USD,-0.8512363194162984,1181379,1.0121377295995235,2857214724.343737,USD,5.9580065279875285,4.1054,USD,-59.701990655306446,0.283745439805432,Technology services,Packaged software,Buy,6.909280525263505,6.506760673308741
CLBT,Cellebrite DI Ltd.,11.45,USD,0,3783423,1.6580659637510085,2856085884,USD,49.374730487278995,0.2319,USD,,0,Technology services,Packaged software,Strong buy,35.01689679954738,41.495430066610126
CXT,"Crane NXT, Co.",49.6,USD,-0.9188973232121471,487785,1.110827968037778,2855040855.5173793,USD,20.51706308169597,2.4175,USD,-7.5349015108051285,1.41829804234918,Producer manufacturing,Industrial machinery,Strong buy,11.045739829623917,11.531228589635424
FUL,H. B. Fuller Company,53.04,USD,-1.5772870662460594,387838,0.7590597271371319,2852884233.3880124,USD,15.758512092221759,3.3658,USD,82.7947645685114,1.78140656893672,Process industries,Industrial specialties,Buy,10.324360897923526,10.893449779327543
HAYW,"Hayward Holdings, Inc.",13.44,USD,-3.448275862068969,2473301,1.4521346482251767,2850887212.551724,USD,18.484390042635127,0.7271,USD,23.698536917318812,0,Consumer durables,Recreational products,Buy,14.578350498690225,15.540482726244683
SPSC,"SPS Commerce, Inc.",79,USD,-4.819277108433735,492827,1.2537651598564763,2844013863.0722895,USD,38.12925334234278,2.0719,USD,-4.845228253880783,0,Technology services,Packaged software,Neutral,15.512948402755415,16.1083689501605
MZTI,The Marzetti Company,104.03,USD,-1.2904450137584207,442586,0.9591829392670189,2839082751.716102,USD,14.909992547153587,6.9772,USD,14.928593783458794,3.747983679666,Consumer non-durables,Food: specialty/candy,Buy,15.443849219456906,15.448436037044765
AMR,"Alpha Metallurgical Resources, Inc.",223.74,USD,-0.7408721884565846,263196,0.7515277775398285,2836809512.964465,USD,,-3.5897,USD,-25.773448722889885,0,Energy minerals,Coal,Neutral,57.545186242549335,
HOG,"Harley-Davidson, Inc.",27.18,USD,-3.95759717314488,1425581,0.8614440922523685,2828690739.2035336,USD,16.810984661058882,1.6168,USD,-16.254014296073763,2.59717314487633,Consumer durables,Motor vehicles,Neutral,19.996159677942646,39.61717968825157
EXTR,"Extreme Networks, Inc.",21.65,USD,-0.2304147465437821,1202147,0.9168608783414138,2825122923.68894,USD,68.94904458598725,0.314,USD,,0,Electronic technology,Computer peripherals,Strong buy,16.557620903136005,16.589339146626003
TTAM,Titan America SA,15.32,USD,-0.9696186166774425,188482,0.852963550767039,2824433127.645766,USD,15.948365604830315,0.9606,USD,7.07836361609631,1.03425985778927,Non-energy minerals,Construction materials,Buy,13.266711119963285,14.133375893368662
POWI,"Power Integrations, Inc.",50.46,USD,0.01982160555004561,589087,0.6306907688430385,2819366691.994847,USD,112.93643688451209,0.4468,USD,-24.12973340125658,1.69474727452924,Electronic technology,Semiconductors,Strong buy,29.99108469539376,36.042857142857144
SLS,"SELLAS Life Sciences Group, Inc.",13.96,USD,0.7215007215007319,6055001,0.824088683959034,2819162031.425686,USD,,-0.2122,USD,35.383678440925706,0,Health technology,Pharmaceuticals: major,Strong buy,,
RDW,Redwire Corporation,11.23,USD,6.6476733143399915,15297885,1.5698445918108623,2807416992.91643,USD,,-1.4611,USD,55.05967027559054,0,Electronic technology,Aerospace & defense,Buy,,
SPNT,SiriusPoint Ltd.,24.15,USD,-1.348039215686282,494813,0.9283594735582101,2805385088.3762255,USD,5.900750116060302,4.0927,USD,366.61726142971156,0,Finance,Property/Casualty insurance,Buy,9.05092353150171,9.418571863703319
AMBA,"Ambarella, Inc.",63.48,USD,0.9381459691524825,3421697,2.1415077411845713,2802068884.310383,USD,,-1.2999,USD,38.399203866932034,0,Electronic technology,Semiconductors,Buy,71.48455447150077,78.91488306350858
FBK,FB Financial Corporation,55.99,USD,-1.754693805930865,594992,2.013020867694708,2798276027.5544834,USD,14.95779012609532,3.7432,USD,94.27029271330703,1.43884892086331,Finance,Major banks,Strong buy,11.390756662392338,11.959841931005021
AKR,Acadia Realty Trust,20.37,USD,0.39428289797930927,875316,0.6283837465732246,2797467589.9280434,USD,60.23063276167948,0.3382,USD,102.63630916716598,3.942828979793,Finance,Real estate investment trusts,Strong buy,63.39257650211154,46.54276587869178
ALHC,"Alignment Healthcare, Inc.",13.46,USD,-0.5908419497784217,3981108,0.9454799199263644,2792077113.035451,USD,72.09426888055705,0.1867,USD,,0,Health services,Managed health care,Strong buy,44.007349815927654,74.50830607082165
AVPT,"AvePoint, Inc.",13.175,USD,-1.8987341772151827,1178611,0.8031771609240309,2787374398.1012664,USD,41.71944268524383,0.3158,USD,,0,Technology services,Packaged software,Buy,30.653721140713962,29.344487579541937
VECO,Veeco Instruments Inc.,45.59,USD,2.0595477949406797,555178,1.1548671194929199,2786900286.783523,USD,125.17847336628226,0.3642,USD,-64.07575458670348,0,Electronic technology,Electronic production equipment,Buy,18.918535350978463,30.40040649457774
KD,"Kyndryl Holdings, Inc.",12.79,USD,-2.73764258555134,3953619,1.2045424584094993,2785895564.8524714,USD,35.65653749651519,0.3587,USD,-70.67288038590466,0,Technology services,Data processing services,Neutral,5.100899297719033,6.89487870619946
CALY,Callaway Golf Company,15.57,USD,-2.075471698113208,2056324,1.482791298424869,2779408625.0320754,USD,,-1.318,USD,83.79302288405495,0,Consumer durables,Recreational products,Buy,17.664777658651147,21.017790202767003
ASO,"Academy Sports and Outdoors, Inc.",44.71,USD,-0.5117935024477012,3109664,1.4871993775087244,2772841308.9706273,USD,7.867323596691889,5.683,USD,4.694005379315417,1.24610591900312,Retail trade,Specialty stores,Buy,6.881172720513421,6.956797215662892
BEAM,Beam Therapeutics Inc.,26.83,USD,-9.541469993256918,6178643,4.620039778455582,2771208072.84592,USD,,-0.8601,USD,80.92439397635786,0,Health technology,Biotechnology,Strong buy,,
KWR,Quaker Houghton,160.84,USD,-0.4086687306501527,108074,0.7615967076449303,2767686585.517771,USD,28.64317133545848,5.6153,USD,,1.25820433436533,Process industries,Chemicals: specialty,Strong buy,18.948892537135837,20.47426879339039
MLYS,"Mineralys Therapeutics, Inc.",31.12,USD,10.315490960652252,2593863,2.7978597076459706,2751222116.85218,USD,,-4.2435,USD,-19.002215429484842,0,Health technology,Biotechnology,Strong buy,,
ALRM,"Alarm.com Holdings, Inc.",56.01,USD,-0.8321529745042473,432505,1.2570791631001395,2749543492.333215,USD,24.751425162402224,2.2629,USD,-4.756092428132497,0,Technology services,Packaged software,Buy,19.131058510093247,19.362754164236673
KALU,Kaiser Aluminum Corporation,167.8,USD,2.1986722699311856,189623,0.8777099363135747,2743377759.7478533,USD,12.435893635312603,13.4932,USD,246.61049603123635,1.87587551007979,Non-energy minerals,Aluminum,Neutral,16.15570012671345,12.021581532902095
NOG,"Northern Oil and Gas, Inc.",25.68,USD,-0.9259259259259335,1717869,0.8663715634564446,2736181555.759259,USD,,-5.176,USD,-185.34494130061998,6.94444444444445,Energy minerals,Oil & gas production,Buy,6.605250865781714,6.40638323243945
ATRC,"AtriCure, Inc.",53.73,USD,4.289596273291913,1880277,2.4056894361907477,2733046047.6620727,USD,248.17551963048498,0.2165,USD,,0,Health technology,Medical specialties,Strong buy,553.7120244033142,502.4171755047081
FCPT,"Four Corners Property Trust, Inc.",24.82,USD,-0.44123545928599855,435857,0.5407705406688027,2724154096.896911,USD,22.502266545784227,1.103,USD,2.47120029728725,5.83433614119535,Finance,Real estate investment trusts,Buy,22.3980940864339,21.948480319765128
UNFI,"United Natural Foods, Inc.",44.93,USD,2.276348736626451,1433198,2.420393890439026,2719125075.5677214,USD,,-0.6562,USD,42.423444766166526,0,Distribution services,Food distributors,Buy,13.398190155893744,13.406505661287156
HTO,H2O America,64.81,USD,0.7618159203980241,333403,0.8894937961434095,2712739447.8131223,USD,22.900250874527405,2.8301,USD,-7.276718432605995,2.70522388059702,Utilities,Water utilities,Buy,23.639075344127086,22.95529296422573
NRIX,"Nurix Therapeutics, Inc.",26.13,USD,-0.038255547054328855,1287859,1.075020703509467,2711815163.2517214,USD,,-3.4474,USD,-31.988207818063486,0,Health technology,Biotechnology,Strong buy,,
WDFC,WD-40 Company,201.73,USD,-2.8135086958616387,128522,1.434418133298809,2707437760.4952064,USD,30.64734211445847,6.5823,USD,3.54575343327722,1.92706075059016,Process industries,Industrial specialties,Buy,33.805716254528406,32.411632390745496
MGRC,McGrath RentCorp,110.82,USD,-0.6900259879917647,125302,1.0443286690731126,2706851884.112196,USD,17.848859683030536,6.2088,USD,-39.53841659363132,1.75642978761538,Finance,Finance/Rental/Leasing,Strong buy,17.034554845056565,17.28429721130451
PAGS,PagSeguro Digital Ltd.,9.75,USD,0.20554984583761124,1939673,0.7170001864884411,2705788421.2230215,USD,6.859434360489658,1.4214,USD,15.251763561177324,0.00411099691675231,Commercial services,Miscellaneous commercial services,Neutral,5.5133069346663515,5.838968978932218
OUST,"Ouster, Inc.",37.49,USD,2.90968981608565,1984695,1.0160524611420516,2703491469.9714518,USD,,-0.8703,USD,51.909156213737084,0,Electronic technology,Semiconductors,Strong buy,,
NWL,Newell Brands Inc.,6.34,USD,3.7643207855973735,10128890,1.4333020863764565,2700206020.7528644,USD,,-0.5337,USD,8.800410116199608,4.58265139116203,Producer manufacturing,Industrial machinery,Neutral,9.759972413453369,8.340832188771188
ATAI,AtaiBeckley Inc.,7.28,USD,-1.488497970230033,119760747,14.83470462864052,2699894636.730717,USD,,-2.1877,USD,-513.4885025238362,0,Health technology,Pharmaceuticals: major,Neutral,,
RH,RH,142.45,USD,-3.7434961821744848,614851,0.9286277099278953,2692443070.329076,USD,27.478780864197528,5.184,USD,23.22612850317336,0,Retail trade,Specialty stores,Neutral,22.582596102857423,30.117622583163854
GRDN,"Guardian Pharmacy Services, Inc.",42.45,USD,4.120676968359087,653108,1.647536872992633,2688713140.231788,USD,41.014492753623195,1.035,USD,,0,Retail trade,Drugstore chains,Strong buy,31.600504119231797,32.57034081082885
EEFT,"Euronet Worldwide, Inc.",71.88,USD,-2.6148218398591068,552757,0.8921227086939505,2688570317.106625,USD,11.28627056902399,6.3688,USD,-12.938635462660445,0,Commercial services,Miscellaneous commercial services,Buy,6.493853199347471,6.699654792550707
NTCT,"NetScout Systems, Inc.",36.975,USD,-0.6582482536270753,653373,1.0498463005849914,2688353006.5965877,USD,22.548481522136846,1.6398,USD,63.881670997401564,0,Technology services,Packaged software,Buy,13.543956043956047,13.52744067407813
NMRK,"Newmark Group, Inc.",14.83,USD,-2.754098360655737,1503981,0.9958407233285125,2687612723,USD,18.445273631840795,0.804,USD,88.51113716295428,1.18032786885246,Finance,Real estate development,Buy,7.237676915568571,7.595666731030937
GRND,Grindr Inc.,15.46,USD,1.3770491803278744,1316252,1.2828674277799121,2687266749.718033,USD,30.118838885641928,0.5133,USD,,0,Technology services,Internet software/Services,Strong buy,22.112059224847894,26.314893617021276
VC,Visteon Corporation,100.66,USD,-1.9290724863600974,319444,0.7950008946883386,2687161852.188815,USD,18.35053049914318,5.4854,USD,-47.70480394306579,1.26656274356976,Producer manufacturing,Auto parts: OEM,Buy,10.332268765446823,11.790329844609168
WTTR,"Select Water Solutions, Inc.",20.8,USD,3.688933200398814,1037571,0.8005665540086196,2682011964.346959,USD,77.81518892630004,0.2673,USD,-17.0133498913381,1.39581256231306,Energy minerals,Oil & gas production,Strong buy,29.799597705430976,31.689974541371413
BCC,"Boise Cascade, L.L.C.",76.86,USD,-2.9667971215755515,227344,0.8136707450893933,2681749113.9388967,USD,26.145525053576893,2.9397,USD,-56.80151650967657,1.11097083701553,Distribution services,Wholesale distributors,Buy,17.415973479501222,19.61429306754937
LIFE,Ethos Technologies Inc.,42.02,USD,5.445420326223341,1466067,1.084696898781688,2679144915.187955,USD,,-1.7814,USD,-284.04793883665667,0,Technology services,Packaged software,Strong buy,55.229012449528945,
FBNC,First Bancorp,64.71,USD,-0.5073800738007571,150714,0.9911045613536691,2677325930.6125455,USD,20.120643014831625,3.2161,USD,37.018575323790046,1.44526445264453,Finance,Regional banks,Buy,14.265873015873016,14.228232189973614
GCMG,GCM Grosvenor Inc.,13.18,USD,-0.6782215523737744,247804,0.5742511160985851,2672799987.2539563,USD,25.527793918264575,0.5163,USD,265.1343705799151,3.54182366239638,Finance,Investment managers,Strong buy,12.978316954526655,14.646397297417433
NBTB,NBT Bancorp Inc.,51.42,USD,-1.626171800267843,229097,0.8781582583796982,2671786511.263057,USD,12.591830737584486,4.0836,USD,47.01900921658984,2.83145207576047,Finance,Major banks,Buy,11.728669480300422,12.33291975759169
TRMK,Trustmark Corporation,45.83,USD,-1.694551694551693,360495,1.5236578100274558,2661374599.2166452,USD,11.6449842463665,3.9356,USD,10.815148528790655,2.1021021021021,Finance,Regional banks,Neutral,11.517630670322083,11.690333448714687
MAN,ManpowerGroup,57.21,USD,-7.696030977734747,979003,1.4569600584329974,2660583609.302033,USD,25.794670634383873,2.2179,USD,,2.32333010648596,Commercial services,Personnel services,Neutral,13.993844762985216,15.774549401002778
CUBI,"Customers Bancorp, Inc",78.74,USD,-2.874059454792153,321386,1.5576740112531584,2660136561.5739484,USD,9.595417986838898,8.206,USD,102.9630728896144,0,Finance,Regional banks,Buy,8.750035143492687,9.321531269274342
BHE,"Benchmark Electronics, Inc.",73.92,USD,1.7621145374449354,274490,0.8234562482806537,2655201448.255507,USD,50.4745646978491,1.4645,USD,39.66240701888231,0.936123348017621,Electronic technology,Electronic production equipment,Buy,23.051972655720103,24.994082840236686
PRVA,"Privia Health Group, Inc.",20.78,USD,0.5808325266214955,1378533,1.2907005681942665,2654316646.8315587,USD,96.42691415313226,0.2155,USD,84.34559452523523,0,Finance,Life/Health insurance,Strong buy,53.944181530737545,80.6839890039915
DGII,Digi International Inc.,69.91,USD,0.7929642445213338,210351,0.5866286124479574,2652953100.244233,USD,55.160170427647145,1.2674,USD,11.146189599228272,0,Electronic technology,Telecommunications equipment,Strong buy,22.760866026371477,25.969539375928676
HWKN,"Hawkins, Inc.",127,USD,-1.649500503368695,138547,0.812051801293567,2651139876.496554,USD,32.84709290295883,3.8664,USD,-4.7872340425532,0.596298304034694,Process industries,Chemicals: specialty,Buy,30.247695280430673,30.75246685634724
PHVS,Pharvaris N.V.,37.84,USD,7.347517730496464,6328168,11.80652808295097,2643641863.7480855,USD,,-3.0508,USD,9.41536268891594,0,Health technology,Biotechnology,Strong buy,,
UE,Urban Edge Properties,20.96,USD,-0.09532888465204754,860539,1.0211859484061618,2641378912.274547,USD,39.221556886227546,0.5344,USD,-35.73833573833574,3.81315538608198,Finance,Real estate investment trusts,Buy,47.203060992390306,42.09029734304998
BBT,Beacon Financial Corporation,31.44,USD,-1.4111006585136385,853151,1.3475044228387003,2635177687.1119475,USD,22.7743571169866,1.3805,USD,-46.040494058786734,4.04515522107244,Finance,Regional banks,Buy,9.896950832552658,10.331036780659668
PENG,"Penguin Solutions, Inc.",51.3,USD,-0.888717156105102,1209436,0.8306790719474139,2628750356.3775115,USD,36642.85714285714,0.0014,USD,,0,Electronic technology,Semiconductors,Buy,16.11614177680934,19.619736613641106
TBBK,"The Bancorp, Inc.",64.41,USD,-3.6787797218483744,477736,2.1724298185700786,2627078412.1615067,USD,12.10850847839982,5.3194,USD,14.380940093751345,0,Finance,Regional banks,Strong buy,9.276523353190267,10.758908086920485
UPST,"Upstart Holdings, Inc.",26.98,USD,-3.814616755793227,5475453,1.547330098630671,2625505999.066667,USD,49.12600145666424,0.5492,USD,,0,Finance,Finance/Rental/Leasing,Buy,19.410351228075225,40.048390568292305
VRDN,"Viridian Therapeutics, Inc.",23.17,USD,1.0907504363001745,1829318,1.8570845713859918,2624981831.808464,USD,,-3.7082,USD,13.059176591953484,0,Health technology,Pharmaceuticals: major,Strong buy,,
CDNA,"CareDx, Inc.",50.31,USD,-1.120283018867925,935079,0.7820949021673573,2602748784.601415,USD,24.250457919598958,2.0746,USD,103.17304867299974,0,Health technology,Medical specialties,Buy,45.39384643147162,41.79383700818931
NEOG,Neogen Corporation,11.885,USD,0.464919695688924,2922089,1.9228549354109536,2592189827.079036,USD,,-0.0361,USD,99.28284794787238,0,Health technology,Medical specialties,Buy,40.51709149669488,38.33870967741935
FRME,First Merchants Corporation,41.17,USD,-2.116024726581076,435328,1.1715000156082314,2585534633.4800286,USD,13.219239660929876,3.1144,USD,-19.110695548283214,3.44745601521636,Finance,Major banks,Buy,9.708380711897613,12.72642967542504
PATK,"Patrick Industries, Inc.",80.41,USD,-2.933365523901505,372349,1.000806076402282,2582629433.7530174,USD,19.11974510176907,4.2056,USD,13.787878787878771,2.26943505552873,Consumer durables,Home furnishings,Buy,16.755165585669197,18.793851248338502
TDC,Teradata Corporation,27.76,USD,-1.033868092691619,1549589,0.8276874086197717,2581679929.7340465,USD,5.845810432328848,4.7487,USD,319.4594117127462,0,Technology services,Packaged software,Neutral,10.325767551201078,10.24782685897831
NKTR,Nektar Therapeutics,75.44,USD,1.6848631891090444,867674,1.7702408636145353,2575747546.816552,USD,,-6.6967,USD,23.18183903826741,0,Health technology,Pharmaceuticals: major,Strong buy,,
AAP,Advance Auto Parts Inc.,42.56,USD,-3.6668175645088215,1708584,0.9644891264489488,2570624082.8465376,USD,30.892066487624305,1.3777,USD,,2.26346763241286,Retail trade,Specialty stores,Neutral,,14.205982066950364
NN,NextNav Inc.,15.22,USD,0.26350461133070435,3861178,1.7132108154924621,2569286821.3768115,USD,,-0.9813,USD,23.221970111884836,0,Technology services,Packaged software,Strong buy,,
DJT,Trump Media & Technology Group Corp.,9.23,USD,2.3281596452328257,3154010,0.8509215067597594,2565398183.6507764,USD,,-4.7103,USD,-854.661532225375,0,Commercial services,Advertising/Marketing services,No rating,,
BANR,Banner Corporation,69.92,USD,-1.7287420941672578,194155,0.7749884942219639,2561832004.292902,USD,11.532625189681335,6.0628,USD,15.57436425330741,2.86718200983837,Finance,Regional banks,Buy,11.541128557971312,11.754553754808281
WGS,GeneDx Holdings Corp.,85.87,USD,-0.1395511105942439,426650,0.9392506380366019,2560861470.255263,USD,,-3.6288,USD,-19505.347593582886,0,Health services,Medical/Nursing services,Strong buy,131.02782147745427,858.7
ACHC,"Acadia Healthcare Company, Inc.",27.5,USD,-2.2396018485602522,1316323,0.9029323833925355,2560257434.67828,USD,,-12.4547,USD,-920.6299005073466,0,Health services,Medical/Nursing services,Buy,16.54786303905416,18.018879854695754
IVT,InvenTrust Properties Corp.,32.61,USD,-0.061293288384931435,414603,0.7111209524629546,2542876741.3147407,USD,167.91967044284243,0.1942,USD,-86.42053003286485,2.98927367453264,Finance,Real estate investment trusts,Buy,,
VERA,"Vera Therapeutics, Inc.",35.28,USD,-1.6996377821120074,1442838,0.6938418397731138,2542394564.816941,USD,,-5.8694,USD,-63.93598301818283,0,Health technology,Biotechnology,Strong buy,,
DCO,Ducommun Incorporated,168.33,USD,0.005941064638794753,149097,0.7569128705190974,2541745931.7978854,USD,,-1.7512,USD,-166.30821658462702,0,Electronic technology,Aerospace & defense,Buy,34.41726698725112,38.42886596149443
WAFD,"WaFd, Inc.",34.28,USD,-5.5647382920110084,3713090,9.268324341055086,2536556487.2330585,USD,10.802294069452323,3.1734,USD,21.103648297969773,2.97520661157025,Finance,Major banks,Neutral,10.27116104868914,10.411541381928625
ASST,"Strive, Inc.",27.16,USD,0.0736919675755327,8992535,0.7216309886632675,2533011255.2925572,USD,,-19.0998,USD,-2.263746854419868,0,Finance,Financial conglomerates,Strong buy,5.520325203252033,
COHU,"Cohu, Inc.",53.17,USD,4.830441640378555,857369,1.015243651892644,2516984506.972595,USD,,-0.828,USD,55.603217158176946,0,Electronic technology,Semiconductors,Strong buy,36.73683999610315,55.968421052631584
BUSE,First Busey Corporation,30.42,USD,-0.7827788649706408,568851,0.9578904455458299,2511990809.0782776,USD,12.646545273135445,2.4054,USD,114.88297302126142,3.35942596216569,Finance,Regional banks,Buy,11.43302136193518,11.956203036922735
AXGN,"Axogen, Inc.",46.69,USD,-3.2932891466445806,541493,0.7143932374648753,2510124966.8869095,USD,,-0.6739,USD,-537.5591296121097,0,Health technology,Medical specialties,Strong buy,80.44230345131767,104.33519553072625
SKWD,"Skyward Specialty Insurance Group, Inc.",56.53,USD,-1.4126264387861915,263877,0.6386995630856114,2509733699.3850713,USD,13.160284018158539,4.2955,USD,35.59883831049938,0,Finance,Multi-line insurance,Buy,10.880751924822915,11.2526310215908
ETOR,eToro Group Ltd.,30.89,USD,-4.8660301817061855,924683,0.9125641481130586,2502402951.7557745,USD,11.381724392041267,2.714,USD,20.008843687817826,0,Technology services,Packaged software,Buy,12.421845719791474,12.151595580422596
RNW,ReNew Energy Global plc,6.86,USD,-0.14556040756913807,2867986,1.167596134179435,2499802433.129549,USD,20.67510548523207,0.3318,USD,11.943319838056677,0,Utilities,Alternative power generation,Buy,,29.883619727568302
OCUL,"Ocular Therapeutix, Inc.",11.37,USD,6.860902255639084,2737328,1.5949387592432145,2497032582.101504,USD,,-1.413,USD,-10.597996242955539,0,Health technology,Pharmaceuticals: major,Strong buy,,
HCM,HUTCHMED (China) Limited,13.88,USD,-1.4904187366926833,109123,0.8955195708977272,2489555080.67584,USD,136.47984267453296,0.1017,USD,-96.20805369127517,0,Health technology,Pharmaceuticals: major,Strong buy,27.215686274509807,45.776099467374635
PHIN,PHINIA Inc.,67.92,USD,-1.6222479721900411,260783,0.8976461756162339,2488458985.637312,USD,19.47303535078414,3.4879,USD,34.66795366795367,1.65121668597914,Producer manufacturing,Auto parts: OEM,Buy,10.58392670537259,11.386130646796595
UNIT,Uniti Group Inc.,10.25,USD,0.7866273352999024,1911945,1.133314519296924,2487932738.618486,USD,3.8392388942991986,2.6698,USD,1023.1804795961298,0,Communications,Major telecommunications,Neutral,,
APPN,Appian Corporation,34.58,USD,-9.877508470158977,1823013,1.9590037070361475,2476906396.8047953,USD,,-0.1469,USD,37.11472602739726,0,Technology services,Packaged software,Neutral,27.947363912178353,31.97594314237155
INTR,Inter & Co. Inc.,5.62,USD,-0.7067137809187285,6340790,1.7282226109481527,2472829446.416961,USD,8.616988653787182,0.6522,USD,46.33161319273054,0.00199826855123675,Finance,Major banks,Buy,6.871810171746345,7.3423357511653675
WLY,"John Wiley & Sons, Inc.",48.68,USD,1.0168084664868273,691030,1.1151328741745794,2471628892.4756174,USD,12.883078388821257,3.7786,USD,112.36441297139324,2.95185723179083,Consumer services,Publishing: books/magazines,Strong buy,,10.141666666666667
SUPN,"Supernus Pharmaceuticals, Inc.",42.43,USD,-2.5269928784746187,429133,0.8551738623485202,2466328979.422697,USD,,-1.9143,USD,-267.30466701625585,0,Health technology,Pharmaceuticals: major,Buy,14.68166089965398,16.541910331384017
PGEN,"Precigen, Inc.",6.87,USD,-3.2394366197183033,2770688,0.7244849112753816,2459702119.1197186,USD,,-1.0994,USD,-156.62931839402427,0,Health technology,Biotechnology,Buy,14.164948453608249,49.07142857142857
DRH,Diamondrock Hospitality Company,11.97,USD,-0.9105960264900615,2247281,0.867423772074323,2456655948.3427153,USD,16.595036739220852,0.7213,USD,159.6472282217423,2.81456953642384,Finance,Real estate investment trusts,Buy,18.944909406297874,16.247582205029016
WHR,Whirlpool Corporation,37.61,USD,-4.300254452926203,2091060,1.0012880379775595,2452148595.670229,USD,12.643716802259126,2.9746,USD,,6.87022900763359,Consumer durables,Electronics/Appliances,Neutral,11.888704529498433,19.629590002009408
HRMY,"Harmony Biosciences Holdings, Inc.",42.07,USD,-0.42603550295857917,1778124,2.5108564374617943,2450005052.2653255,USD,13.632975793123562,3.0859,USD,-0.5318463125322246,0,Health technology,Pharmaceuticals: major,Buy,10.504726252876504,10.67108086355855
LIME,"Neutron Holdings, Inc.",37.59,USD,2.285714285714295,255757,0.9055922464304886,2442755702.1000004,USD,,,,,0,Consumer durables,Motor vehicles,Strong buy,42.554733039521906,
SYBT,"Stock Yards Bancorp, Inc.",78.59,USD,-1.1322178890426362,182634,1.339221093865148,2441527389.263178,USD,15.656626025978168,5.0196,USD,15.32152457095596,1.61026544219399,Finance,Regional banks,Neutral,14.558197873306446,15.11346153846154
MH,"McGraw Hill, Inc.",12.75,USD,-4.207362885048839,415138,0.8053130666234205,2439187370.5108943,USD,26.29950495049505,0.4848,USD,,0,Commercial services,Miscellaneous commercial services,Strong buy,6.444419284532989,6.456853532228055
STNE,StoneCo Ltd.,10.02,USD,-0.8902077151335298,3951973,0.5064164699345266,2437146751.3175073,USD,4.0509399636143115,2.4735,USD,,0,Commercial services,Miscellaneous commercial services,Buy,4.775478161901217,4.9502848942535325
COTY,Coty Inc.,2.76,USD,-5.802047781569978,3856236,0.6152081441170891,2430694691.9590445,USD,,-0.7025,USD,-60.60813900320073,0,Consumer non-durables,Household/Personal care,Neutral,8.554479013631376,8.423314268972295
MBIN,Merchants Bancorp,52.9,USD,0.41761579347000544,291032,1.8601083857376695,2430124235.783979,USD,10.63508976498261,4.9741,USD,9.40503684152645,0.797266514806378,Finance,Regional banks,Buy,9.269860896011787,9.485952810164207
PAYO,Payoneer Global Inc.,7.13,USD,-0.557880055788006,2157728,1.2250850002759344,2416006444.64993,USD,51.517341040462426,0.1384,USD,-47.43638435244967,0,Commercial services,Miscellaneous commercial services,Neutral,28.331313452406974,33.62477952897013
ANDE,"The Andersons, Inc.",70.92,USD,2.3228971288414364,312059,0.6773667484056131,2409547387.8707256,USD,13.687948737744154,5.1812,USD,120.71139510117143,1.14702063194344,Commercial services,Miscellaneous commercial services,Strong buy,11.806880587853463,12.97316994066037
LCII,LCI Industries,99.11,USD,-3.4015594541910286,271767,0.9978949130921866,2409513539.7194934,USD,11.52321268704438,8.6009,USD,43.307729476648284,4.48343079922027,Producer manufacturing,Miscellaneous manufacturing,Buy,11.097479222878611,11.622707517397416
NTB,Bank of N.T. Butterfield & Son Limited (The) Voting,61.21,USD,-0.5200715098326024,153951,0.961977305106351,2407186454.4570127,USD,10.774132225586145,5.6812,USD,14.16055460665126,3.25044693645376,Finance,Regional banks,Neutral,9.613531630812114,10.180174621345236
SAH,"Sonic Automotive, Inc.",76,USD,-6.172839506172839,283000,1.341421043625572,2402725045.827161,USD,12.11522213897435,6.2731,USD,39.585233973431826,1.91358024691358,Retail trade,Specialty stores,Buy,10.536659812292179,10.985033758743219
TRVI,"Trevi Therapeutics, Inc.",16.82,USD,-2.5492468134414903,1485095,1.0432815421089265,2396443750.2236385,USD,,-0.3427,USD,18.540527691942003,0,Health technology,Biotechnology,Strong buy,,
LASR,"nLIGHT, Inc.",41.53,USD,3.6694957563654484,1550300,1.0065815748239164,2395873963.495507,USD,,-0.2458,USD,74.55749922368284,0,Electronic technology,Semiconductors,Strong buy,109.51830930945187,83.80485757411877
WERN,"Werner Enterprises, Inc.",39.82,USD,-0.5494505494505466,616441,0.7806572484092824,2388290470.027472,USD,,-0.7738,USD,-190.33387812281111,1.3986013986014,Transportation,Trucking,Neutral,23.14101841402083,34.62367835281024
MPT,"Medical Properties Trust, Inc.",3.99,USD,-0.49875311720697196,10380742,1.3595401101476194,2382828185.0723195,USD,,-0.0523,USD,97.80630007130574,8.7281795511222,Finance,Real estate investment trusts,Neutral,73.86016549119788,44.111794100738514
AGM,Federal Agricultural Mortgage Corporation,226.09,USD,-0.7419439810343303,112219,1.2746495591163471,2380361876.4938974,USD,12.604601635715918,17.9371,USD,5.64658625076568,2.72192466414962,Finance,Finance/Rental/Leasing,Strong buy,10.41409488714878,10.828065134099617
NGVT,Ingevity Corporation,69.15,USD,-1.9705131840090733,189668,0.8457568794555208,2377233340.7279563,USD,45.858478678957496,1.5079,USD,,0,Process industries,Chemicals: major diversified,Strong buy,12.515837104072398,12.901119402985074
PURR,Hyperliquid Strategies Inc,11.93,USD,-2.052545155993432,17521704,0.5729434952350158,2360202635.583744,USD,18.36514778325123,0.6496,USD,,0,Finance,Financial conglomerates,Strong buy,59.65,58.19512195121951
PBH,Prestige Consumer Healthcare Inc.,49.79,USD,-4.726368159203978,418334,0.9932743954530108,2358777432.544776,USD,13.940140549318253,3.5717,USD,-16.20055370465957,0,Health technology,Pharmaceuticals: major,Buy,10.59921205214923,10.861015215891854
HLIO,"Helios Technologies, Inc.",71.42,USD,-0.27925160569673674,257948,0.8673477279314699,2353330284.389835,USD,33.251082452628154,2.1479,USD,104.95229007633586,0.586428371963139,Producer manufacturing,Industrial machinery,Strong buy,21.460368780602135,22.40448215123182
HURN,Huron Consulting Group Inc.,147.64,USD,-4.914020738069185,218194,1.0212278004385502,2348963142.8139367,USD,22.142235819910614,6.6678,USD,16.443714854528295,0,Commercial services,Miscellaneous commercial services,Strong buy,15.403603842345722,16.050408109130597
PLUS,ePlus inc.,89.79,USD,-2.5081433224755574,153416,0.8177328243379667,2342658580.7442994,USD,18.747651062763605,4.7894,USD,11.45397002699431,1.12920738327904,Technology services,Packaged software,Strong buy,16.281051677243884,16.400000000000002
NCNO,"nCino, Inc.",22.14,USD,-4.238754325259517,2053388,0.6299281103457416,2340999011.2188582,USD,73.38415644680146,0.3017,USD,,0,Technology services,Packaged software,Buy,15.415014809275746,16.921417822212
BXMT,"Blackstone Mortgage Trust, Inc.",13.87,USD,-2.323943661971832,1589860,0.8977057758111585,2337699622.6028166,USD,160.71842410196987,0.0863,USD,,13.2394366197183,Finance,Real estate investment trusts,Buy,10.932838320898904,12.873704044032335
VVX,"V2X, Inc.",74.5,USD,0.4313831221353372,813761,1.7356439391919634,2335229172.566729,USD,25.660455343918986,2.9033,USD,30.814634585924143,0,Commercial services,Miscellaneous commercial services,Buy,11.596585155904023,11.934871805058847
STUB,"StubHub Holdings, Inc.",6.11,USD,-7.424242424242414,7081042,1.2019786409950945,2334569657.451515,USD,,-5.3703,USD,-2079.50487012987,0,Technology services,Internet software/Services,Buy,12.944092536491324,17.440748553502566
FIVN,"Five9, Inc.",31.23,USD,-6.131650135256995,1828743,1.217242570764913,2333615987.3020735,USD,45.58458619179682,0.6851,USD,658.6932447397563,0,Technology services,Packaged software,Buy,8.650006287388496,9.60446990737822
HIMX,"Himax Technologies, Inc.",14.12,USD,3.2163742690058443,2242657,3.362535742714529,2332118572,USD,69.90099009900989,0.202,USD,-52.847805788982264,1.76900584795322,Electronic technology,Semiconductors,Buy,16.418604651162788,30.04255319148936
PBI,Pitney Bowes Inc.,16.99,USD,-2.3563218390804606,2093552,1.4667129240155787,2329162875.8810344,USD,13.841140529531566,1.2275,USD,118.33866951262894,2.18390804597701,Technology services,Packaged software,Neutral,10.01965598198231,10.14328358208955
NUVB,Nuvation Bio Inc.,6.61,USD,-2.936857562408213,2542237,0.6374962344962994,2327534530.5961823,USD,,-0.4351,USD,30.69448869066582,0,Health technology,Biotechnology,Strong buy,,
CC,Chemours Company (The),15.45,USD,0.9803921568627357,1894704,1.1893503682446194,2325209469.2156854,USD,,-2.0117,USD,28.06107852953799,2.28758169934641,Process industries,Chemicals: specialty,Buy,9.827450326850183,14.603687123801457
KMT,Kennametal Inc.,30.47,USD,-1.773049645390073,1432808,0.9952943291463315,2322393715.8156023,USD,6.922325465161188,4.4017,USD,268.00434746258674,2.57898130238556,Producer manufacturing,Industrial machinery,Sell,6.352315645251003,6.333256497303845
BCRX,"BioCryst Pharmaceuticals, Inc.",9.065,USD,-8.985943775100415,9687920,4.018631871863322,2316425785.256024,USD,,-1.504,USD,-765.3624856156501,0,Health technology,Biotechnology,Strong buy,17.472644180636106,
EFSC,Enterprise Financial Services Corporation,64,USD,-1.02072378595731,174248,0.9123815657537511,2316321420.352614,USD,12.736571872077057,5.0249,USD,-4.748455093452641,2.01051654809774,Finance,Regional banks,Buy,11.28747795414462,12.144212523719165
HCI,"HCI Group, Inc.",186.09,USD,-0.8260498827542012,146901,1.1223069400727317,2314748858.3312197,USD,8.019392372333549,23.205,USD,105.64880625321256,0.852696653165636,Finance,Property/Casualty insurance,Buy,9.330504114968416,9.935397757608115
ROG,Rogers Corporation,129.5,USD,1.3143483023001148,137875,0.737102773110277,2313949470.9474263,USD,74.52379582206365,1.7377,USD,,0,Process industries,Chemicals: specialty,Strong buy,30.542452830188676,34.53333333333333
KEEL,Keel Infrastructure Corp.,3.73,USD,7.492795389048985,43933528,1.296268361957079,2303547984.403458,USD,,-0.7481,USD,-337.485380116959,0,Technology services,Data processing services,Strong buy,,
IOSP,Innospec Inc.,93.37,USD,-0.6173496540713127,135863,0.8057883099814482,2299800717.6144753,USD,19.068333129109995,4.8966,USD,549.4164456233422,1.90526875997871,Process industries,Chemicals: major diversified,Strong buy,16.337707786526686,18.913570633789966
ARR,"ARMOUR Residential REIT, Inc.",16.23,USD,-0.7339449541284464,3396895,1.139354087346986,2297405885.8550463,USD,4.355760714956657,3.7261,USD,,17.6146788990826,Finance,Real estate investment trusts,Buy,5.586876794736839,5.547879602466909
RAMP,"LiveRamp Holdings, Inc.",37.74,USD,-0.026490066225160293,1332809,1.3715071720655676,2294402511.2090063,USD,15.591819871927289,2.4205,USD,1026.8621973929237,0,Technology services,Packaged software,Neutral,12.253246753246753,11.961965134706816
LPG,Dorian LPG Ltd.,53.49,USD,-3.0978260869565233,672365,1.280270675952984,2288445612.310326,USD,7.097647386648621,7.5363,USD,555.6725247955454,0,Transportation,Marine shipping,Buy,7.685265324841467,6.332469943853047
BOBS,"Bob's Discount Furniture, Inc.",17.5,USD,-0.7936507936507969,460949,0.7925092880845853,2287023694.4444447,USD,,,,,0,Retail trade,Specialty stores,Strong buy,17.45714271463557,18.964022540095364
AMC,"AMC Entertainment Holdings, Inc.",2.56,USD,-3.396226415094335,28085590,1.1771489561665953,2285067894.822642,USD,,-1.0624,USD,-19.343967647719616,0,Consumer services,Movies/Entertainment,Neutral,,
CLOV,"Clover Health Investments, Corp.",4.29,USD,0.8225616921269129,3047184,0.9604443736455858,2278664454.542891,USD,,-0.0402,USD,53.739930955120826,0,Finance,Life/Health insurance,Buy,60.9790766431658,78.0468280968581
DBD,Diebold Nixdorf Incorporated,67.08,USD,-2.3154215814766324,183005,0.7459988243705858,2277137224.6710353,USD,21.94738908519827,3.0564,USD,,0,Electronic technology,Electronic equipment/Instruments,Strong buy,10.492178259418326,12.483871742175667
FIGS,"FIGS, Inc.",13.68,USD,-5.131761442441055,4142135,1.8049561382065038,2272798480.5436893,USD,42.32673267326733,0.3232,USD,688.2926829268292,0,Consumer non-durables,Apparel/Footwear,Buy,38.26733988838693,37.159473356820584
CENT,Central Garden & Pet Company,40.84,USD,-2.085830736034518,79478,0.6941261545770859,2272763770.44258,USD,15.207030086386656,2.6856,USD,22.389828191222705,0,Consumer non-durables,Consumer sundries,Buy,13.69550637156271,13.732347007397445
PENN,"PENN Entertainment, Inc.",16.95,USD,-0.7029876977152958,2328116,0.9634878243016851,2272428648.5676627,USD,,-6.3443,USD,-1024.2778663831293,0,Consumer services,Casinos/Gaming,Buy,11.646899004550878,19.8616364582308
CENTA,Central Garden & Pet Company,35.29,USD,-2.1624618796784065,354479,1.166435340115841,2270985023.9315224,USD,13.140452785224904,2.6856,USD,22.389828191222705,0,Consumer non-durables,Consumer sundries,Buy,11.834339369550635,11.866173503698722
NWBI,"Northwest Bancshares, Inc.",15.5,USD,-0.7682458386683689,863663,1.0265561008357336,2270116369.526249,USD,14.859553254721504,1.0431,USD,-6.899321670831858,5.12163892445583,Finance,Savings banks,Neutral,11.04127013072864,11.0134114930278
LTC,"LTC Properties, Inc.",42.01,USD,1.9412763892259093,567938,1.4368221310954916,2264572665.716088,USD,15.396738134506139,2.7285,USD,49.580615097856466,5.53263770929386,Finance,Real estate investment trusts,Buy,20.80999989597477,19.21408404709623
NEO,"NeoGenomics, Inc.",17.56,USD,1.03567318757192,1147660,0.6234142836865803,2256028500.8883777,USD,,-0.4034,USD,50.557666380683905,0,Health services,Medical/Nursing services,Buy,64.62368480128953,96.09964591986953
BRVE,"Braveheart Bio, Inc.",29.41,USD,9.985041136873605,613403,2.1107588991073194,2245169399.4,USD,,,,,0,Health technology,Pharmaceuticals: major,Strong buy,,
OSW,OneSpaWorld Holdings Limited,22.12,USD,-1.2499999999999893,938930,0.8440514433321932,2245151440.5125,USD,28.078192434628082,0.7878,USD,16.14329942503316,0.892857142857143,Consumer services,Other consumer services,Strong buy,18.562232570004877,19.460404850321158
ESTA,Establishment Labs Holdings Inc.,75.29,USD,1.3460761879122356,433852,1.1890701971624698,2243784425.6947103,USD,,-1.3009,USD,57.488317375249174,0,Health technology,Medical specialties,Strong buy,,
SEDG,"SolarEdge Technologies, Inc.",36.43,USD,6.5204678362573,4216645,1.5726016672622072,2241382954.2622805,USD,,-4.5062,USD,84.95922883587728,0,Producer manufacturing,Electrical products,Neutral,104.12944865414902,
UWMC,UWM Holdings Corporation,1.39,USD,-5.442176870748304,10621933,0.9444579468066049,2233056837.1836734,USD,,-0.0832,USD,-25.49019607843137,27.2108843537415,Finance,Finance/Rental/Leasing,Buy,5.414691343116136,5.59786395176977
TRN,"Trinity Industries, Inc.",28.01,USD,-1.0946327683615773,450996,1.0700065719390066,2231542307.290961,USD,6.747283983330523,4.1513,USD,261.2339018447616,4.34322033898305,Producer manufacturing,Trucks/Construction/Farm machinery,Neutral,15.914772727272728,12.58876404494382
ADUS,Addus HomeCare Corporation,119.32,USD,0.471539238800933,149981,0.7681477406937355,2228217652.829909,USD,20.928560152947572,5.7013,USD,25.742705277783912,0,Health services,Medical/Nursing services,Buy,16.531041560911596,16.936594228612794
CALX,"Calix, Inc",35.34,USD,-1.7241379310344755,1301846,1.4817852593641523,2225147323.6551723,USD,47.02594810379242,0.7515,USD,,0,Electronic technology,Telecommunications equipment,Strong buy,18.60839336479665,20.52945546984511
CHA,Chagee Holdings Limited,12.59,USD,7.9759862778730675,2656422,1.8599750875750856,2224300352,USD,12.44440051398636,1.0117,USD,7.28525980911984,0,Consumer non-durables,Food: major diversified,Buy,8.756360952436893,9.274470599017365
BHVN,Biohaven Ltd.,14.72,USD,-6.182281708094321,3306519,0.8039713256332621,2223364344.780115,USD,,-4.646,USD,39.32824905975763,0,Health technology,Pharmaceuticals: major,Buy,,
OFG,OFG Bancorp,52.55,USD,-1.2589252160841822,196916,0.8844326010670738,2221051628.0608797,USD,10.352843830650722,5.0759,USD,19.613064379300596,2.44269071777527,Finance,Major banks,Neutral,10.665719504769637,10.35263987391647
RUN,Sunrun Inc.,9.22,USD,3.712035995500563,7271221,1.1116064853471603,2220609286.0697412,USD,6.199569661108122,1.4872,USD,,0,Electronic technology,Semiconductors,Buy,14.782890327628614,7.288070882417807
GSHD,"Goosehead Insurance, Inc.",62.32,USD,-4.431835608035568,291311,1.173772158998419,2213344933.147677,USD,45.40950160303118,1.3724,USD,20.038485087028786,0,Finance,Insurance brokers/Services,Buy,28.13571963242976,29.05334215997986
PTON,"Peloton Interactive, Inc.",5.04,USD,-6.666666666666672,13289858,1.9747445746842112,2211913854.2666664,USD,45.81818181818182,0.11,USD,,0,Consumer services,Other consumer services,Buy,15.48824859868227,15.62873081681825
SRPT,"Sarepta Therapeutics, Inc.",20.94,USD,-6.933333333333327,6242673,1.9013543481101352,2211829836.0266666,USD,,-2.8975,USD,-281.95359873451093,0,Health technology,Pharmaceuticals: major,Neutral,36.42733755129662,6.417541033647039
RAPP,"Rapport Therapeutics, Inc.",46.09,USD,0.6991479134804462,489386,1.6863876983216275,2211319257.9099846,USD,,-3.0415,USD,-23.527739420030862,0,Health technology,Biotechnology,Strong buy,,
HTH,Hilltop Holdings Inc.,38.6,USD,-1.6309887869520912,283269,1.3004268970383472,2211255864.332314,USD,14.330264330264331,2.6936,USD,21.180493071801337,2.03873598369011,Finance,Regional banks,Neutral,16.746203904555315,15.181907571288104
HUBG,"Hub Group, Inc.",36.06,USD,-1.6902944383860345,1054839,1.0973721571772486,2205195540.320611,USD,,,,,1.36314067611778,Transportation,Air freight/Couriers,Neutral,29.801652892561986,26.91044776119403
KOD,Kodiak Sciences Inc,35.07,USD,-0.8201357466063325,673162,1.1774585469915042,2204130487.220023,USD,,-4.1932,USD,-10.59766840744844,0,Health technology,Biotechnology,Strong buy,,
MTX,Minerals Technologies Inc.,70.52,USD,-1.727982162764784,190149,1.0984915664404584,2195200311.8455963,USD,,-2.1691,USD,-4877.753303964757,0.668896321070234,Process industries,Chemicals: specialty,Strong buy,10.799387442572742,11.665839536807278
PVLA,"Palvella Therapeutics, Inc.",152.28,USD,-3.1544136352073315,165031,0.8131304272419463,2194112326.7369623,USD,,-4.8353,USD,74.7188397007231,0,Health technology,Biotechnology,Strong buy,,
XRAY,DENTSPLY SIRONA Inc.,10.99,USD,-3.427065026362044,3158049,0.9135757976408355,2190899183.3057995,USD,,-2.7373,USD,42.32892297320075,2.81195079086116,Health technology,Medical specialties,Neutral,7.3945535984024,7.187850113377054
MD,"Pediatrix Medical Group, Inc.",26.94,USD,-0.3329633740288563,638923,1.0088306212413964,2188963230.244173,USD,12.939481268011528,2.082,USD,61.79670500466272,0,Health services,Medical/Nursing services,Neutral,11.463059079432107,11.474777212983623
FLYW,Flywire Corporation - Voting,17.97,USD,-3.126684636118608,1483954,1.1229302426066108,2186367961.6043124,USD,68.17147192716236,0.2636,USD,541.3625304136253,0,Commercial services,Miscellaneous commercial services,Buy,31.811390495882392,43.24628724487217
WU,Western Union Company (The),7,USD,-2.506963788300832,6620288,0.8780615610297792,2183152719.220056,USD,5.645161290322581,1.24,USD,-53.20048309178744,13.091922005571,Finance,Regional banks,Sell,4.866907462707322,5.411196848518955
DRVN,Driven Brands Holdings Inc.,13.22,USD,-2.5073746312684353,1058965,1.111628045150596,2181033189.9823003,USD,14.78416461641691,0.8942,USD,,0,Consumer services,Other consumer services,Buy,10.211246119610614,11.025854879065887
ICHR,Ichor Holdings,58.17,USD,3.174884710890385,650577,1.0476685089278812,2178712674.243171,USD,,-1.1731,USD,-92.81722550953319,0,Producer manufacturing,Industrial machinery,Strong buy,22.60280839019978,37.05128580764414
UFPT,"UFP Technologies, Inc.",281.21,USD,-2.6247446241213477,117277,0.9386034555064331,2178193672.017798,USD,30.31358133819138,9.2767,USD,7.540979805708181,0,Process industries,Industrial specialties,Buy,28.226850690087833,28.86425455478573
BKE,"Buckle, Inc. (The)",41.99,USD,-2.688296639629193,563762,1.2909050775053215,2163156707.656084,USD,9.68113803518318,4.3373,USD,8.68519307389681,3.24449594438007,Retail trade,Apparel/Footwear retail,Neutral,10.270554132962463,9.765761273535276
VOYG,"Voyager Technologies, Inc.",35.41,USD,4.331172657631111,1425262,1.4896053543192862,2161038876.4655275,USD,,-2.324,USD,-21.592633286244954,0,Technology services,Information technology services,Buy,,
UA,"Under Armour, Inc.",4.95,USD,-3.3203124999999987,2239201,0.9964782395630166,2154314127.2167974,USD,,-1.1586,USD,-602.4284475281873,0,Consumer non-durables,Apparel/Footwear,Neutral,63.35026939862038,45.419094370784975
ZBIO,"Zenas BioPharma, Inc.",33.05,USD,0.5170316301702998,441202,0.7949022708842418,2154090654.7019463,USD,,-9.6149,USD,-127.13077577246527,0,Health technology,Biotechnology,Strong buy,,
VIA,"Via Transportation, Inc.",26.39,USD,-6.185567010309273,666384,1.2422793763995552,2150933101.0927835,USD,,-1.2225,USD,-25.19201228878647,0,Technology services,Packaged software,Strong buy,159.93939393939394,
UAA,"Under Armour, Inc.",5.06,USD,-3.6190476190476266,6480455,1.0230956305437964,2147657410.5485716,USD,,-1.1586,USD,-602.4284475281873,0,Consumer non-durables,Apparel/Footwear,Neutral,64.12937404154468,46.22862154655752
CTOS,"Custom Truck One Source, Inc.",9.44,USD,2.720348204570185,1154424,1.1745506297715127,2147652045.318825,USD,100.53248136315229,0.0939,USD,,0,Finance,Finance/Rental/Leasing,Strong buy,43.60982144919502,69.92592592592592
URGN,UroGen Pharma Ltd.,43.815,USD,-0.6237242004989922,727718,1.0953705969885503,2141701823.4536176,USD,,-1.9938,USD,39.900527505651844,0,Health technology,Biotechnology,Strong buy,35.60747663551402,
HYMC,Hycroft Mining Holding Corporation,22.96,USD,1.1899515204936075,1598101,0.8551451576024423,2139451394.859409,USD,,-1.0796,USD,46.02809578563217,0,Non-energy minerals,Precious metals,Buy,,
AUPH,Aurinia Pharmaceuticals Inc,16.07,USD,-0.062189054726355796,970279,1.300847157675258,2138132420.2263682,USD,7.025136612021858,2.2875,USD,434.9625818521984,0,Health technology,Biotechnology,Buy,20.602564102564102,17.023305084745765
MCRI,"Monarch Casino & Resort, Inc.",119.28,USD,-1.8433179723502262,138057,0.8751671164309446,2137798316.7373273,USD,19.146067415730336,6.23,USD,16.907487333458448,0.987491770901909,Consumer services,Hotels/Resorts/Cruise lines,Neutral,17.208930234437048,17.433501524919837
ADMA,ADMA Biologics Inc,9.54,USD,-0.8316008316008323,1992626,1.2163539913849126,2136813823.796258,USD,13.541518807665009,0.7045,USD,-17.04933474626163,0,Health technology,Biotechnology,Strong buy,11.777777777777777,11.97489038707515
FCF,First,21.1,USD,-1.1246485473289525,918433,1.4389344371452342,2132280000.1968136,USD,12.919421993632135,1.6332,USD,24.93880048959609,2.57731958762887,Finance,Regional banks,Buy,11.279399273093503,12.173079264053705
KLRA,"Kailera Therapeutics, Inc.",16.43,USD,1.2322858903265514,1000513,1.2686841589373676,2130045548.6149108,USD,,,,,0,Health technology,Biotechnology,Strong buy,,
STGW,Stagwell Inc.,8.67,USD,-1.1402508551881374,909006,0.8662424679571021,2119602249.8654504,USD,146.9491525423729,0.059,USD,431.5315315315315,0,Commercial services,Miscellaneous commercial services,Buy,7.338576705478455,7.8007682002179175
CNXN,"PC Connection, Inc.",83.64,USD,-0.8417308832246518,146592,1.313848594436901,2110914650.2861886,USD,22.135768161969036,3.7785,USD,14.88294314381271,0.889152341434499,Technology services,Information technology services,Neutral,19.316397228637413,20.03353293413174
KSS,Kohl's Corporation,18.61,USD,-4.26954732510289,4672152,0.8072554561618135,2109935642.598765,USD,8.117421268428856,2.2926,USD,25.141921397379917,0,Retail trade,Department stores,Neutral,12.399648465635117,8.98775038684514
GNL,"Global Net Lease, Inc.",9.1,USD,-0.21929824561403044,1362827,0.8535859199445217,2104992461.9407895,USD,,-0.2788,USD,77.140045916694,8.33333333333333,Finance,Real estate investment trusts,Buy,,
NWN,Northwest Natural Holding Company,49.96,USD,1.5653588127668288,196043,1.1188596070696417,2102993209.0392358,USD,16.607938301974603,3.0082,USD,18.858903947212458,4.00487904045538,Utilities,Gas distributors,Buy,15.86031746031746,16.207623682076235
ALG,"Alamo Group, Inc.",172.53,USD,-0.5934547130675277,152436,0.942494807919291,2099856595.0286355,USD,20.67118757787789,8.3464,USD,-15.019090770248955,0.760543904125375,Producer manufacturing,Trucks/Construction/Farm machinery,Buy,15.495732768171246,16.46133332697257
ECPG,Encore Capital Group Inc,98.86,USD,1.6032887975334043,321526,0.843743029514185,2096757972.7488182,USD,7.482591583409023,13.212,USD,,0,Finance,Finance/Rental/Leasing,Buy,7.089279311581212,7.313482522655817
VERX,"Vertex, Inc.",12.92,USD,-6.172839506172837,1653896,1.2639207192176403,2095860921.08642,USD,600.9302325581396,0.0215,USD,,0,Technology services,Packaged software,Buy,13.898929395159904,15.760364391335214
CTRI,"Centuri Holdings, Inc.",20.7,USD,0.7789678675754632,1346981,0.9680546096866621,2089935403.0720544,USD,67.22962000649561,0.3079,USD,,0,Utilities,Gas distributors,Neutral,25.090757025714996,29.36607579852318
MESO,Mesoblast Limited,16.39,USD,-5.3695150115473425,151379,0.7458809489670777,2089622365.96208,USD,,-0.4455,USD,47.32797351619768,0,Health technology,Biotechnology,Strong buy,,
TIC,"TIC Solutions, Inc.",9.56,USD,2.1367521367521483,1363089,1.0979897949196922,2086186489.8247867,USD,,-0.5747,USD,,0,Commercial services,Miscellaneous commercial services,Buy,,
INVX,"Innovex International, Inc.",29.8,USD,-0.897904888593281,1314311,1.7348881327939292,2084087688.313934,USD,33.6685120325387,0.8851,USD,-69.37370242214533,0,Industrial services,Oilfield services/Equipment,Strong buy,18.183770801501563,18.576306855654618
PGNY,"Progyny, Inc.",27.15,USD,4.664610639938309,1854576,1.892140861742255,2083132635.6996915,USD,29.49163588963719,0.9206,USD,56.29881154499151,0,Commercial services,Miscellaneous commercial services,Strong buy,19.581821722479066,21.10967701805402
SRCE,1st Source Corporation,86.49,USD,-0.8483319958729899,82212,0.8001354776169954,2082837146.6240966,USD,12.292670447277533,7.0359,USD,21.671537517076793,1.92594290954947,Finance,Regional banks,Buy,11.880494505494505,11.946132596685082
COAG,"Hemab Therapeutics Holdings, Inc.",44.57,USD,0.3602792163927127,360079,0.9980091314430568,2081959013.572394,USD,,,,,0,Health technology,Biotechnology,Strong buy,,
ALGT,Allegiant Travel Company,76.06,USD,-2.6867963152507603,419839,0.8377331187914139,2079309758.3779428,USD,54.0659653113449,1.4068,USD,,0,Transportation,Airlines,Buy,8.768672482243323,11.673871386352806
ALMR,"Alamar Biosciences, Inc.",29.95,USD,-2.7597402597402643,221551,0.7817210416972461,2078313375.9285712,USD,,,,,0,Health technology,Biotechnology,Strong buy,,
ALKT,"Alkami Technology, Inc.",19.38,USD,-1.5744032503809156,3788972,3.670778084760045,2072535598.7780597,USD,,-0.4274,USD,-12.949260042283296,0,Technology services,Packaged software,Strong buy,20.802763397011827,24.626222733891932
PRDO,Perdoceo Education Corporation,33.09,USD,-0.3313253012048175,580191,1.1095735189918445,2070674734.0030122,USD,12.02092491008828,2.7527,USD,19.459271796207087,1.80722891566265,Consumer services,Other consumer services,Strong buy,,11.255102040816327
DV,"DoubleVerify Holdings, Inc.",13.35,USD,-0.07485029940119602,3210851,1.6256587742358948,2069084335.0935628,USD,37.052456286427976,0.3603,USD,17.476361265079895,0,Technology services,Packaged software,Neutral,23.43248110481954,30.34090909090909
CMPR,Cimpress plc,84.9,USD,-2.915951972555743,242985,1.3366312941755034,2067270428.7135506,USD,22.47756215085648,3.7771,USD,651.6616915422886,0,Commercial services,Commercial printing/Forms,Strong buy,16.795252225519288,16.98
SHAZ,"SharonAI Holdings, Inc.",57.63,USD,3.021094029317134,2782992,2.0688775396418295,2063355933.7068288,USD,,,,,0,Technology services,Data processing services,Strong buy,,
NTST,NetSTREIT Corp.,20.22,USD,0.6470881035340916,725535,0.7794800887629748,2061904972.1572921,USD,143.71002132196162,0.1407,USD,,4.33051269288203,Finance,Real estate investment trusts,Buy,57.18099396517106,66.90756035578146
BLKB,"Blackbaud, Inc.",45.26,USD,-3.906581740976653,308851,0.9084074699470605,2054355794.3520164,USD,14.126974218115986,3.2038,USD,,0,Technology services,Packaged software,Buy,8.028381374722837,8.629170638703526
PLGO,Pelagos Insurance Capital Limited,24.83,USD,-1.9352290679304975,341526,1.01683894050769,2054144471.556872,USD,6.080865966252785,4.0833,USD,,2.3696682464455,Finance,Multi-line insurance,Neutral,6.577243004096803,8.263384653067636
TILE,"Interface, Inc.",35.43,USD,-4.860365198711069,702273,1.369088257048356,2047870419.198174,USD,14.321516633655362,2.4739,USD,52.86085022244191,0.268528464017186,Producer manufacturing,Building products,Strong buy,,14.902208201892744
IQMX,IQM Quantum Computers Oyj,10.49,USD,-2.8703703703703747,262506,0.6920803301029079,2046559167,USD,,-1.2315,USD,,0,Electronic technology,Computer processing hardware,Buy,,
STC,Stewart Information Services Corporation,67.04,USD,-0.7256034355101361,342947,1.5902059704537657,2046208226.4498742,USD,14.705946870818437,4.5587,USD,46.73297283378396,3.10972900932919,Finance,Specialty insurance,Buy,10.681154628991592,12.282324920991162
UTZ,Utz Brands Inc,14.21,USD,0,1228663,0.4980717835195743,2045703046,USD,,-0.331,USD,-261.0705596107056,1.75932441942294,Consumer non-durables,Food: specialty/candy,Neutral,17.562897668003146,18.301219265607234
BRSL,"Brightstar Lottery PLC Trading under the Legal Name to begin at the market open on July 21, 2025.",11.11,USD,-1.6814159292035509,1724559,1.2253853934368628,2044240034.411504,USD,12.362301101591186,0.8987,USD,-5.030117298953817,8.05309734513274,Consumer services,Casinos/Gaming,Buy,17.26941215604958,21.087315913046613
HMN,Horace Mann Educators Corporation,50.4,USD,-1.0600706713780903,173085,0.9001744336626805,2041253009.0459363,USD,11.772400261608894,4.2812,USD,26.906773380761827,2.7875932469572,Finance,Property/Casualty insurance,Buy,10.657813350814402,10.472727272727273
GENB,"Generate Biomedicines, Inc.",15.9,USD,-2.989627821842588,1258143,0.5867983694269702,2040803596.5466747,USD,,,,,0,Health technology,Biotechnology,Strong buy,,
IMOS,ChipMOS TECHNOLOGIES INC.,57.06,USD,-0.9546953653879485,79482,1.3693475777732984,2040388745.199451,USD,27.91312004696214,2.0442,USD,1487.1118012422362,1.28480124978302,Electronic technology,Semiconductors,Buy,15.992909978079119,19.776044784111512
BFLY,"Butterfly Network, Inc.",7.52,USD,2.1739130434782505,3510374,0.7901441393487494,2040064612.043478,USD,,-0.2939,USD,-5.152057245080489,0,Health technology,Medical specialties,Strong buy,,
OLN,Olin Corporation,17.89,USD,2.993667242371903,3195230,1.0939301313467302,2039146853.9343696,USD,,-1.2267,USD,-912.9644921552435,4.60564191134139,Process industries,Industrial specialties,Neutral,50.40927598303723,
FLNC,"Fluence Energy, Inc.",11.04,USD,6.6666666666666625,9191634,1.682029768134895,2037944005.3333333,USD,,-0.6411,USD,-141.28716597666542,0,Producer manufacturing,Electrical products,Neutral,,
XPRO,Expro Ltd,18.1,USD,0.7795100222717181,812542,1.0292330134030245,2033519540.4231625,USD,100.72342793544797,0.1797,USD,-70.42948823432616,0,Industrial services,Oilfield services/Equipment,Buy,16.686872225577012,19.545570876451475
EZPW,"EZCORP, Inc.",33.09,USD,-0.6902761104441683,460670,0.4535457933866413,2033161311.5222094,USD,16.817442569627975,1.9676,USD,59.55238404151799,0,Finance,Finance/Rental/Leasing,Buy,16.289034117871765,16.323466080094004
CHCO,City Holding Company,144.64,USD,-0.6388678986054867,102380,1.013404496673127,2031492087.2685304,USD,15.82182939902426,9.1418,USD,10.176681852146459,2.39060245929793,Finance,Major banks,Neutral,15.415243868646435,15.617408054453616
GENI,Genius Sports Limited,7.31,USD,-2.403204272363159,3749200,0.7884773287636474,2029453188.46996,USD,,-0.6102,USD,-209.27521540800805,0,Technology services,Internet software/Services,Strong buy,185.70267249263281,
ALVO,Alvotech,5.19,USD,-2.4436090225563887,632630,0.532709426514047,2026339329.8853385,USD,,-0.5573,USD,-365.50738446879467,0,Health technology,Biotechnology,Buy,35.05572441742655,
WRD,WeRide Inc.,6.08,USD,1.6722408026755793,2966897,1.684101917643933,2026111882.78528,USD,,-0.7159,USD,41.20883633078755,0,Technology services,Packaged software,Strong buy,,
BLBD,Blue Bird Corporation,63.95,USD,0.5029074336005034,348888,0.6049556047189201,2025682711.5676568,USD,7.772430054206471,8.2278,USD,134.87197054037853,0,Consumer durables,Motor vehicles,Strong buy,13.13836911236192,13.220567440398913
PRGO,Perrigo Company plc,14.58,USD,-2.27882037533512,3061989,1.171536787841195,2023255771.5160863,USD,,-12.5104,USD,-2139.198138535887,7.77479892761394,Health technology,Pharmaceuticals: major,Buy,6.173780487804878,6.57744261993344
PDFS,"PDF Solutions, Inc.",47.84,USD,4.79737130339541,515818,0.7584774691675257,2020150024.5485215,USD,189.54041204437402,0.2524,USD,1057.798165137615,0,Technology services,Information technology services,Strong buy,32.93881120084826,36.981236505984334
KARD,"Kardigan, Inc.",21.6,USD,3.597122302158273,538072,1.8694116240998149,2019679797.755396,USD,,,,,0,Health technology,Biotechnology,Strong buy,,
GTY,Getty Realty Corporation,32.61,USD,0.24592683676605684,227530,0.5329892043508673,2019625307.9040885,USD,19.92545521202493,1.6366,USD,42.436901653611834,5.91761450968337,Finance,Real estate investment trusts,Buy,23.591628263653266,21.60581349432458
SHO,"Sunstone Hotel Investors, Inc.",10.86,USD,-1.808318264014476,2733223,1.2316773648923445,2019351256.74141,USD,48.39572192513369,0.2244,USD,953.5211267605634,3.25497287522604,Finance,Real estate investment trusts,Neutral,50.23057034361225,36.62225459548595
HAPN,"Happen, Inc.",17.49,USD,-1.4647887323943751,1146175,1.1736277972567517,2018476529.594366,USD,10.536779324055665,1.6599,USD,159.03558052434454,0,Finance,Major banks,Strong buy,8.97760987177776,9.60989010989011
TH,Target Hospitality Corp.,20.25,USD,3.739754098360658,1702791,1.2333292700177505,2017374316.8288934,USD,,-0.3771,USD,-453.08988764044943,0,Consumer services,Hotels/Resorts/Cruise lines,Strong buy,46.9111606863624,
KARO,Karooooo Ltd.,65.17,USD,-0.473427000610877,64182,1.2639775649988774,2013316530.195174,USD,33.432514235879545,1.9493,USD,13.841032529346501,0,Technology services,Packaged software,Strong buy,25.60214972812025,26.56665067629461
PLPC,Preformed Line Products Company,411.71,USD,3.327895595432298,75052,1.0118779576923596,2012727134.7425776,USD,46.41182305992695,8.8708,USD,3.636894678427469,0.208307190362655,Producer manufacturing,Building products,Strong buy,30.451923076923077,31.025621703089676
ASAN,"Asana, Inc.",8.79,USD,-0.22701475595915266,7424476,1.2002239088834978,2012647452.377979,USD,,-0.6532,USD,26.935123042505595,0,Technology services,Packaged software,Buy,22.72703767672276,23.570675826783685
SPB,"Spectrum Brands Holdings, Inc.",87.48,USD,-1.1525423728813515,334368,1.1027310045145722,2011654732.1491525,USD,26.526775426041603,3.2978,USD,23.18093530554311,2.12429378531073,Consumer durables,Electronics/Appliances,Buy,16.91660623640319,13.717741628186792
ZYME,Zymeworks Inc.,28.11,USD,-3.6998972250770876,443270,0.5178618952387828,2010124879.3093524,USD,,-2.0145,USD,-105.49831684178312,0,Health technology,Pharmaceuticals: major,Strong buy,9.458519127676212,19.27612030877451
PLBL,Polibeli Group Ltd,5.47,USD,1.296296296296285,107956,0.30419163768858765,2004139467.9907408,USD,,,,,0,Retail trade,Electronics/Appliance stores,No rating,,
AGIO,"Agios Pharmaceuticals, Inc.",33.55,USD,1.3595166163141865,816359,1.086216295366677,2002998029.4018123,USD,,-7.0101,USD,-163.46279196089085,0,Health technology,Pharmaceuticals: major,Buy,,
VCEL,Vericel Corporation,39.08,USD,-2.7618810649415266,410295,0.8350322161919258,2001154314.0353327,USD,84.55214192990047,0.4622,USD,270.64955894145953,0,Health technology,Pharmaceuticals: major,Strong buy,55.6803820688653,73.1235428618474
GRC,Gorman-Rupp Company (The),75.49,USD,0.19909742500662525,112271,0.8350800411176749,1993709078.1202548,USD,31.895386175426733,2.3668,USD,19.922983380624242,1.00876028670029,Producer manufacturing,Industrial machinery,Buy,25.474693529211866,26.86476868327402
PEB,Pebblebrook Hotel Trust,17.64,USD,-2.163061564059903,2977706,1.5188103959523633,1990545657.5041597,USD,,-0.689,USD,-19.95125348189414,0.221852468108708,Finance,Real estate investment trusts,Neutral,,
NEXT,NextDecade Corporation,7.47,USD,1.771117166212533,1881677,0.8407871422382852,1988405164.9495912,USD,,-1.3606,USD,-71.38178611915858,0,Energy minerals,Oil & gas production,Buy,,
MLCO,Melco Resorts & Entertainment Limited,5.12,USD,-1.7274472168905923,2008904,1.3432858475699574,1981071584,USD,8.563304900485031,0.5979,USD,336.1050328227571,0,Consumer services,Hotels/Resorts/Cruise lines,Buy,10.50525775839959,11.48007802865535
EMAT,Evolution Metals & Technologies Corp.,3.185,USD,5.463576158940398,1043654,0.7901215986915368,1980434893.071192,USD,,-1.0098,USD,-90.70821529745045,0,Non-energy minerals,Other metals/Minerals,Strong buy,,
BLX,"Bladex, Inc. Class E",56.33,USD,1.24011502516175,148052,1.0403178319521171,1975987997.1162834,USD,9.302133562322478,6.0556,USD,1.5052465721278006,4.83015815959741,Finance,Major banks,Strong buy,,8.941269841269841
NVCR,NovoCure Limited,16.85,USD,-6.075808249721292,1460201,1.4923055665759757,1962112572.5,USD,,-1.3095,USD,16.116840689257565,0,Health technology,Medical specialties,Buy,,
TMC,TMC the metals company Inc.,4.43,USD,-0.2252252252252404,5038982,0.7317122294323184,1954230146.2680175,USD,,-0.7377,USD,-97.40433502809742,0,Non-energy minerals,Other metals/Minerals,Strong buy,,
AVEX,AEVEX Corp.,17.11,USD,3.885853066180939,1180472,0.8869803894165439,1951253407.0078933,USD,21.871404831905917,0.7823,USD,,0,Electronic technology,Aerospace & defense,Strong buy,37.640133049400745,37.726280510660814
NBTX,Nanobiotix S.A.,38.19,USD,-1.5721649484536069,102897,0.5841309308900167,1950242095.02178,USD,,-0.5718,USD,50.79173838209983,0,Health technology,Pharmaceuticals: major,Strong buy,110.97453600788067,
MFP,"Midera Food Processing, Inc.",42.91,USD,-5.08737005087371,306758,0.6592114854317525,1940838720.0732138,USD,,,,,0,Producer manufacturing,Industrial machinery,Buy,16.778103616813294,19.91183294663573
STOK,"Stoke Therapeutics, Inc.",30.05,USD,0.8050989600805166,680963,0.8684802096913373,1939013630.5467963,USD,,-3.3727,USD,-499.1360946745562,0,Health technology,Biotechnology,Strong buy,,
PRLB,"Proto Labs, Inc.",81.03,USD,-0.5034381139489152,141585,0.8815837811248856,1938391289.3542485,USD,64.55030669959372,1.2553,USD,108.59089398471254,0,Process industries,Chemicals: specialty,Strong buy,35.45652407919367,36.59891598915989
SMA,"SmartStop Self Storage REIT, Inc.",32.6,USD,0.06138735420504336,456516,0.5543889979074825,1934561146.3290365,USD,64.22379826635145,0.5076,USD,,4.91098219766728,Finance,Real estate investment trusts,Buy,65.15100644315474,54.348188504857994
FORTY,Formula Systems (1985) Ltd.,129,USD,2.6089723194400265,521,0.8898377455166524,1933833229.34732,USD,3.2189323125907663,40.0754,USD,701.7164462760318,0.576518243902439,Technology services,Information technology services,No rating,,
INOD,Innodata Inc.,56.12,USD,0.8264462809917371,1240238,1.2472495380028368,1929554441.0082643,USD,42.55061035711578,1.3189,USD,5.952763496143964,0,Technology services,Data processing services,Strong buy,50.76817164925091,46.98200083717037
FLOC,Flowco Holdings Inc.,21.24,USD,0.6635071090047251,431455,0.9789464847277496,1919102549.8350708,USD,25.165876777251185,0.844,USD,,1.61137440758294,Industrial services,Oilfield services/Equipment,Strong buy,14.012421180130861,14.383256913816254
SBET,"Sharplink, Inc.",8.82,USD,1.6129032258064582,7523416,0.836055159342491,1915912239.3870966,USD,,-8.2408,USD,29.677606540030382,0,Commercial services,Advertising/Marketing services,Strong buy,170.71188015329233,
NYAX,Nayax Ltd.,51.17,USD,-2.0482388973966312,150705,6.636764783596682,1911670044.5161006,USD,201.2344199893696,0.254280555,USD,-57.76037333688622,0,Technology services,Packaged software,Buy,68.50635527982243,235.6869789507623
ZD,"Ziff Davis, Inc.",55.73,USD,0.053859964093346556,551001,1.1665465542267428,1910826159.2709153,USD,,-0.9207,USD,-163.37853651820748,0,Technology services,Internet software/Services,Buy,10.97186336220576,10.98120289195978
GHRS,GH Research PLC,27.79,USD,-1.5586255756287681,221034,1.441445554020134,1907569158.6733966,USD,,-0.9873,USD,-33.76236282346565,0,Health technology,Pharmaceuticals: major,Strong buy,,
PRCH,"Porch Group, Inc.",16.73,USD,-6.744704570791532,1331530,1.1913823347436037,1899186919.8428094,USD,,-0.1351,USD,-129.1163793103448,0,Finance,Property/Casualty insurance,Strong buy,900.8669430833017,
NSP,"Insperity, Inc.",49.63,USD,-4.484218629715162,323241,1.122527895551471,1895631243.222864,USD,,-0.4307,USD,-141.11694510739855,4.6189376443418,Commercial services,Miscellaneous commercial services,Neutral,20.301333474047798,23.476821192052984
EPAC,Enerpac Tool Group Corp.,37.03,USD,-0.8302088912694221,261570,0.738988695509931,1893627028.7619174,USD,20.930364006330546,1.7692,USD,8.726647000983293,0.107123727905731,Producer manufacturing,Industrial machinery,Buy,18.468827930174566,19.855227882037536
VIR,"Vir Biotechnology, Inc.",11.18,USD,-1.8006148440931056,1613924,0.699115832401135,1891834443.9947295,USD,,-1.8614,USD,53.57873210633948,0,Health technology,Biotechnology,Strong buy,,
ASTH,Astrana Health Inc.,38.1,USD,-0.9617884065505523,304978,0.9745437208654316,1889926415.8877048,USD,46.49176327028676,0.8195,USD,58.75629600929872,0,Health services,Services to the health industry,Strong buy,23.37021861275364,27.35693257700869
TOP,TOP Financial Group Limited,15.26,USD,1.8012008005336861,130320,0.946947127332126,1887746100.0080054,USD,,-0.1579,USD,-196.93063228974833,0,Finance,Investment banks/Brokers,No rating,,
XNCR,"Xencor, Inc.",25.33,USD,-4.810221721157464,1237757,0.8313607029184676,1883371695.2961292,USD,,-2.1699,USD,10.253122673504839,0,Health technology,Biotechnology,Buy,,
HE,"Hawaiian Electric Industries, Inc.",10.9,USD,-1.7132551848512128,2477633,1.0684600076511,1882735191.1541932,USD,8.425446394063538,1.2937,USD,,0,Utilities,Electric utilities,Sell,7.564191533657183,14.361001317523057
SNDA,"Sonida Senior Living, Inc.",39.06,USD,3.6349164234545093,474657,0.8313411972572887,1876754377.3706555,USD,,-6.1987,USD,-171.6464349883869,0,Health services,Medical/Nursing services,Buy,,
DEI,"Douglas Emmett, Inc.",11.2,USD,-1.9264448336252245,1370634,1.0238131874862746,1875834924.5534148,USD,,-0.1465,USD,-167.69870609981515,6.65499124343258,Finance,Real estate investment trusts,Neutral,,
LKFT,Lakefront Biotherapeutics,27.63,USD,-3.0186030186030166,158569,0.7813058932624075,1870235885.20279,USD,2.6258018531717746,10.5225,USD,,0,Health technology,Biotechnology,Neutral,,
MRVI,"Maravai LifeSciences Holdings, Inc.",7.19,USD,-1.7759562841530039,2273270,0.5276074661909465,1867052852.0027323,USD,,-0.532,USD,61.09120163826519,0,Health technology,Biotechnology,Buy,,
OCFC,OceanFirst Financial Corp.,18.94,USD,-2.52187339166237,720047,0.8022813162883451,1864779736.4673185,USD,22.279731796259266,0.8501,USD,-39.657864849517324,4.11734431291817,Finance,Savings banks,Buy,9.416191175527448,10.597920815513925
GCT,GigaCloud Technology Inc,52.2,USD,0.8695652173913099,471464,0.8971542909228265,1864074390.8173914,USD,12.367030728043781,4.2209,USD,27.059000602046968,0,Distribution services,Wholesale distributors,Strong buy,11.561461794019936,11.717171717171718
GABC,"German American Bancorp, Inc.",49.6,USD,-0.8198360327934344,86639,0.7873402514174378,1863908806.3027394,USD,13.097438605756537,3.787,USD,43.92125565309923,2.43951209758048,Finance,Regional banks,Buy,12.340355974486316,12.647682732878646
IMCR,Immunocore Holdings plc,35.36,USD,-2.1311929144755135,468741,1.4578616250485184,1860645087,USD,,-0.3542,USD,11.427856964241052,0,Health technology,Biotechnology,Buy,,
QUBT,Quantum Computing Inc.,8.22,USD,2.621722846441958,10189920,1.6990259169513948,1860571265.550562,USD,,-0.0633,USD,90.69254521393913,0,Technology services,Information technology services,Buy,,
NBHC,National Bank Holdings Corporation,41.77,USD,-0.7130972189208394,442639,1.4934242489675835,1860416863.0090327,USD,17.567397064389958,2.3777,USD,-23.28762703661881,3.01877822676492,Finance,Regional banks,Buy,11.160988643954576,12.65757575757576
PRKS,United Parks & Resorts Inc.,40.91,USD,1.1372064276884888,636705,1.1091781989575167,1854912969.3441281,USD,16.08793110228479,2.5429,USD,-31.84035595582717,0,Consumer services,Movies/Entertainment,Buy,11.154682812736024,13.681217270505186
RXRX,"Recursion Pharmaceuticals, Inc.",3.44,USD,-5.234159779614324,14989678,0.980083138596743,1844772573.5757575,USD,,-1.0363,USD,41.98298062926884,0,Health technology,Biotechnology,Buy,,
PGY,Pagaya Technologies Ltd.,22.08,USD,-3.9164490861618892,1533961,0.7855520904692255,1842042621.9530027,USD,17.072604964045464,1.2933,USD,,0,Technology services,Packaged software,Strong buy,10.935067096145389,12.97587005324338
DHC,Diversified Healthcare Trust,7.6,USD,1.1984021304926746,2767684,2.5306806918471323,1840180323.0892143,USD,,-1.1058,USD,7.487660001673231,0.532623169107856,Finance,Real estate investment trusts,Buy,,
CMPS,COMPASS Pathways Plc - American Depository Shares,14.04,USD,5.802562170308965,3366302,1.7417319779121012,1837587491,USD,,-4.6238,USD,-154.99365797165393,0,Health technology,Biotechnology,Strong buy,,
UROY,Uranium Royalty Corp.,4.82,USD,8.558558558558556,6366214,2.9110729128832413,1836744514.099099,USD,208.65800865800867,0.0231,USD,181.70731707317069,0,Non-energy minerals,Other metals/Minerals,Strong buy,96.4,514.2979086641059
SGRY,"Surgery Partners, Inc.",13.96,USD,-2.1037868162692774,2046142,0.8536408719248743,1827618920.7601686,USD,,-0.6917,USD,51.57518902268272,0,Health services,Hospital/Nursing management,Buy,29.71395001841158,31.00499722376458
LCID,"Lucid Group, Inc.",4.63,USD,-1.0683760683760646,7923751,0.6129210809838774,1824544915.1965814,USD,,-13.6855,USD,-18.661776436721798,0,Consumer durables,Motor vehicles,Neutral,,
SFL,SFL Corporation Ltd,12.59,USD,-2.0995334370139935,1619730,1.1524392703786472,1822502155.8219285,USD,26.724686902992993,0.4711,USD,80.63650306748468,6.37636080870918,Transportation,Marine shipping,Buy,23.86883704352508,24.21153846153846
LOB,"Live Oak Bancshares, Inc.",39.35,USD,-0.6563998990153952,173643,0.9429939486293316,1821260582.902045,USD,13.813318355741215,2.8487,USD,133.13691791472297,0.302953799545569,Finance,Regional banks,Buy,10.826798734351355,12.62026940346376
LMAT,"LeMaitre Vascular, Inc.",79.59,USD,-1.3387876534027499,222277,0.7584723611780299,1820164121.0316103,USD,28.35411471321696,2.807,USD,36.32831471588148,1.17763728771538,Health technology,Medical specialties,Buy,26.051733590828377,27.706366128540967
CDNL,Cardinal Infrastructure Group Inc.,38.22,USD,4.9135328026351885,401534,0.8627920164008999,1814420324.0340378,USD,31.37158335385373,1.2183,USD,-22.985018016309507,0,Industrial services,Engineering & construction,Buy,18.712362301101592,22.156521739130433
VNET,"VNET Group, Inc.",6.75,USD,5.965463108320249,4428766,0.9122960146439795,1813485733,USD,,-1.265,USD,-6587.179487179487,0,Technology services,Data processing services,Strong buy,70.82031522604935,
WS,"Worthington Steel, Inc.",35.59,USD,-1.6035388443461382,281133,1.0292946589502427,1813190011.5653858,USD,253.8516405135521,0.1402,USD,-93.66985732346035,1.76942217307161,Non-energy minerals,Steel,Buy,10.421669106881406,10.406432748538013
WKC,World Kinect Corporation,35.38,USD,-0.0564971751412317,630397,0.7335136950939871,1809744491.500565,USD,,-3.1951,USD,58.1612476593293,2.34463276836158,Distribution services,Wholesale distributors,Sell,12.757208471824889,9.827777777777778
STRA,"Strategic Education, Inc.",81.44,USD,-0.18384605956613026,169332,0.7135073911801365,1808583416.4971194,USD,13.577632917090412,5.9981,USD,24.75509058008694,2.94153695305797,Consumer services,Other consumer services,Buy,10.03573629081947,11.300647025872015
PAX,Patria Investments Limited,11.2,USD,0.5385996409335612,1012072,0.9468965428197882,1807611149.1561935,USD,,,,,5.61041292639138,Finance,Investment managers,Buy,7.468439176231159,8.202940754260402
VSTS,Vestis Corporation,13.65,USD,2.94117647058824,2579115,2.452066565457275,1803985538.9705884,USD,,-0.0419,USD,81.58241758241759,0,Consumer non-durables,Apparel/Footwear,Neutral,19.22895415620109,22.30173512400745
CMRE,Costamare Inc.,14.9,USD,-4.180064308681674,450349,1.3033831891413339,1801299890.4372988,USD,5.648218347232753,2.638,USD,11.510335207338208,3.02250803858521,Transportation,Marine shipping,Strong buy,5.96,5.6978967495219885
DMRA,"Damora Therapeutics, Inc.",29.17,USD,-2.960745176314029,559967,1.799863330894799,1800825068.7159019,USD,,-124.7826,USD,-850.3335770425883,0,Health technology,Pharmaceuticals: major,Strong buy,,
DCOM,"Dime Commercial Bancshares, Inc.",40.74,USD,-1.2363636363636317,205995,0.8513238407043512,1798939612.4,USD,14.790880046471102,2.7544,USD,226.31204833550527,2.42424242424242,Finance,Regional banks,Strong buy,10.726698262243286,12.175732217573222
INSP,"Inspire Medical Systems, Inc.",62.14,USD,-1.4901712111604277,621542,1.4387529644062913,1796490791.158846,USD,13.495200451722193,4.6046,USD,166.74776966747768,0,Health technology,Medical specialties,Neutral,48.81221515079629,52.05759007035398
TGLS,Tecnoglass Holdings Inc.,40.42,USD,-1.0284035259549502,343805,1.443130245857462,1793217801.0479922,USD,14.212376933895923,2.844,USD,-26.89885618815062,1.46914789422135,Producer manufacturing,Building products,Buy,14.500448430493273,15.666666666666666
DXC,DXC Technology Company,11.21,USD,-3.8593481989708343,2153542,0.9390101783055474,1791119052.0240138,USD,15.880436322425275,0.7059,USD,-65.5943851440269,0,Technology services,Data processing services,Neutral,4.110367586396554,4.324011571841853
FSUN,FirstSun Capital Bancorp,40.67,USD,-0.6109481915933529,353507,1.4059091558070453,1787461344.7487783,USD,20.644670050761423,1.97,USD,-37.26714008215775,0,Finance,Major banks,Strong buy,9.48018648018648,12.25923134890731
HOPE,"Hope Bancorp, Inc.",13.98,USD,-1.0615711252653952,587830,0.8323322634487438,1785830889.3630576,USD,14.058728881737732,0.9944,USD,179.48285553681842,3.96319886765747,Finance,Major banks,Buy,10.858252427184466,12.97447795823666
TSHA,"Taysha Gene Therapies, Inc.",5.48,USD,-2.142857142857129,2222667,1.1326175931801619,1785567695.4714289,USD,,-0.4324,USD,-21.08653038364605,0,Health technology,Biotechnology,Strong buy,,
NTLA,"Intellia Therapeutics, Inc.",12.74,USD,0,4130293,1.3782174799035611,1785214046.0000002,USD,,-3.3569,USD,28.42278086952813,0,Health technology,Biotechnology,Buy,,
SNDX,"Syndax Pharmaceuticals, Inc.",19.94,USD,-3.0155642023346183,1205033,0.9266730970635417,1780583900.5038912,USD,,-2.5177,USD,35.42868867174476,0,Health technology,Biotechnology,Strong buy,,
ATEN,"A10 Networks, Inc.",24.52,USD,-0.28466856445709754,637474,0.54354844774564,1780373280.286295,USD,41.914529914529915,0.585,USD,-14.523670368205735,0.976006506710045,Technology services,Information technology services,Buy,22.439827949116864,23.541362038689634
PSNL,"Personalis, Inc.",16.6,USD,-3.4883720930232434,2548580,0.8093021383006147,1772877976.1511629,USD,,-1.0909,USD,14.257643637506877,0,Health services,Medical/Nursing services,Neutral,,
AIN,Albany International Corporation,62.34,USD,-0.14416146083613054,266717,0.9519236054155182,1770455985.0216246,USD,,-1.7418,USD,-186.92050501522033,1.77799135031235,Process industries,Textiles,Neutral,18.174927113702626,18.371318111131444
CCS,"Century Communities, Inc.",62.07,USD,-3.7823593241358,259526,0.8956921695356431,1764830128.9787629,USD,13.620803159973665,4.557,USD,-44.38885092258127,1.9376840799876,Consumer durables,Homebuilding,Buy,13.435064935064934,12.641547861507128
IE,Ivanhoe Electric Inc.,11.04,USD,10.5105105105105,2343701,1.2858700786220034,1761876551.735736,USD,,-0.2669,USD,58.277317492574646,0,Non-energy minerals,Other metals/Minerals,Strong buy,,
STBA,"S&T Bancorp, Inc.",49.95,USD,-1.3625592417061567,221838,0.9975761881849292,1761511278.1723933,USD,13.293413173652697,3.7575,USD,10.482211114378126,2.88309636650869,Finance,Regional banks,Neutral,12.609092632528633,12.668478719872418
WMK,"Weis Markets, Inc.",70.87,USD,-1.5420950263962203,167205,1.193901857347275,1753649769.5088913,USD,18.200261948175353,3.8939,USD,-3.081364960051763,1.88941372603501,Retail trade,Food retail,No rating,,
BL,"BlackLine, Inc.",30.14,USD,-7.856924487924183,1143096,1.2606116000273053,1751895614.1192298,USD,53.81181931797893,0.5601,USD,-54.9396621078037,0,Technology services,Packaged software,Neutral,11.484534173347878,12.130163821605295
AESI,Atlas Energy Solutions Inc.,13.99,USD,3.93759286775631,3236956,1.1650188701790705,1748798355.925706,USD,,-0.9512,USD,-832.2555812163204,1.85735512630015,Industrial services,Oilfield services/Equipment,Neutral,,
SEPN,"Septerna, Inc.",37.37,USD,1.6870748299319658,309895,1.0131893288746616,1744317424.73551,USD,,-0.544,USD,74.71649005391336,0,Health technology,Biotechnology,Strong buy,,
LIND,Lindblad Expeditions Holdings Inc.,26.55,USD,2.6285272516428284,544278,0.5860478578078233,1742202824.611519,USD,,-0.3714,USD,-15.80916744621142,0,Consumer services,Hotels/Resorts/Cruise lines,Buy,145.96493542907092,181.60924257659397
EVTC,"Evertec, Inc.",29.03,USD,-4.349258649093906,486368,1.390287414527001,1734616385.4151566,USD,18.947849357091574,1.5321,USD,-28.043396580875445,0.658978583196046,Commercial services,Miscellaneous commercial services,Buy,6.987050489923894,7.2605258241372095
PLAB,"Photronics, Inc.",29.36,USD,0.7895640233436335,1008765,0.42221926446416935,1731174162.4552007,USD,10.378959276018099,2.8288,USD,60.2084159256952,0,Electronic technology,Electronic production equipment,Strong buy,14.310314490606904,14.606965174129355
BLFS,"BioLife Solutions, Inc.",35.38,USD,0.368794326241142,788404,0.8548762723593359,1730907494.1895037,USD,36.58738366080662,0.967,USD,,0,Health technology,Medical specialties,Neutral,145.89690721649487,58.966666666666676
PRGS,Progress Software Corporation,42.175,USD,-4.256526674233826,423087,0.824179934273965,1729720852.690125,USD,20.370459814528594,2.0704,USD,58.51772452339022,0,Technology services,Packaged software,Strong buy,6.946590233036485,6.847339003108618
BY,"Byline Bancorp, Inc.",38.27,USD,-1.4929214929214885,227296,0.7554017325691222,1729284242.1763191,USD,11.552161313692345,3.3128,USD,23.833732057416285,1.23552123552124,Finance,Regional banks,Buy,11.564263856190962,11.311331163677949
TCBK,TriCo Bancshares,53.97,USD,-0.7904411764705876,187782,0.848915223756715,1725239120.3095586,USD,12.928494430470714,4.1745,USD,23.352638732935414,2.64705882352941,Finance,Regional banks,Neutral,12.412603495860163,12.603923400280243
CNXC,Concentrix Corporation,28.27,USD,-12.095771144278599,1698605,1.3398070765520886,1724988816.9120026,USD,,-21.2094,USD,-682.3238701883477,4.47761194029851,Technology services,Information technology services,Buy,2.511214745725072,2.577028258887876
EFC,Ellington Financial Inc.,13.38,USD,-0.6681514476614688,841563,0.8303143167932435,1724513314.6547885,USD,8.150584795321638,1.6416,USD,35.345040811278736,11.5812917594655,Finance,Real estate investment trusts,Buy,6.9766750668337325,6.419470667145169
BFC,Bank First Corporation,155.08,USD,-0.7360942200601531,57723,0.7434162399414777,1719155968.6894965,USD,20.20033606439932,7.6771,USD,11.032208611139238,1.24815976444985,Finance,Regional banks,Buy,14.405945192754297,15.593765711412772
HUN,Huntsman Corporation,9.8,USD,1.8711018711018867,2147420,0.9721152993878095,1718710419.56341,USD,,-0.9829,USD,45.364091161756534,5.32744282744283,Process industries,Chemicals: major diversified,Neutral,277.0944665931519,
FRNM,"Freenome, Inc.",15.99,USD,-1.9619865113427255,541627,0.6185937310660764,1718074523.1741266,USD,,-0.0697,USD,-123.69136641740313,0,Health technology,Medical specialties,Strong buy,,
CBL,"CBL & Associates Properties, Inc.",55.46,USD,0.8730447435431138,262615,1.2313000538721612,1716085374.9810839,USD,8.063624996365117,6.8778,USD,228.97115798536376,3.59221535103674,Finance,Real estate investment trusts,Strong buy,,17.11728395061728
SONO,"Sonos, Inc.",14.49,USD,-5.664062499999996,2375302,1.7583129684891896,1714079671.3359375,USD,32.561797752808985,0.445,USD,,0,Consumer durables,Electronics/Appliances,Buy,131.72727272727272,22.640625
PSQL,Pasqal Holding SA,8.04,USD,1.0050251256281304,1857513,1.3487252729379715,1706841242.9547737,USD,,-0.0641,USD,,0,Electronic technology,Computer processing hardware,No rating,,
JBLU,JetBlue Airways Corporation,4.52,USD,-2.3758099352051905,19782470,1.0195146453571764,1705451162.5485961,USD,,-2.3909,USD,-119.12748602327925,0,Transportation,Airlines,Sell,,
IDT,IDT Corporation,68.36,USD,-0.6828417841057661,170825,1.1186616268774787,1700015282.2205434,USD,20.961609223598675,3.2612,USD,-13.934339702311835,0.377742263547872,Communications,Major telecommunications,Strong buy,17.573264781491005,17.755844155844155
LILAK,Liberty Latin America Ltd.,8.67,USD,2.603550295857996,1153182,0.988576838617027,1698538160.9467456,USD,,-0.4997,USD,91.57633890190658,0,Communications,Major telecommunications,Neutral,,
KOS,Kosmos Energy Ltd.,2.85,USD,2.517985611510802,7633017,0.7051063404779763,1697139670.2517986,USD,,-1.1884,USD,-253.5852424873549,0,Energy minerals,Integrated oil,Buy,7.59698146603083,9.433837354023781
ETON,"Eton Pharmaceuticals, Inc.",59.345,USD,1.5312232677502071,396340,0.6897366648272065,1696266204.701625,USD,156.91433104177685,0.3782,USD,,0,Health technology,Pharmaceuticals: major,Strong buy,33.10246116756946,47.045067184589165
MQ,"Marqeta, Inc.",16.26,USD,-1.9300361881785089,705175,1.0415257386498915,1692646300.6863697,USD,165.74923547400613,0.0981,USD,,0,Commercial services,Miscellaneous commercial services,Neutral,46.030114905434445,73.20136678566767
LILA,Liberty Latin America Ltd.,8.69,USD,1.995305164319248,470653,1.4777475835456615,1688469039.9061034,USD,,-0.4997,USD,91.57633890190658,0,Communications,Major telecommunications,Neutral,,
RBCAA,"Republic Bancorp, Inc.",96.41,USD,-0.4028925619834717,152858,1.449307241795511,1686925149.70031,USD,14.758741044639029,6.5324,USD,3.159989261405807,1.95454545454545,Finance,Regional banks,Neutral,14.230258302583024,13.842067480258434
GT,The Goodyear Tire & Rubber Company,5.85,USD,-6.400000000000006,13202995,1.9121181310881084,1684207644.9120002,USD,,-8.8299,USD,-722.1744644870349,0,Consumer durables,Automotive aftermarket,Buy,,
CASH,"Pathward Financial, Inc.",81.06,USD,-2.5604038946988767,217529,1.0956713404041305,1683888708.344032,USD,10.154586225039461,7.9826,USD,6.00499309465632,0.240413511239332,Finance,Major banks,Buy,8.663341337251824,10.21764748813645
INBX,"Inhibrx Biosciences, Inc.",114.34,USD,-5.63670875629281,1676538,5.697754323432074,1682817213.0713873,USD,,-8.8764,USD,19.226149310231865,0,Health technology,Biotechnology,Buy,,
NVAX,"Novavax, Inc.",10.19,USD,-0.29354207436400326,4230871,0.7277093223971678,1680796976.1369858,USD,,-1.523,USD,-167.4699862667789,0,Health technology,Biotechnology,Buy,,
ANAB,"AnaptysBio, Inc.",56.6,USD,-0.3521126760563305,1036084,2.060612497237989,1675839970.9894366,USD,,-1.0803,USD,77.68666735515852,0,Health technology,Biotechnology,Strong buy,,
ATEX,Anterix Inc.,85.44,USD,-0.962095745913989,230585,0.8352885646048622,1675459972.0171554,USD,24.392611414052016,3.5027,USD,124.24455825864275,0,Communications,Wireless telecommunications,Buy,,
QCRH,"QCR Holdings, Inc.",102.02,USD,-0.6524491187067891,71471,0.5450201548637812,1670640197.2458858,USD,12.066375711126092,8.4549,USD,27.446074071840947,0.3116174895316,Finance,Major banks,Buy,11.898763704222066,11.957337083919361
OPRA,Opera Limited,18.34,USD,-2.342917997870081,452582,1.4442872592905096,1669868533,USD,13.16771970132108,1.3928,USD,75.1288821828241,4.15335463258786,Technology services,Packaged software,Strong buy,14.8502024291498,15.595238095238097
SAM,"Boston Beer Company, Inc. (The)",162.06,USD,-3.981514397440454,330288,2.176314929417098,1667869729.5492356,USD,,-6.7824,USD,-195.51061792373122,0,Consumer non-durables,Beverages: alcoholic,Neutral,16.269070304850814,17.977710567512595
AVLN,Avalyn Pharma Inc.,37.62,USD,0.6151377373629229,302175,1.6474026728075928,1667811027.8127837,USD,,,,,0,Health technology,Pharmaceuticals: major,Strong buy,,
DCH,Dauch Corporation,7,USD,0.14306151645207132,2801553,1.2519185070317478,1663232245.0643778,USD,,-1.0561,USD,-406.82742591516563,0,Producer manufacturing,Auto parts: OEM,Buy,8.487317522673264,7.495376958568769
MBC,"MasterBrand, Inc.",8.16,USD,-4.112808460634543,1175452,0.6701966461773684,1660482349.5934196,USD,,-0.6872,USD,-195.45770245867482,0,Consumer durables,Home furnishings,Neutral,73.95792736533946,408
OBK,"Origin Bancorp, Inc.",53.75,USD,-1.3399412628487462,150099,0.9467889699927083,1658170180.2266889,USD,16.819476171104924,3.1957,USD,43.163695009407746,1.46842878120411,Finance,Regional banks,Buy,12.641110065851365,13.180480627758705
AI,"C3.ai, Inc.",10.51,USD,0.47801147227532437,4833687,0.7957137389696012,1645731359.4646268,USD,,-3.0833,USD,-18.963654602978615,0,Technology services,Packaged software,Sell,,
WWW,"Wolverine World Wide, Inc.",20.05,USD,-3.4200385356454763,682224,0.9187947108807487,1645430086.6738918,USD,15.554693560899924,1.289,USD,24.55309691757658,1.92678227360308,Consumer non-durables,Apparel/Footwear,Buy,11.387917334511693,12.182073698811747
FLNG,FLEX LNG Ltd.,30.98,USD,-1.6820057124722347,328542,0.6579543420036024,1645421337.927007,USD,16.31213142375737,1.8992,USD,3.555070883315154,9.52078705172961,Transportation,Marine shipping,Sell,13.447715602952941,13.082770270270272
TFIN,"Triumph Financial, Inc.",68.83,USD,-1.1063218390804541,210833,1.1654052631811689,1644660943.932615,USD,46.664406779661014,1.475,USD,237.21993598536807,0,Finance,Savings banks,Neutral,25.798350824587704,34.97459349593496
WB,Weibo Corporation,6.7,USD,-0.2976190476190413,1169186,0.8434201225339928,1643162298.21856,USD,5.6721977649847615,1.1812,USD,-15.886918749554942,8.7797619047619,Technology services,Internet software/Services,Buy,5.766699975814287,5.376253489549606
RLJ,RLJ Lodging Trust,10.69,USD,-2.1957913998170193,1746603,1.10666401817952,1637139335.0338519,USD,1811.864406779661,0.0059,USD,-97.18242597898758,5.48947849954254,Finance,Real estate investment trusts,Neutral,233.99877418789947,353.1082777300654
XHR,"Xenia Hotels & Resorts, Inc.",17.7,USD,-1.502504173622702,674763,1.0307711532010346,1632751205.676127,USD,,-0.0809,USD,-112.74015748031496,3.11630495269894,Finance,Real estate investment trusts,Buy,34.705882352941174,95.67567567567568
ALNT,Allient Inc.,95.63,USD,1.0674276051574623,182495,0.9668609271523179,1625950267.5956457,USD,56.28605061801059,1.699,USD,98.06481697365354,0.147960262101036,Producer manufacturing,Electrical products,Strong buy,31.20167052758654,34.93661322725092
FTRE,Fortrea Holdings Inc.,17.06,USD,-3.6158192090395516,1520336,1.5429886158695814,1622406044.3367233,USD,,-0.9159,USD,91.97936826250294,0,Commercial services,Miscellaneous commercial services,Buy,18.02506180926822,20.30459269415523
CTS,CTS Corporation,56.73,USD,-0.7869884575026282,142173,0.9682309539975715,1619993019.636936,USD,23.711598746081503,2.3925,USD,12.987012987012983,0.279818118223155,Electronic technology,Electronic production equipment,Strong buy,21.819230769230767,21.12849162011173
PWP,Perella Weinberg Partners,16.58,USD,-1.3095238095238237,593274,0.7631082414799983,1613421644.1499999,USD,63.3066055746468,0.2619,USD,-67.60667903525047,1.66666666666667,Finance,Investment managers,Buy,13.130250021184208,16.53865336658354
ANIP,"ANI Pharmaceuticals, Inc.",70.23,USD,-1.4039028499227852,253677,0.6349862327909888,1613207891.0026674,USD,15.160280626011872,4.6325,USD,,0,Health technology,Biotechnology,Strong buy,7.464130088213414,7.56472916750818
FUN,Six Flags Entertainment Corporation,15.74,USD,1.4829142488716984,1740361,0.9185639742895549,1610458816.7221148,USD,,-17.3163,USD,-266.7775141913073,0,Consumer services,Movies/Entertainment,Buy,,
DSGR,"Distribution Solutions Group, Inc.",34.75,USD,0.2596653202539048,231167,1.045270470692075,1607375861.8436239,USD,182.7024185068349,0.1902,USD,126.96897374701672,0,Distribution services,Wholesale distributors,Neutral,40.643274853801174,56.9672131147541
FMC,FMC Corporation,12.81,USD,-1.233616037008482,2329860,0.719164575639469,1604155816.6468775,USD,,-22.037,USD,-2897.2835745112975,6.32228218966847,Process industries,Chemicals: agricultural,Neutral,9.206726588250177,9.637419368429288
CNOB,"ConnectOne Bancorp, Inc.",31.86,USD,-1.3927576601671396,217054,0.7173785510905903,1603189910.7075207,USD,10.45687278456085,3.0468,USD,253.99093760892296,2.32126276694522,Finance,Regional banks,Strong buy,9.102857142857143,9.791026429010449
GLOB,Globant S.A.,37.12,USD,-5.136723741374917,1465846,1.5829000328167706,1602825088.098134,USD,14.574008637612875,2.547,USD,3.6166144583214757,0,Technology services,Information technology services,Buy,6.177325520924775,6.240778375702928
TYRA,"Tyra Biosciences, Inc.",26.73,USD,-6.701570680628266,1158785,2.194361433125174,1595164507.303665,USD,,-2.3929,USD,-33.89849476806,0,Health technology,Biotechnology,Strong buy,,
LBRX,LB Pharmaceuticals Inc,49.39,USD,0.10133765707336269,300998,1.0761404841019744,1593280625.7221317,USD,,-2.9809,USD,-132.04888681301574,0,Health technology,Pharmaceuticals: major,Strong buy,,
AAPG,Ascentage Pharma Group International - American Depository Shares,17.44,USD,-0.9934714731762542,20901,3.0952063618996846,1587172613.24784,USD,,-2.2635,USD,-12.45528616852147,0,Health technology,Pharmaceuticals: major,Strong buy,,
SVV,"Savers Value Village, Inc.",10.23,USD,-2.105263157894726,899352,0.8518023485768061,1578040222.136842,USD,67.70350761085373,0.1511,USD,-26.543509965969854,0,Retail trade,Specialty stores,Buy,18.43804690076798,20.63331988705123
BRUN,Boost Run Inc.,18.82,USD,6.689342403628117,2065010,0.9056339279613582,1577965487.2165532,USD,,-1.6105,USD,-1184.5117845117845,0,Technology services,Packaged software,Strong buy,99.05315291133113,
IIPR,"Innovative Industrial Properties, Inc.",57.21,USD,0.017482517482514004,301370,0.8492207046753775,1577356960.5047202,USD,12.965145265829669,4.4126,USD,-4.577990182297851,13.2867132867133,Finance,Real estate investment trusts,Neutral,14.66296329235683,13.461176470588235
LTGO,"Latigo Biotherapeutics, Inc.",23.73,USD,2.9947916666666723,326755,1.6079275644022342,1573283565.200521,USD,,,,,0,Health technology,Pharmaceuticals: major,Strong buy,,
KMPR,Kemper Corporation,26.67,USD,-4.885877318116967,807223,0.8882800661085143,1571480539.855207,USD,,-8.4025,USD,-258.28388433644153,4.56490727532097,Finance,Property/Casualty insurance,Neutral,8.546493630346687,13.29115248794228
BCAX,Bicara Therapeutics Inc.,23.71,USD,2.3305999136814806,709965,1.5809183985442363,1568960305.2740612,USD,,-3.0857,USD,-63.6976127320955,0,Health technology,Pharmaceuticals: major,Strong buy,,
EOSE,"Eos Energy Enterprises, Inc.",4.3,USD,10.824742268041236,46733306,1.874488244856066,1565921393.7113402,USD,,-6.8257,USD,-30.73048341377463,0,Producer manufacturing,Electrical products,Buy,,
ICFI,"ICF International, Inc.",87.25,USD,-0.8522727272727272,165984,1.1080832451009321,1564731516.8153412,USD,18.047741188151583,4.8344,USD,-15.96001738374621,0.636363636363636,Commercial services,Miscellaneous commercial services,Strong buy,11.722948238850401,12.274901519414744
AMPL,"Amplitude, Inc.",12.52,USD,-3.840245775729647,1331238,0.7960318181195757,1563943707.21659,USD,,-0.7545,USD,-0.6268338223526175,0,Technology services,Packaged software,Buy,86.12209802235597,170.45145128791592
JJSF,J & J Snack Foods Corp.,83.46,USD,-0.7727975270479203,199102,1.1721431872437251,1559167031.5826893,USD,32.0876585928489,2.601,USD,-39.39605759821055,3.8045416716205,Consumer non-durables,Food: specialty/candy,Strong buy,20.152936301653668,20.934780858295913
XERS,"Xeris Biopharma Holdings, Inc.",8.48,USD,-0.5861664712778304,1354926,1.1098728458587481,1546076201.660024,USD,,-0.1023,USD,51.85882352941176,0,Health technology,Biotechnology,Strong buy,44.05194805194805,
OMCL,"Omnicell, Inc.",33.88,USD,-1.4256619144602702,571110,0.8390849535499459,1545432202.810591,USD,40.06148752512711,0.8457,USD,71.43725927427529,0,Technology services,Information technology services,Strong buy,18.84465783429939,14.933333333333335
INVA,"Innoviva, Inc.",21.34,USD,0.046882325363345356,782828,1.2867553753154313,1541718609.8312235,USD,5.198665010109869,4.1049,USD,1137.1609403254974,0,Health technology,Pharmaceuticals: major,Buy,9.856812933025404,8.639676113360323
MGRT,Mega Fortune Company Limited,112,USD,-1.234567901234573,5382,0.28175502703947813,1540000020.7407408,USD,,,,,0,Technology services,Information technology services,No rating,,
DMC,Del Monte Corporation,32.63,USD,1.5877957658779738,359615,0.9940986836758445,1538381021.0501246,USD,45.82865168539326,0.712,USD,-77.19994876392981,3.7359900373599,Process industries,Agricultural commodities/Milling,Strong buy,,14.502222222222223
AGL,"agilon health, inc.",91.37,USD,3.24293785310735,148349,0.787870065090668,1534212873.1864407,USD,,-15.1979,USD,23.666234718580796,0,Health services,Medical/Nursing services,Neutral,,
YSWY,"Yesway, Inc.",24.22,USD,-2.299314239612748,379775,1.519284745024995,1530576785.8910851,USD,,,,,0,Retail trade,Food retail,Buy,21.541813977275254,13.495855680156021
WOLF,"Wolfspeed, Inc.",28.88,USD,1.8694885361551943,2411356,0.9084051423736109,1530507047.0744264,USD,,-15.7597,USD,-39.871131504442054,0,Electronic technology,Semiconductors,Neutral,,
ABSI,Absci Corporation,8.91,USD,1.0204081632653046,2508846,0.8562701130451732,1529080808.6938775,USD,,-0.8004,USD,15.355329949238577,0,Health technology,Biotechnology,Strong buy,,
TWFG,"TWFG, Inc.",28.22,USD,-2.319141571478026,193296,1.0876018698361756,1525341592.8238144,USD,47.73342354533153,0.5912,USD,45.795314426633766,0,Finance,Insurance brokers/Services,Buy,25.739485757545353,24.20977227200391
IMKTA,"Ingles Markets, Incorporated",81.91,USD,-1.396412664018294,113128,1.1412545648972015,1522431742.7453954,USD,14.880822614635562,5.5044,USD,85.4144911914306,0.794510653665583,Retail trade,Food retail,No rating,,
PSNY,Polestar Automotive Holding UK Limited,8.93,USD,-3.040173724212824,505420,1.5278177887904205,1520694985,USD,,-18.9372,USD,50.59830798970081,0,Consumer durables,Motor vehicles,Strong sell,,
ARLO,"Arlo Technologies, Inc.",14.11,USD,1.0021474588403636,2106092,1.7922881533055974,1518423750.8718681,USD,50.957024196460814,0.2769,USD,,0,Electronic technology,Telecommunications equipment,Strong buy,16.113983305867613,14.904184368246375
AMPX,"Amprius Technologies, Inc.",10.39,USD,5.055611729019211,5674800,1.376469235616663,1517777772.27907,USD,,-0.2876,USD,13.943746259724707,0,Producer manufacturing,Electrical products,Strong buy,,
SAFT,"Safety Insurance Group, Inc.",103.37,USD,0.21328162869607256,122009,1.0346690320961187,1517521536.2782354,USD,22.23919450958456,4.6481,USD,-18.642792130504784,3.56761997091614,Finance,Property/Casualty insurance,Neutral,,21.762105263157896
PRG,"PROG Holdings, Inc.",38.08,USD,-3.0796640366505494,554732,1.2223998067895576,1516788678.1002798,USD,10.554323725055431,3.608,USD,-28.808208366219407,1.39984728938661,Finance,Finance/Rental/Leasing,Buy,7.487892639979643,7.712405063291139
ARDT,"Ardent Health, Inc.",10.75,USD,-1.4665444546287822,560998,1.510266890147479,1516243551.1228232,USD,19.57036227926452,0.5493,USD,-69.38127090301003,0,Health services,Hospital/Nursing management,Buy,9.686211790147096,11.257735111252604
GIC,Global Industrial Company,39.76,USD,-0.12559658377293206,137248,1.2769607797529219,1515187698.8736498,USD,17.973870982324488,2.2121,USD,29.491307147456535,2.76312484300427,Retail trade,Internet retail,Neutral,19.49019607843137,17.24945770065076
PAHC,Phibro Animal Health Corporation,37.31,USD,-2.457516339869275,182186,0.6305968909391977,1514845768.181438,USD,15.326787988333404,2.4343,USD,105.21834429269938,1.25490196078431,Health technology,Pharmaceuticals: major,Neutral,10.64024258954587,10.65590204452802
MLKN,"MillerKnoll, Inc.",22.21,USD,-3.097731239092499,593514,1.080870321385157,1513017112.14267,USD,16.787603930461074,1.323,USD,,3.27225130890052,Producer manufacturing,Office equipment/Supplies,Buy,11.013226781231994,10.995049504950495
SBH,"Sally Beauty Holdings, Inc. (Name to be changed from Sally Holdings, Inc.)",16.16,USD,-3.233532934131732,1212652,1.1947625809233198,1512936301.2311378,USD,8.402225341860344,1.9233,USD,3.6428301988468017,0,Retail trade,Specialty stores,Buy,7.359145901898396,7.819682760889973
NAT,Nordic American Tankers Limited,7.14,USD,-1.5172413793103492,3626768,0.8182002661407771,1511899684.8248274,USD,12.240699468541058,0.5833,USD,814.2633228840127,8.55172413793103,Transportation,Marine shipping,Buy,8.238467875744519,7.933333333333333
KMTS,"Kestra Medical Technologies, Ltd.",25.635,USD,0.37196554424433215,349567,1.5963720208479564,1502291104.8582616,USD,,-2.4183,USD,2.1287789874134924,0,Health technology,Medical specialties,Strong buy,,
SDGR,"Schrodinger, Inc.",20.03,USD,-0.2986560477849613,1115226,1.1882520497456004,1498356714.363365,USD,,-0.7367,USD,70.32068326484571,0,Technology services,Packaged software,Buy,,
HCSG,"Healthcare Services Group, Inc.",21.78,USD,-0.1833180568285937,635956,1.1888961382505192,1494809341.9523375,USD,12.690089145254328,1.7163,USD,1112.9328621908128,0,Commercial services,Miscellaneous commercial services,Buy,20.168403390291942,18.162320107139344
TPB,"Turning Point Brands, Inc.",74.51,USD,-0.9438978994948068,197128,0.7142492227166385,1493845171.4445627,USD,32.05420520542052,2.3245,USD,-2.817843555332586,0.412124434990694,Consumer non-durables,Tobacco,Strong buy,77.77661795407099,58.2109375
TRAX,"First Tracks Biotherapeutics, Inc.",41.8,USD,3.3119130004943065,540681,0.8651840088790488,1493549185.9713292,USD,,,,,0,Health technology,Biotechnology,Strong buy,,
AVBP,"ArriVent BioPharma, Inc.",30.28,USD,-2.1647819063004787,721964,1.7728240998233227,1493038150.9841678,USD,,-3.6811,USD,8.22030517602473,0,Health technology,Pharmaceuticals: other,Strong buy,,
VISN,"Vistance Networks, Inc.",6.47,USD,1.0937499999999907,6266935,0.5397675475172412,1492152854.5031247,USD,7.024972855591748,0.921,USD,,0,Electronic technology,Telecommunications equipment,Neutral,9.242857142857142,7.6117647058823525
LKFN,Lakeland Financial Corporation,59.98,USD,-0.9740795773485279,153497,1.2931725892601391,1490973210.7194982,USD,13.792310522442973,4.3488,USD,18.557291240696816,3.40102360904738,Finance,Regional banks,Neutral,13.590121218987194,13.68781378366043
TE,T1 Energy Inc.,5.06,USD,10,32529445,1.647366082311015,1490051220.9,USD,,-1.9807,USD,36.20317583019293,0,Producer manufacturing,Electrical products,Strong buy,,
CPRI,Capri Holdings Limited,13.1,USD,-3.3923303834808323,5366969,1.3888577923032042,1488836254.6533926,USD,14.302871492521016,0.9159,USD,,0,Retail trade,Apparel/Footwear retail,Buy,6.9661768185842705,6.165747530994648
VOR,Vor Biopharma Inc.,25.1,USD,0.19960079840319644,856977,1.313981661414175,1484973495.5329342,USD,,-83.3934,USD,69.48375155612251,0,Health technology,Biotechnology,Strong buy,,
PUMP,ProPetro Holding Corp.,12.03,USD,4.882301656495193,3864977,1.318332856024643,1477571714.1787267,USD,,-0.113,USD,92.25868329108721,0,Industrial services,Oilfield services/Equipment,Buy,59.86861749776052,
AMSC,American Superconductor Corporation,30.44,USD,3.0118443316412877,855324,1.3290252969207503,1474578895.0876482,USD,10.055496828752643,3.0272,USD,666.573816155989,0,Producer manufacturing,Electrical products,Strong buy,29.82363493676194,34.66970387243736
COUR,"Coursera, Inc.",5.57,USD,-3.9655172413793025,4200921,0.9123720233547306,1472708014.4051728,USD,,-0.6785,USD,-112.56265664160401,0,Commercial services,Miscellaneous commercial services,Buy,7.243172951885566,8.799368088467615
SLBT,SL Science Holding Limited,2.62,USD,-9.027777777777771,109231,2.082816113980844,1469190597.4,USD,,,,,0,Consumer non-durables,Household/Personal care,No rating,,
HLMN,Hillman Solutions Corp.,7.55,USD,-1.6927083333333321,1282254,1.1173024008181007,1468814703.795573,USD,36.420646406174626,0.2073,USD,89.14233576642336,0,Distribution services,Wholesale distributors,Buy,11.711490911572815,12.843783863784441
RARE,Ultragenyx Pharmaceutical Inc.,14.88,USD,-2.7450980392156854,5926471,0.9978347729735891,1467002476.0470586,USD,,-5.8414,USD,-5.655940817913803,0,Health technology,Pharmaceuticals: major,Buy,,
MAZE,"Maze Therapeutics, Inc.",26.37,USD,0.610454025181229,365304,0.9678780863195785,1464831499.5120184,USD,,-2.5338,USD,-50.45424856006176,0,Health technology,Pharmaceuticals: major,Strong buy,,
CNL,Collective Mining Ltd.,16.94,USD,1.134328358208963,171764,1.531464459992136,1464498772.7333333,USD,,-0.6079744,USD,-8.045835044205159,0,Non-energy minerals,Other metals/Minerals,Strong buy,,
XZO,"Exzeo Group, Inc.",16.13,USD,-2.5377643504531826,327503,1.711141124744964,1453085858.4120846,USD,17.243959803292707,0.9354,USD,,0,Technology services,Packaged software,Strong buy,14.889235350533951,16.238260482637745
WEN,Wendy's Company (The),7.61,USD,-5.230386052303849,6828759,0.9013764579509872,1450998173.0809467,USD,11.53205031065313,0.6599,USD,-31.124099780816188,6.97384806973848,Consumer services,Restaurants,Neutral,15.328217213527502,15.072321394972064
ADNT,Adient plc,18.78,USD,-6.146926536731636,881947,1.1053202939476443,1447880389.2293854,USD,31.404682274247495,0.598,USD,,0,Producer manufacturing,Auto parts: OEM,Buy,7.114339713130731,9.26809214990621
BHRB,Burke & Herbert Financial Services Corp.,71.6,USD,-1.0366275051831375,66692,0.6898527758268107,1445391510.7947476,USD,11.466457409157151,6.2443,USD,-9.410996663281587,3.04077401520387,Finance,Regional banks,Buy,8.468361916026021,9.452145214521451
RES,"RPC, Inc.",6.52,USD,0.30769230769230116,1535340,1.0901220531420122,1445203724.2584615,USD,65.06986027944112,0.1002,USD,-59.7266881028939,2.46153846153846,Industrial services,Oilfield services/Equipment,Sell,25.20615308485427,26.721311475409834
DMLP,"Dorchester Minerals, L.P.",29.42,USD,0.7189318726463569,66709,0.7013782799730421,1444269171.308456,USD,16.788404473864414,1.7524,USD,-1.2732394366197157,10.9331530297843,Miscellaneous,Investment trusts,No rating,,
AMBQ,"Ambiq Micro, Inc.",59.62,USD,3.777197563098337,475569,1.1837716137656025,1441882054.792341,USD,,-1.9025,USD,5.503402374211494,0,Electronic technology,Semiconductors,Buy,,
AMAL,Amalgamated Financial Corp.,48.22,USD,-1.932072401871065,242945,1.4024280775400806,1441785009.8954644,USD,12.856952406345819,3.7505,USD,12.01206582444823,1.32194427496441,Finance,Regional banks,Buy,11.168500289519399,12.00009954458353
WD,"Walker & Dunlop, Inc",41.92,USD,-1.619338183524989,400463,0.872893636202734,1438935235.860127,USD,37.38517791848747,1.1213,USD,-65.41225824362256,6.36000938746773,Finance,Finance/Rental/Leasing,Buy,7.517034816674548,9.142857142857144
WLTH,Wealthfront Corporation,9.63,USD,0.5219206680584626,4701346,3.7431951077866903,1438348550.0073068,USD,,-0.3811,USD,,0,Technology services,Packaged software,Buy,24.885585741567198,27.030440823544275
ENR,"Energizer Holdings, Inc.",21,USD,-1.0833725859632615,839723,0.8872697449092747,1438156463.5421574,USD,17.86929884275017,1.1752,USD,-66.15012385506077,5.65237870937353,Consumer non-durables,Household/Personal care,Neutral,6.279966279571539,6.372190546703605
POET,POET Technologies Inc.,8.31,USD,4.924242424242432,17893489,2.409457088867204,1438112743.8484848,USD,,-0.581,USD,19.629270991838432,0,Producer manufacturing,Electrical products,Strong buy,,
ESQ,"Esquire Financial Holdings, Inc.",118.28,USD,-0.5716207128446474,153548,1.0688314120104663,1431730040.7696707,USD,19.53201116303648,6.0557,USD,12.00362513178094,0.651479488903833,Finance,Major banks,Buy,14.972151898734179,17.043227665706052
PEBO,Peoples Bancorp Inc.,39.82,USD,-0.4251062765691465,249154,0.9342142265250338,1431223161.688422,USD,12.058262423159617,3.3023,USD,12.90300523094806,4.15103775943986,Finance,Regional banks,Buy,10.679694714141156,10.94385680532275
RVLV,"Revolve Group, Inc.",20.13,USD,-5.714285714285725,1150026,1.4508293510019328,1430949576.2571428,USD,19.98213222156045,1.0074,USD,60.08263149531226,0,Retail trade,Internet retail,Buy,20.790192564898348,22.79668819498473
PICS,PicS N.V.,11.04,USD,-3.6649214659686007,616903,0.8056578349027195,1430646464.3350782,USD,5810.526315789473,0.0019,USD,-99.99999776698174,0,Commercial services,Miscellaneous commercial services,Strong buy,4.60354089020138,7.089288431938014
INNV,InnovAge Holding Corp.,10.52,USD,-2.139534883720934,546737,3.1010087947664733,1427946813.5032556,USD,,-0.0864,USD,62.53252385082394,0,Technology services,Packaged software,Neutral,27.04370179948586,23.85866237271222
ATLC,Atlanticus Holdings Corporation,93.81,USD,0.7301621389455673,160416,1.2009801536113032,1423101243.6871045,USD,12.180269547378535,7.7018,USD,35.47104763244917,0,Finance,Finance/Rental/Leasing,Strong buy,8.503701208529954,9.744805756758804
FCEL,"FuelCell Energy, Inc.",17.76,USD,18.795986622073595,13922846,1.9348055453755078,1419986451.820736,USD,,-3.4334,USD,62.700706137968496,0,Electronic technology,Electronic equipment/Instruments,Neutral,,
ATEC,"Alphatec Holdings, Inc.",9.19,USD,-2.7513227513227494,1763563,1.1917467172892586,1419405399.915344,USD,,-0.7164,USD,36.869933027846315,0,Health technology,Medical specialties,Strong buy,18.77395262181619,28.220222138288296
HROW,"Harrow, Inc.",37.85,USD,-1.7903476907109437,532035,1.2663631562072823,1418915163.7480538,USD,,-0.9995,USD,-236.8722615436468,0,Health technology,Pharmaceuticals: major,Strong buy,29.930815138270876,
TMP,Tompkins Financial Corporation,98.42,USD,-1.1549663553279015,116517,1.0161895052097187,1415565506.2944665,USD,8.056581069244684,12.2161,USD,120.03061959654183,2.70161695289746,Finance,Regional banks,Buy,12.218497827436375,12.593730006397951
SCL,Stepan Company,62.22,USD,-1.8921475875118303,120013,1.1398079441706563,1414418486.9290442,USD,,-0.1176,USD,-104.64308275426406,2.47555976032797,Process industries,Chemicals: specialty,Strong buy,18.998473282442745,23.130111524163567
REX,REX American Resources Corporation,42.62,USD,2.7978774722624133,231564,1.254679364955559,1413945749.6613603,USD,11.68663796649209,3.6469,USD,146.82910321489,0,Process industries,Chemicals: specialty,No rating,,28.41333333333333
UFCS,"United Fire Group, Inc",54.98,USD,-1.7863522686673814,405143,3.2387680397660277,1413285003.5934262,USD,10.127095229324,5.429,USD,54.39963597065014,1.28617363344051,Finance,Property/Casualty insurance,Buy,12.231368186874304,11.390883191237348
IMTX,Immatics N.V.,9.44,USD,-1.255230125523023,699515,0.9850409357054545,1412562908.8368201,USD,,-1.8495,USD,-164.70588235294116,0,Health technology,Pharmaceuticals: major,Strong buy,,
ALMS,Alumis Inc.,10.58,USD,-4.684684684684681,4491240,0.8313538598829892,1412378732.7513516,USD,,-3.8093,USD,15.39213290984608,0,Health technology,Pharmaceuticals: major,Strong buy,,
ROCK,"Gibraltar Industries, Inc.",47.45,USD,0.4232804232804293,389072,1.7749537867493426,1408500551.8793652,USD,,-5.0671,USD,-221.33860153256703,0,Producer manufacturing,Metal fabrication,Strong buy,11.217494089834515,12.346054843543353
SLVM,Sylvamo Corporation,35.39,USD,-1.612454823463993,236949,1.1362612985226863,1407115028.587712,USD,18.75264942772361,1.8872,USD,-63.787082166020646,5.00417014178482,Process industries,Pulp & paper,Buy,10.075444839857651,24.323024054982817
ANRO,"Alto Neuroscience, Inc.",35.81,USD,0.7313642756680876,580964,1.328422059209222,1405259698.7094233,USD,,-2.4733,USD,-3.0369938343609477,0,Health technology,Biotechnology,Strong buy,,
BAND,Bandwidth Inc.,43.62,USD,-0.3427004797806847,693658,1.022136330916965,1403725954.8608634,USD,,-0.2881,USD,15.932302305223223,0,Technology services,Packaged software,Strong buy,23.07936507936508,24.897260273972602
BBAI,"BigBear.ai, Inc.",2.92,USD,0,15093564,0.9584358667297515,1400123997,USD,,-0.218,USD,84.84637842346726,0,Technology services,Packaged software,Buy,,
CTBI,"Community Trust Bancorp, Inc.",77.06,USD,-0.9002057613168759,87830,1.010267157747989,1400022534.209362,USD,12.896639443031196,5.9752,USD,17.635941252903894,2.72633744855967,Finance,Regional banks,Buy,12.00935002548831,12.078369905956114
CGEM,"Cullinan Therapeutics, Inc.",21.69,USD,-1.8107741059302789,953740,1.5875774321441898,1395853413.5432324,USD,,-3.3938,USD,3.5605694637833465,0,Health technology,Pharmaceuticals: major,Strong buy,,
NBR,Nabors Industries Ltd.,91.87,USD,1.1338617349185394,191533,0.8653581152087932,1395611919.3623955,USD,6.831956332592157,13.4471,USD,,0,Industrial services,Contract drilling,Neutral,40.063145133507476,
CNMD,CONMED Corporation,46.59,USD,-5.535279805352792,331711,1.2160109272389878,1395428643.979927,USD,25.194678780012982,1.8492,USD,-47.787785526724456,0.40551500405515,Health technology,Medical specialties,Neutral,10.393588857822888,10.271811670665304
REPL,"Replimune Group, Inc.",14.77,USD,-1.7952127659574442,1495432,0.7714405350672164,1391624005.6110373,USD,,-3.2789,USD,2.953798798354387,0,Health technology,Biotechnology,Strong buy,,
AKTS,"Aktis Oncology, Inc.",25.02,USD,-7.504621072088728,567426,1.7903810396165971,1391599914.973752,USD,,,,,0,Health technology,Pharmaceuticals: major,Strong buy,,
TRS,TriMas Corporation,38.73,USD,-1.8996960486322192,254074,0.6815187325512279,1389395002.169453,USD,1.6118694856001332,24.028,USD,2537.2516738009,0.405268490374873,Process industries,Containers/Packaging,Buy,19.91771663666752,23.444309927360774
WBTN,WEBTOON Entertainment Inc.,10.23,USD,2.607823470411231,412358,0.8287818379405689,1388324176.4292874,USD,,-2.6301,USD,-238.93041237113403,0,Technology services,Internet software/Services,Buy,,
OMER,Omeros Corporation,19.12,USD,0.8970976253298244,1015537,0.734166244894911,1384064605.7540896,USD,13.299019266884608,1.4377,USD,,0,Health technology,Pharmaceuticals: major,Buy,8.585672165628035,21.48314606741573
NVGS,Navigator Holdings Ltd.,22.5,USD,-2.003484320557495,284468,0.7780885315448505,1383595363.458188,USD,10.376314333148866,2.1684,USD,71.99968271595148,1.21951219512195,Transportation,Marine shipping,Strong buy,12.742208139722559,10.247343546974506
NMAX,"Newsmax, Inc.",10.71,USD,0.7525870178739423,998840,1.147006121561244,1383310528.7554092,USD,,-0.0497,USD,,0,Consumer services,Broadcasting,Strong buy,,
TNDM,"Tandem Diabetes Care, Inc.",19.88,USD,-0.10050251256281194,1637231,1.3653517774088428,1383224625.9296482,USD,,-0.9264,USD,70.02911679068262,0,Health technology,Medical specialties,Buy,,
FOR,Forestar Group Inc,27.08,USD,-2.904266762280395,157280,1.3619072936681875,1381557328.4503405,USD,8.127250900360144,3.332,USD,4.546452888205573,0,Finance,Real estate development,Buy,9.553709806417425,9.38106127239477
GOLD,"Gold.com, Inc.",47.47,USD,2.9048341643182227,1018755,1.3465693678418211,1376837644.4615216,USD,16.246278106711387,2.9219,USD,313.92548519620345,1.73422935183178,Finance,Investment banks/Brokers,Strong buy,13.680982655960896,13.65744470274127
XPEL,"XPEL, Inc.",49.92,USD,-2.973760932944608,146199,0.822448844119563,1376331729.8752184,USD,25.237613751263904,1.978,USD,12.616716010020498,0,Consumer durables,Automotive aftermarket,Strong buy,20.515062872585514,22.69090909090909
PNTG,"The Pennant Group, Inc.",39.31,USD,3.447368421052638,253114,1.1079065838226572,1373061873.078158,USD,43.34546256478112,0.9069,USD,15.971867007672635,0,Health services,Medical/Nursing services,Strong buy,26.633819869737522,28.164795939569284
PFBC,Preferred Bank,102.46,USD,-1.0239567233384876,72820,0.8988170471601231,1372219828.823416,USD,9.35519804240244,10.9522,USD,15.092475830180744,3.04289026275116,Finance,Regional banks,Neutral,9.522304832713752,9.559619331964917
BORR,Borr Drilling Limited,4.44,USD,-2.2026431718061596,3459974,0.7569101383405867,1369796626.6255507,USD,,-0.7841,USD,-514.8677248677249,4.84581497797357,Industrial services,Contract drilling,Buy,,
APPS,"Digital Turbine, Inc.",11.3,USD,5.508870214752566,2672420,1.0123692304638425,1367483637.1335201,USD,,-0.3087,USD,60.188289914882645,0,Technology services,Packaged software,Strong buy,14.86842105263158,15.586206896551726
OMDA,"Omada Health, Inc.",22.18,USD,-2.5911286780851994,1002634,0.9555575950767103,1357786466.3935,USD,337.08206686930095,0.0658,USD,,0,Technology services,Internet software/Services,Strong buy,75.74282953082474,61.298997051125795
UMH,"UMH Properties, Inc.",15.86,USD,-0.5642633228840116,573017,0.7504875732505873,1354215676.6557992,USD,126.6773162939297,0.1252,USD,-6.427503736920774,5.64263322884013,Finance,Real estate investment trusts,Strong buy,121.06870229007633,104.34210526315789
FMBH,"First Mid Bancshares, Inc.",50.87,USD,-0.8961620884473035,127275,1.1723035176934704,1353239288.255601,USD,12.639451387681069,4.0247,USD,14.367309823534436,1.96766023767777,Finance,Regional banks,Buy,10.635375344912728,11.497900452185956
CCEC,Capital Clean Energy Carriers Corp.,22.46,USD,-0.8388520971302329,4660,0.8508928897491614,1352848617.4075058,USD,12.101293103448276,1.856,USD,-41.86192206490414,2.64900662251656,Transportation,Marine shipping,Buy,9.484060360174716,11.67511371020143
ELE,Elemental Royalty Corporation,21.03,USD,-0.7550731477111852,165714,0.6237428333975719,1352357455.6861725,USD,374.19928825622776,0.0562,USD,-69.5557963163597,0.283152430391694,Energy minerals,Oil & gas production,Strong buy,53.35274970888122,90.61608597109593
WABC,Westamerica Bancorporation,58.45,USD,-1.5827580400740826,183857,1.4979826685482058,1350846858.7287421,USD,12.890917912751974,4.5342,USD,-5.312617466482887,3.16551608014817,Finance,Regional banks,Neutral,12.61057173678533,12.61057173678533
AZTA,"Azenta, Inc.",30.82,USD,-1.6278327481646921,1159911,1.3076108792554162,1350174742.4091923,USD,,-2.6664,USD,-9.543568464730289,0,Health services,Medical/Nursing services,Buy,53.383310180935126,81.10526315789474
RYZ,Ryerson Holding Corporation,25.99,USD,-1.216267578867352,369351,0.9946927421693911,1348845914.981756,USD,,-1.2377,USD,-172.741295724989,2.85062713797035,Non-energy minerals,Steel,Neutral,13.362467866323907,19.76425855513308
EYE,"National Vision Holdings, Inc.",17,USD,1.553166069295111,2075612,0.9681470003965199,1344178303.1063323,USD,27.47252747252747,0.6188,USD,,0,Retail trade,Specialty stores,Buy,15.4496858260947,16.900708338511244
AAT,"American Assets Trust, Inc.",21.83,USD,-0.9528130671506392,496096,1.004659421557763,1340454024.741379,USD,73.70020256583389,0.2962,USD,-75.67145790554414,6.17059891107078,Finance,Real estate investment trusts,Sell,55.97435897435897,55.97435897435897
DRTS,Alpha Tau Medical Ltd.,14.84,USD,-1.2641383898868896,562454,0.7297594555043219,1340435951.1829674,USD,,-1.0398,USD,-115.14587212911236,0,Health technology,Medical specialties,Buy,,
FLO,"Flowers Foods, Inc.",6.32,USD,0.7974481658692298,8528107,1.1091124592369215,1340202882.9090912,USD,24.505622334238076,0.2579,USD,-75.07971784713499,13.8357256778309,Consumer non-durables,Food: specialty/candy,Neutral,,8
MNKD,MannKind Corporation,4.16,USD,2.4630541871921316,4930914,2.004309890167512,1337624951.9605913,USD,,-0.1417,USD,-229.64318389752972,0,Health technology,Pharmaceuticals: major,Strong buy,,
ALX,"Alexander's, Inc.",261.49,USD,-0.35439371999085695,20759,0.5337903511974862,1335505400.806684,USD,7.910802667086172,33.0548,USD,353.88734792519153,6.85923329014557,Finance,Real estate investment trusts,Strong sell,,
WLDN,"Willdan Group, Inc.",87.25,USD,1.7136861739333165,236207,1.1268331964190474,1328999916.376195,USD,20.481220657276996,4.26,USD,77.74439854800349,0,Commercial services,Miscellaneous commercial services,Strong buy,17.368946076240615,17.07436399217221
HBT,"HBT Financial, Inc.",36.53,USD,-0.1639792292976285,118712,1.1878172487250016,1328435813.2686524,USD,15.707098937954166,2.3257,USD,-4.039445453045061,2.51434818256354,Finance,Regional banks,Buy,11.330645161290322,12.024358130348915
RCAT,"Red Cat Holdings, Inc.",8.695,USD,3.8829151732377674,5497899,0.9692513721338002,1327851302.856631,USD,,-0.8027,USD,-110.95926412614978,0,Technology services,Packaged software,Strong buy,,
NSSC,"NAPCO Security Technologies, Inc.",37.085,USD,0.20264793299109118,405630,0.5250129593280952,1326472404.6101055,USD,30.932521478021517,1.1989,USD,0.7563660811833027,1.56714401513105,Commercial services,Miscellaneous commercial services,Strong buy,22.544072948328267,22.544072948328267
CRSR,"Corsair Gaming, Inc.",12.26,USD,-3.6163522012578686,1159424,0.9265220270578148,1326249604.586478,USD,39.96088657105606,0.3068,USD,,0,Technology services,Packaged software,Buy,16.131982246924597,13.63264362090131
SENEA,Seneca Foods Corp.,195,USD,-0.36278166675183077,132201,1.5174900307857602,1323982304.48112,USD,11.260871071688436,17.3166,USD,177.73661165375552,0,Consumer non-durables,Food: specialty/candy,Neutral,13.60781577110956,14.099783080260304
GBX,"Greenbrier Companies, Inc. (The)",42.76,USD,-1.1558021266759133,365854,1.059115268462593,1322980914.686084,USD,12.567599341641193,3.4024,USD,-52.240314430095445,3.05131761442441,Producer manufacturing,Trucks/Construction/Farm machinery,Sell,12.400194528776659,14.096704845791741
ULCC,"Frontier Group Holdings, Inc.",5.73,USD,-3.8590604026845563,2117244,0.897132346304872,1319136309.0302014,USD,,-1.684,USD,-1036.302294197031,0,Transportation,Airlines,Sell,,
DOLE,Dole plc,13.89,USD,-0.8565310492505298,1043544,0.9478304680268528,1312032770.6659532,USD,17.883352645809193,0.7767,USD,211.5523465703971,2.42683797287652,Distribution services,Food distributors,Buy,9.54639175257732,10.344819881716035
ORIC,"Oric Pharmaceuticals, Inc.",12.62,USD,-1.8662519440124437,955399,0.9109130143901334,1308096491.0855365,USD,,-1.3499,USD,28.644677027169884,0,Health technology,Pharmaceuticals: major,Strong buy,,
PCT,"PureCycle Technologies, Inc.",6.51,USD,1.8779342723004713,2220614,0.8192954634723667,1307890322.370892,USD,,-1.4627,USD,12.601577437858513,0,Industrial services,Environmental services,Buy,,
AFYA,Afya Limited,14.29,USD,-2.656675749318805,266073,1.2919275709102775,1306857976.2064033,USD,8.695387611050261,1.6434,USD,26.854496333461974,0.00446885558583106,Consumer services,Other consumer services,Sell,7.65605860721586,8.100387081061031
AMN,AMN Healthcare Services Inc,33.73,USD,-0.2071005917159772,494990,0.9086269909888081,1306362597.6275148,USD,12.585820895522387,2.68,USD,,0,Commercial services,Personnel services,Buy,39.72740849622395,10.260609753389453
NUTX,Nutex Health Inc.,190.66,USD,-1.3351273028358581,201951,1.2718302488165014,1305634635.2650588,USD,7.54240774732578,25.2784,USD,158.1377775054633,0,Health services,Medical/Nursing services,Strong buy,7.328003689753247,6.859753903720227
ORC,"Orchid Island Capital, Inc.",6.54,USD,-0.1526717557251876,3656502,0.8094436890157345,1305406531.5480917,USD,4.390145666912801,1.4897,USD,661.9948849104859,21.0687022900763,Finance,Real estate investment trusts,Neutral,6.020297793017743,5.8348574742383015
LQDT,"Liquidity Services, Inc.",41.65,USD,-1.0806317539484582,301114,1.3813082045709038,1304961848.2626767,USD,40.71756769967739,1.0229,USD,23.822781745551385,0,Retail trade,Internet retail,Strong buy,23.664772727272727,25.242424242424242
HLIT,Harmonic Inc.,11.96,USD,1.5280135823429668,1310704,1.1755478541227327,1304434645.5483873,USD,,-0.4204,USD,-171.86324786324784,0,Electronic technology,Telecommunications equipment,Buy,17.069473900546054,16.72727272727273
HLF,Herbalife Ltd.,12.43,USD,0.4038772213247086,2121952,1.0657077958991823,1302706061.1922455,USD,8.02919708029197,1.5481,USD,-51.31301695128471,0,Consumer non-durables,Food: major diversified,Buy,4.660394817550979,5.03230716911467
PRSU,"Pursuit Attractions and Hospitality, Inc.",47.74,USD,-0.5209418628881017,165397,0.8141984208989919,1301590778.1533654,USD,33.36828126092123,1.4307,USD,-87.57468908497185,0,Consumer services,Movies/Entertainment,Strong buy,26.375690607734803,26.266850068775792
MGTX,MeiraGTx Holdings plc,13.53,USD,-2.5917926565874816,611447,0.8017752041819184,1299461709.1511877,USD,19.172452883661613,0.7057,USD,,0,Health technology,Biotechnology,Strong buy,,43.24659508976944
BJRI,"BJ's Restaurants, Inc.",61.08,USD,1.9869761228919647,476274,0.9596673884882388,1299401587.7702453,USD,32.605562376554744,1.8733,USD,57.565817141895856,0,Consumer services,Restaurants,Buy,23.411564807067318,25.776785194300746
OSBC,"Old Second Bancorp, Inc.",25.53,USD,-0.7387247278382494,442031,1.1278879049905284,1298856926.724728,USD,14.643799472295514,1.7434,USD,-4.76346553042718,1.08864696734059,Finance,Major banks,Buy,10.96492169937818,11.675303098276968
SENEB,Seneca Foods Corp.,193.56,USD,-7.178823190907782,645,1.3304455445544554,1298120476.1928988,USD,11.177713869928276,17.3166,USD,177.73661165375552,0,Consumer non-durables,Food: specialty/candy,Neutral,13.507327285415213,13.995661605206074
UMAC,"Unusual Machines, Inc.",25.98,USD,9.343434343434339,3314212,1.0391241916027456,1297870007.7727273,USD,,-0.1739,USD,95.57190873905071,0,Electronic technology,Electronic equipment/Instruments,Strong buy,,
ODTX,"Odyssey Therapeutics, Inc.",26.97,USD,-6.223922114047297,174742,0.9251820402164204,1296138534.5945756,USD,,,,,0,Health technology,Biotechnology,Strong buy,,
VTOL,"Bristow Group, Inc.",43.62,USD,0.6925207756232622,328998,1.1741114349156454,1292984040,USD,12.542772522069184,3.4777,USD,-13.040108021604322,0.865650969529086,Transportation,Airlines,Strong buy,9.600881115251733,12.801173881144532
CXM,"Sprinklr, Inc.",5.55,USD,-6.0913705583756395,4591523,0.825414291541375,1288550958.22335,USD,58.979808714133895,0.0941,USD,-79.15374390784227,0,Technology services,Packaged software,Neutral,10.870927809204444,11.647722502980137
SPTX,"Seaport Therapeutics, Inc.",24.06,USD,-3.218020917135964,141709,1.1878055240764707,1287945110.4255834,USD,,,,,0,Health technology,Pharmaceuticals: major,Strong buy,,
EPC,Edgewell Personal Care Company,27.71,USD,-4.018011776931071,457442,1.004196647292178,1277123815.4056115,USD,,-2.0019,USD,-247.85081240768093,2.07828195358504,Consumer non-durables,Household/Personal care,Buy,11.957108028220674,14.391904384986299
ASIC,Ategrity Specialty Insurance Company Holdings,26.53,USD,-3.1751824817518157,137358,2.3735778370681673,1271501420.9478102,USD,12.376376189587608,2.1436,USD,63.04860424431431,0,Finance,Property/Casualty insurance,Buy,11.539945479956033,11.52270881380814
MLTX,MoonLake Immunotherapeutics,14.94,USD,-0.46635576282478536,1464875,1.4797362874824436,1271493959.6482346,USD,,-3.8357,USD,-37.48028673835125,0,Health technology,Pharmaceuticals: major,Buy,,
CDRE,"Cadre Holdings, Inc.",29.66,USD,-0.33602150537634884,207909,0.598396918288538,1270063037.374328,USD,35.03425466572171,0.8466,USD,-8.967741935483874,1.32728494623656,Electronic technology,Aerospace & defense,Strong buy,21.718913614961593,29.610461697579947
AMRC,"Ameresco, Inc.",23.93,USD,3.36933045356372,580596,0.7898879496906205,1269874425.4570196,USD,45.95736508546187,0.5207,USD,-55.26632302405498,0,Industrial services,Engineering & construction,Buy,17.385719589339566,19.30403819827901
LZB,La-Z-Boy Incorporated,31.67,USD,-3.3272283272283163,702003,0.8613635203555772,1268471120.3333333,USD,16.036255000253178,1.9749,USD,-9.541040674239635,2.88766788766789,Consumer durables,Home furnishings,Buy,12.667994932802026,12.584104293496122
EVCM,EverCommerce Inc.,7.18,USD,-9.343434343434346,253243,1.8250392943803093,1268456526.7297978,USD,37.01030927835051,0.194,USD,,0,Technology services,Packaged software,Neutral,9.677775890746267,9.814374367806664
EFOR,"Everforth, Inc.",30.92,USD,-5.0076804915514455,631383,0.9802403438913577,1267719970.5523813,USD,15.916812519304026,1.9426,USD,-38.31645127488648,0,Technology services,Information technology services,Neutral,7.9014395083730475,8.538146211611824
IART,Integra LifeSciences Holdings Corporation,16.26,USD,-2.751196172248788,621796,1.0222659102047555,1264580907.3767943,USD,,-0.0949,USD,98.54681877344767,0,Health technology,Medical specialties,Neutral,6.377718620231959,6.618281843561889
TNC,Tennant Company,73.46,USD,2.070307072391267,215258,1.1456407925570444,1252441823.98944,USD,72.58893280632411,1.012,USD,-68.45091498581539,1.72294011393636,Producer manufacturing,Industrial machinery,Buy,14.910686086417837,19.080519480519477
LNN,Lindsay Corporation,123.14,USD,-0.2026096117999838,389971,2.4434854965218467,1252196520.7057297,USD,23.624434041900084,5.2124,USD,-25.135010915776167,1.2075532863279,Producer manufacturing,Trucks/Construction/Farm machinery,Buy,21.74901348777947,23.666887690873622
SHLS,"Shoals Technologies Group, Inc.",7.42,USD,4.0673211781206176,4378511,0.9158702927606498,1248785703.4081345,USD,39.48908994145822,0.1879,USD,48.77276326207444,0,Electronic technology,Semiconductors,Buy,14.802224722508157,17.158449727129774
JCAP,"Jefferson Capital, Inc.",21.67,USD,1.4988290398126476,277715,1.2129008645764727,1244411328.9864168,USD,8.389469608981804,2.583,USD,35.030581839092484,4.49648711943794,Finance,Financial conglomerates,Strong buy,7.303321747553119,7.299808561088821
MUX,McEwen Inc.,20.27,USD,0.9965122072745355,734996,0.8378833878853487,1243738120.07424,USD,17.33664043790626,1.1692,USD,,0,Non-energy minerals,Precious metals,Strong buy,45.044444444444444,21.3741230757226
LADR,Ladder Capital Corp,9.78,USD,-0.5086469989827133,899090,1.0624544897857413,1240742653.8982706,USD,23.554913294797686,0.4152,USD,-40.82098061573546,9.35910478128179,Finance,Real estate investment trusts,Strong buy,8.990152198312828,9.710636920477032
THFF,First Financial Corporation,77.88,USD,-1.8401814973531736,113825,1.2130115402609,1237626583.4247541,USD,10.909243721021445,7.1389,USD,36.332212970743264,2.76027224602975,Finance,Major banks,Neutral,9.7593984962406,9.993156971478056
LGIH,"LGI Homes, Inc.",53.21,USD,-3.254545454545453,278532,1.1081806162686096,1237040550.2176363,USD,18.66624570265909,2.8506,USD,-57.00322785001056,0,Consumer durables,Homebuilding,Buy,16.09984871406959,16.33879054874201
JBIO,"Jade Biosciences, Inc.",19.45,USD,-2.2613065326633133,825597,1.3529189381317561,1236969122.1231158,USD,,-2.6138,USD,91.40672260066805,0,Health technology,Biotechnology,Strong buy,,
YSS,York Space Systems Inc.,8.93,USD,-0.3348214285714412,2831312,1.12540177205609,1226603417.8325891,USD,,,,,0,Electronic technology,Aerospace & defense,Buy,,
FUBO,FuboTV Inc.,11.23,USD,-0.17777777777777398,823575,0.7167750202415022,1226279976.1564443,USD,,,,,0,Technology services,Internet software/Services,Strong buy,,
AORT,"Artivion, Inc.",25.13,USD,-1.7207665232694613,619368,1.0256418748456861,1225243838.6734455,USD,,-0.0675,USD,84.29502093997208,0,Health technology,Medical specialties,Strong buy,238.38659798704194,
JANX,"Janux Therapeutics, Inc.",20.04,USD,-0.9881422924901151,1061773,1.0755274908697368,1225180899.7114623,USD,,-1.6439,USD,8.504480436355543,0,Health technology,Biotechnology,Buy,,
DFIN,"Donnelley Financial Solutions, Inc.",49.82,USD,-2.1602513747054233,232261,0.9608588036767812,1224843710.2631578,USD,34.37284393542156,1.4494,USD,-48.83326861298408,0,Technology services,Packaged software,Strong buy,9.35294059118019,10.33609958506224
PRCT,PROCEPT BioRobotics Corporation,21.35,USD,-6.195079086115993,1782761,1.9081111159750863,1222792626.3664322,USD,,-1.947,USD,-25.04816955684009,0,Health technology,Medical specialties,Neutral,,
UVE,UNIVERSAL INSURANCE HOLDINGS INC,43.9,USD,-0.5437245129134617,110153,0.6780920370216472,1221752553.9669235,USD,5.786365793219803,7.5868,USD,232.2734638461875,1.44993203443589,Finance,Property/Casualty insurance,Buy,10.197444831591172,9.051546391752577
HBNB,Hotel101 Global Holdings Corp.,5.21,USD,-0.19157088122604957,2599,2.539325842696629,1219933900.1992338,USD,,,,,0,Finance,Real estate development,No rating,,
GLUE,"Monte Rosa Therapeutics, Inc.",14.27,USD,3.1069364161849693,1197280,1.0909324170064745,1217422235.5281792,USD,,-1.9057,USD,-655.4357330224424,0,Health technology,Biotechnology,Strong buy,,
CLVT,Clarivate Plc,1.9,USD,-8.212560386473427,5454657,1.519466382220273,1215361563.2850244,USD,,-0.5205,USD,16.116035455278013,0,Commercial services,Miscellaneous commercial services,Neutral,2.638027865904878,2.5641544700634964
WLFC,Willis Lease Finance Corporation,57.43,USD,2.1522589825684824,266734,1.4573024383074722,1214306357.635361,USD,14.407566292867715,3.9861,USD,-28.93765710516464,0.948043400924938,Finance,Finance/Rental/Leasing,Strong buy,9.595655806182123,9.277867528271404
CCO,"Clear Channel Outdoor Holdings, Inc.",2.38,USD,0,2288930,0.3489053373799054,1211643401,USD,,-0.1985,USD,-46.92820133234642,0,Commercial services,Advertising/Marketing services,Neutral,,
STAA,STAAR Surgical Company,24.16,USD,2.9399233063485357,1403654,1.9249815442843234,1211478660.151683,USD,363.30827067669173,0.0665,USD,,0,Health technology,Medical specialties,Neutral,57.02363081919544,84.98304560100179
THRM,Gentherm Inc,39.26,USD,-3.5380835380835496,186448,0.7683282983148519,1206813924.2353806,USD,45.534678728833214,0.8622,USD,-14.953639771158025,0,Producer manufacturing,Auto parts: OEM,Buy,13.411639636143514,13.446209340286362
DFH,"Dream Finders Homes, Inc.",13.28,USD,-3.7681159420289956,608419,1.1519463290052125,1202306367.617391,USD,9.34816274813459,1.4206,USD,-51.878323905016764,0,Consumer durables,Homebuilding,Neutral,13.28,11.752212389380531
GDRX,"GoodRx Holdings, Inc.",3.52,USD,1.1494252873563229,1059457,0.7502420947864379,1200831788.7816093,USD,74.73460721868365,0.0471,USD,-49.245689655172406,0,Health services,Medical/Nursing services,Neutral,10.418239021632646,11.572475918072131
ARHS,"Arhaus, Inc.",8.47,USD,-2.978235967926687,948341,1.0500680194976677,1200637100.8052692,USD,17.35655737704918,0.488,USD,-3.3663366336633693,0,Consumer durables,Home furnishings,Buy,16.709970545471048,15.890377035309657
MYE,"Myers Industries, Inc.",31.88,USD,0.2200565859792527,348533,0.9897422994832813,1199264009.764225,USD,32.83889575607746,0.9708,USD,268.00606520090986,1.69757937755423,Producer manufacturing,Miscellaneous manufacturing,Strong buy,16.604166666666664,17.139784946236556
RDVT,"Red Violet, Inc.",74.72,USD,-1.8649855529288175,138809,0.5512662216844063,1199029900.8521147,USD,66.1590224898176,1.1294,USD,87.57681448264408,0,Technology services,Packaged software,Strong buy,47.18959201717822,44.72109169260234
APMD,"Apnimed, Inc.",28.79,USD,4.881602914389799,383109,1.060082668456765,1198331506.3759563,USD,,,,,0,Health technology,Biotechnology,Strong buy,,
ACVA,ACV Auctions Inc.,7.03,USD,0.7163323782234932,3286649,1.2352685911803754,1193750126.1905446,USD,,-0.3674,USD,4.447334200260078,0,Technology services,Internet software/Services,Buy,24.833004228322345,34.106345817970116
PDM,"Piedmont Realty Trust, Inc.",9.51,USD,-1.7561983471074374,936658,0.7958482506697083,1190013229.6084712,USD,,-0.6477,USD,-17.549909255898367,0,Finance,Real estate investment trusts,Neutral,,
REAL,"The RealReal, Inc.",9.78,USD,-0.811359026369169,2099138,0.918912787951766,1189943508.7667344,USD,,-1.1156,USD,-5.275077852222312,0,Retail trade,Internet retail,Strong buy,53.415769121534524,98.96581732812531
UTI,Universal Technical Institute Inc,21.59,USD,-2.7477477477477454,1545792,0.934398344211935,1189506058.490991,USD,35.094278283485046,0.6152,USD,-45.9402460456942,0,Commercial services,Miscellaneous commercial services,Strong buy,31.56211260028536,35.728115494980855
OPK,"Opko Health, Inc.",1.59,USD,-3.0487804878048674,2575766,0.7435495117039725,1186661902.957317,USD,,-0.0965,USD,61.30713712910987,0,Health services,Medical/Nursing services,Buy,,
MMI,"Marcus & Millichap, Inc.",31.33,USD,-1.7560363750392043,141662,1.3851724303145683,1186498476.1746628,USD,84.88214575995666,0.3691,USD,,1.56788962057071,Finance,Real estate development,Sell,45.405797101449274,61.431372549019606
CRI,"Carter's, Inc.",32.28,USD,-3.785394932935905,1616070,1.1320808643399256,1185037039.5326378,USD,6.043246279135075,5.3415,USD,41.90266192019551,2.9806259314456,Retail trade,Apparel/Footwear retail,Buy,9.168245831686004,9.868360714875301
HFWA,Heritage Financial Corporation,28.9,USD,-1.3315124615909886,368772,1.2135104771946037,1182459658.938204,USD,13.69538432376078,2.1102,USD,47.29861789752895,3.31171048139297,Finance,Regional banks,Buy,12.40343347639485,14.620570890291587
CERT,"Certara, Inc.",7.74,USD,-2.5188916876574328,2879990,1.549066391118354,1180650226.2166247,USD,,-0.0169,USD,-134.21052631578948,0,Technology services,Packaged software,Buy,20.00227416036965,22.643562821259206
CBRL,"Cracker Barrel Old Country Store, Inc.",52.76,USD,-3.52898153227281,683246,0.8683460253031096,1179263074.5554945,USD,45.69547895375021,1.1546,USD,-55.18726955171744,1.82848784055586,Consumer services,Restaurants,Neutral,68.37473918847115,
RDWR,Radware Ltd.,27.99,USD,-1.025459688826035,183188,0.8113842182518485,1177888895.8917964,USD,73.96934460887948,0.3784,USD,17.73490976975731,0,Electronic technology,Computer communications,Buy,22.09736260595721,23.005473149185438
SFWL,Shengfeng Development Limited,11.425,USD,-19.799234846091743,12766,8.448821294788813,1175218278.7050002,USD,79.01106500691563,0.1446,USD,9.711684370257972,0,Transportation,Air freight/Couriers,No rating,,
USPH,"U.S. Physical Therapy, Inc.",78.71,USD,-0.806553245116573,164325,1.137350715148411,1174565538.4517958,USD,464.9143532191376,0.1693,USD,-92.59405074365704,2.3062381852552,Health services,Medical/Nursing services,Strong buy,25.54254792675704,28.65654992032161
SGML,Sigma Lithium Corporation,10.43,USD,-15.81920903954803,5272859,3.725549851246044,1174087536.733918,USD,,-0.24309119999999998,USD,43.685303660367694,0,Non-energy minerals,Other metals/Minerals,Strong buy,10.978947368421052,18.96363636363636
CRON,Cronos Group Inc. Common Share,3.185,USD,-2.3006134969325074,929830,0.6478929178628167,1173394998.0277777,USD,17.80459554219885,0.17888639999999997,USD,259.74673030920667,0,Health technology,Pharmaceuticals: other,Buy,,20.22222222222222
CRVS,"Corvus Pharmaceuticals, Inc.",13.93,USD,-3.19666435024323,1032932,1.5818934934259805,1171804844.6323836,USD,,-0.6177,USD,39.1548463356974,0,Health technology,Pharmaceuticals: major,Strong buy,,
VYX,NCR Voyix Corporation,8.48,USD,-7.2210065645514225,2449637,0.8817225061489462,1170832671.2822757,USD,20.80471050049068,0.4076,USD,,0,Technology services,Packaged software,Strong buy,8.606227539319194,9.25764192139738
GNK,Genco Shipping & Trading Limited,26.81,USD,-3.037974683544303,2486406,3.3971625071884164,1168556866.232911,USD,29.53619037126804,0.9077,USD,160.16050444253366,6.50994575045208,Transportation,Marine shipping,Buy,11.90320796116384,10.306274333724927
TK,Teekay Corporation Ltd.,13.32,USD,-2.2743947175348533,400415,0.7376410151358118,1168049032.6661775,USD,,,,,0,Transportation,Marine shipping,No rating,,
MRTN,"Marten Transport, Ltd.",14.29,USD,-0.7638888888888973,364032,0.7635419780081486,1166945298.0402777,USD,92.19354838709677,0.155,USD,-39.59469992205767,1.66666666666667,Transportation,Trucking,Neutral,28.966177072733686,47.63333333333333
GIII,"G-III Apparel Group, LTD.",27.62,USD,-0.43258832011534765,1161207,1.446583134427275,1165303662.0843546,USD,9.092704766921255,3.0376,USD,-24.789541447954843,1.08147080028839,Consumer non-durables,Apparel/Footwear,Buy,11.428968670060323,12.275555555555556
GO,Grocery Outlet Holding Corp.,11.75,USD,-5.0888529886914435,4408391,1.6889629204758667,1164242833.2390952,USD,,-3.8802,USD,-4993.064312736444,0,Retail trade,Food retail,Neutral,19.586565116577567,21.524561814877774
BVS,Bioventus Inc.,13.83,USD,-1.705756929637528,479124,0.8524314250512617,1162990600.533049,USD,17.83595563580088,0.7754,USD,,0,Health technology,Medical specialties,Strong buy,17.345716561208555,17.7973953775673
SCSC,"ScanSource, Inc.",57.69,USD,-1.3508891928864555,389020,1.36297863842281,1162038857.0709643,USD,15.793796369808636,3.6527,USD,21.340065774175326,0,Distribution services,Electronics distributors,Neutral,11.918190269600247,11.925581395348836
RMIX,"Suncrete, Inc.",15.8,USD,-5.389221556886219,305499,0.7196402116950515,1161076242.6706586,USD,,-0.9341,USD,-371.93595342066953,0,Non-energy minerals,Construction materials,Strong buy,78.0455034922893,
UVSP,Univest Financial Corporation,42.09,USD,-0.6139315230224274,179881,1.0211042941999235,1160874427.920425,USD,12.189047522516,3.4531,USD,26.21440842136043,2.12514757969303,Finance,Regional banks,Neutral,10.80154162558454,11.056916720059833
OBX,"Obsidian Therapeutics, Inc.",18.73,USD,11.355529131985733,599438,4.416266803993985,1157005960.4423306,USD,0.11571299717049904,161.866,USD,,0,Health technology,Pharmaceuticals: major,Strong buy,,
ODC,Oil-Dri Corporation Of America,85.98,USD,-2.18430034129693,118764,1.1599610103705382,1154698482.458703,USD,22.198125629308343,3.8733,USD,12.403145767433763,0.927189988623436,Process industries,Chemicals: agricultural,No rating,,
BW,"Babcock & Wilcox Enterprises, Inc.",7.74,USD,9.014084507042263,4570563,1.0011916656175892,1152989528.425352,USD,,-0.8722,USD,55.58837007994296,0,Electronic technology,Electronic equipment/Instruments,Strong buy,29.025072562681412,53.379310344827594
HZO,"MarineMax, Inc. (FL)",52.17,USD,0.019171779141114103,1162388,1.7014411314173383,1152264949.3470092,USD,361.2880886426593,0.1444,USD,,0,Retail trade,Specialty stores,Neutral,37.209428385580125,73.32746751074542
ENOV,Enovis Corporation,19.98,USD,7.650862068965527,3743670,2.628678262144455,1152236393.6217673,USD,,-19.2377,USD,-30.139219612512168,0,Health technology,Medical specialties,Strong buy,5.508532987786385,5.489911394808434
DEA,"Easterly Government Properties, Inc.",24.33,USD,0.08227067050596287,303537,1.0515122783302988,1151334919.3216782,USD,117.47947851279574,0.2071,USD,-47.369758576874204,7.40436034553682,Finance,Real estate investment trusts,Neutral,83.89655172413792,105.78260869565216
AIIR,Air Global PLC,7.16,USD,-1.9178082191780779,11443,1.3095823939390472,1148368171.7369866,USD,,-0.4014,USD,,0,Producer manufacturing,Industrial conglomerates,Buy,,
NPKI,NPK International Inc.,13.5,USD,2.118003025718603,527838,0.5869729411387923,1146283527.4583964,USD,29.847446385142607,0.4523,USD,-19.41920541599858,0,Producer manufacturing,Building products,Strong buy,23.17596566523605,24.434389140271495
TRUP,"Trupanion, Inc.",26.12,USD,-6.043165467625898,482606,1.0832936025865838,1145952494.2762592,USD,49.13468773513921,0.5316,USD,108.55237347979596,0,Finance,Multi-line insurance,Buy,39.78171838137753,41.71078076768916
AMTB,Amerant Bancorp Inc.,29.21,USD,-1.5835579514824758,398814,1.452467943395072,1144735748.7944746,USD,20.961607463222105,1.3935,USD,,1.21293800539084,Finance,Major banks,Buy,11.56831683168317,13.368421052631579
BH,Biglari Holdings Inc.,358.58,USD,-6.558957654723131,76337,0.5395428195012036,1143786085.3080912,USD,,-9.6813,USD,-176.03672520498884,0,Consumer services,Restaurants,No rating,,
FSBC,Five Star Bancorp,46.58,USD,-0.8091993185690004,145931,0.9951589222379296,1142915433.0638843,USD,13.783104009468856,3.3795,USD,38.4246743671664,2.02299829642249,Finance,Regional banks,Buy,13.34670487106017,13.285795778665145
CRCT,"Cricut, Inc.",5.45,USD,-1.6245487364620912,556750,0.7596304218919826,1141472068.5379062,USD,13.221737020863658,0.4122,USD,23.155064236629823,3.6101083032491,Distribution services,Wholesale distributors,Strong sell,24.92385647517218,15.571428571428573
BRBR,"BellRing Brands, Inc.",9.79,USD,-5.774783445620803,3084421,1.0818761099642202,1138363598.7295475,USD,6.884669479606188,1.422,USD,-18.71498799588431,0,Consumer non-durables,Beverages: non-alcoholic,Buy,8.003623295040207,9.37581403901258
UVV,Universal Corporation,45.69,USD,0.17540013155009493,281925,1.006258666566728,1137647097.6393335,USD,60.91187841621117,0.7501,USD,-81.76359039190898,7.21333040999781,Distribution services,Wholesale distributors,No rating,13.598214285714285,14.367924528301886
YELP,Yelp Inc.,20.96,USD,-3.2317636195752506,1521647,1.4752566688926687,1137365514.6814406,USD,10.035910940866652,2.0885,USD,-5.510564176808594,0,Technology services,Internet software/Services,Neutral,9.964094082725751,11.598418055461025
TDOC,"Teladoc Health, Inc.",6.26,USD,-0.3184713375796252,3778827,1.1217996520747862,1137342009.4585986,USD,,-0.9925,USD,16.876046901172522,0,Health services,Medical/Nursing services,Neutral,,
AVO,"Mission Produce, Inc.",12.87,USD,1.49842271293375,1030574,1.9576460773052262,1136675870.6593058,USD,40.26908635794743,0.3196,USD,-38.13395276809911,0,Process industries,Agricultural commodities/Milling,Strong buy,15.921636353289603,22.285714285714285
SVRA,"Savara, Inc.",5.53,USD,2.9795158286778425,1661199,1.232513628179677,1136193896.800745,USD,,-0.5766,USD,-12.397660818713447,0,Health technology,Pharmaceuticals: major,Strong buy,,
GTM,ZoomInfo Technologies Inc.,3.9,USD,-5.569007263922518,5937474,1.281609014658196,1135329212.4697337,USD,,-1.8538,USD,-808.3683607183799,0,Technology services,Packaged software,Neutral,3.499744698111125,3.464923425192303
MCB,Metropolitan Bank Holding Corp.,91.46,USD,-1.85642236291448,73770,0.7783065897046613,1133900852.6086488,USD,11.577215189873417,7.9,USD,27.98911282483314,1.01942268483743,Finance,Regional banks,Buy,8.909172804832812,9.592239620144793
AEVA,"Aeva Technologies, Inc.",16.25,USD,3.5691523263225013,1693839,1.0961919628807324,1132718522.9445505,USD,,-2.7329,USD,50.28288671796831,0,Electronic technology,Semiconductors,Buy,,
BH.A,Biglari Holdings Inc.,1777.18,USD,-7.8326530823924765,19962,1.0953987982550004,1128195130.0862353,USD,,-9.6813,USD,-176.03672520498884,0,Consumer services,Restaurants,No rating,,
BRAI,Braiin Limited,5.45,USD,-3.197158081705146,19799,0.30818346247599004,1123180939.7513323,USD,,,,,0,Technology services,Packaged software,Strong buy,545,545
WINA,Winmark Corporation,312.26,USD,-1.8574975641952491,64579,1.2176239561512834,1121690754.0347612,USD,28.35273394228848,11.0134,USD,-1.9305088066107392,1.24461765722727,Retail trade,Apparel/Footwear retail,Strong buy,,27.463500439753737
AIP,"Arteris, Inc.",22.72,USD,6.317267197005137,787910,1.0124280747020835,1116735833.2016845,USD,,-0.8772,USD,-7.368421052631584,0,Electronic technology,Semiconductors,Strong buy,,
KURA,"Kura Oncology, Inc.",12.52,USD,-5.509433962264154,1511765,0.6538560450559544,1113786925.548679,USD,,-3.3621,USD,-48.890660289624,0,Health technology,Biotechnology,Strong buy,,
IGIC,International General Insurance Holdings Ltd.,26.19,USD,-3.1434911242603474,50631,0.6883046262184097,1113075037.7740386,USD,10.494470267671101,2.4956,USD,-9.599362457436794,0.924556213017751,Finance,Financial conglomerates,Buy,9.032071613740476,10.730088495575222
NBN,Northeast Bank,129.9,USD,-2.2279090772241514,121624,1.313778885819929,1111341371.9403882,USD,10.20504360122555,12.729,USD,26.415206769157418,0.0301068794219479,Finance,Regional banks,Buy,8.812754409769335,8.897260273972604
LMRI,"Lumexa Imaging Holdings, Inc.",11.54,USD,-5.25451559934319,293920,1.1167992181797526,1108705228.0804598,USD,,,,,0,Health services,Medical/Nursing services,Strong buy,16.03864841726059,18.75763959324855
BOW,Bowhead Specialty Holdings Inc.,33.64,USD,-0.029717682020796467,369885,1.248974762528157,1108202724.939079,USD,18.11133843006353,1.8574,USD,26.336552849952387,0,Finance,Multi-line insurance,Neutral,15.356551367755623,16.830468551438994
ECVT,Ecovyst Inc.,10.12,USD,-0.881488736532827,1372015,1.1911582298366767,1107820202.052889,USD,,-0.5462,USD,-357.4539363484087,0,Process industries,Chemicals: specialty,Buy,14.045314180632177,14.675727333107105
CFFN,"Capitol Federal Financial, Inc.",8.8,USD,-0.789177001127379,695315,0.9176114112342617,1106144852.4915447,USD,13.52389734132473,0.6507,USD,38.21155480033983,3.83314543404735,Finance,Savings banks,Buy,11.578947368421051,12.846715328467154
GPRE,"Green Plains, Inc.",15.78,USD,2.135922330097088,1117807,0.5582166423324421,1106104282.376699,USD,10.235454368554192,1.5417,USD,,0,Process industries,Chemicals: specialty,Buy,9.336167710230912,7.7908497506483725
IVA,Inventiva S.A. - American Depository Shares,4.67,USD,-2.3012552301255296,1396242,1.5499179107708394,1103709024.17083,USD,,-2.8408,USD,14.800707794739514,0,Health technology,Biotechnology,Strong buy,,
QFIN,"Qfin Holdings, Inc.",8.84,USD,-2.4282560706401837,2397741,0.5167164625674773,1100671908.74576,USD,2.1419398609192895,4.1271,USD,-41.36725908877807,16.7770419426049,Finance,Finance/Rental/Leasing,Buy,4.322439303099565,3.2357216551555883
MSEX,Middlesex Water Company,58.325,USD,0.11156882938552153,136171,1.2678049548027175,1099073034.3606248,USD,22.514089400138968,2.5906,USD,7.484856028545335,2.47167868177137,Utilities,Water utilities,Buy,22.204946420692078,21.899251802159174
VMET,Versamet Royalties Corporation,10.02,USD,-1.2807881773399092,287393,0.4745218959873524,1090471646.3803418,USD,11.13080045785137,0.9002047999999999,USD,,0,Miscellaneous,Investment trusts,Strong buy,25.69230769230769,41.40495867768595
DEC,Diversified Energy Company,15.43,USD,0,1516404,2.0851398699719885,1084444535.9999998,USD,,,,,9.37592352559948,Energy minerals,Oil & gas production,Strong buy,4.576919688555891,5.37804558407736
CMP,Compass Minerals Intl Inc,25.79,USD,1.8562401263823018,299859,0.7534278241074591,1082686704.1176934,USD,61.142721669037456,0.4218,USD,,0,Process industries,Chemicals: specialty,Neutral,21.717894736842105,28.81564245810056
ATTO,"Attovia Therapeutics, Inc.",23.66,USD,-7.397260273972604,268136,1.6317876538762077,1080108788.449315,USD,,,,,0,Health technology,Biotechnology,Strong buy,,
IRMD,iRadimed Corporation,84.4,USD,1.1384062312762167,105482,1.0895212518721273,1079222011.1204314,USD,47.113989058836665,1.7914,USD,11.115246247363851,0.922708208508089,Health technology,Medical specialties,Strong buy,35.76271186440678,40.38277511961723
UPBD,"Upbound Group, Inc.",18.45,USD,-2.792413066385675,932473,1.185493613150982,1075624050.5374076,USD,11.999219562955254,1.5376,USD,-14.215576880160674,8.21917808219178,Finance,Finance/Rental/Leasing,Buy,4.20128648174023,4.444252810297369
DLX,Deluxe Corporation,23.45,USD,-3.4582132564841492,520107,1.2169935025916627,1075330015.8501444,USD,10.740130072364204,2.1834,USD,70.07322012774573,4.94030465212021,Commercial services,Commercial printing/Forms,Buy,6.064654649598737,6.203703703703704
CRML,Critical Metals Corp.,7.32,USD,0.5494505494505499,4981161,0.5584714937546551,1075225667.0934064,USD,,-1.4123,USD,26.18126698724649,0,Non-energy minerals,Precious metals,Buy,,
RHLD,Resolute Holdings Management,136.32,USD,-0.19767186470459785,88908,0.5042202671503115,1065967207.3164946,USD,25.075417555735413,5.4364,USD,,0,Commercial services,Miscellaneous commercial services,No rating,,
TRIP,"TripAdvisor, Inc.",9.085,USD,-2.5737265415549433,3947311,1.452816926990678,1064755989.7731907,USD,899.5049504950496,0.0101,USD,-97.87725935266918,0,Consumer services,Other consumer services,Neutral,9.19414367962078,10.683258152672403
SLDB,Solid Biosciences Inc.,9.93,USD,-3.121951219512198,742815,0.9072069837405838,1064746583.7921952,USD,,-1.9084,USD,31.80876152361895,0,Health technology,Biotechnology,Strong buy,,
AVTX,"Avalo Therapeutics, Inc.",19.71,USD,2.496099843993762,779695,0.9714088508783788,1057047070.4087363,USD,,-4.7387,USD,49.46249173474394,0,Health technology,Pharmaceuticals: major,Strong buy,,
TTI,"Tetra Technologies, Inc.",7.13,USD,3.1837916063675795,1646051,0.8416645399870564,1055758929.8610708,USD,174.3276283618582,0.0409,USD,-95.2754995957029,0,Process industries,Chemicals: specialty,Strong buy,25.482487491065047,28.07086614173228
CRAI,"CRA International,Inc.",168.06,USD,-1.6675443215727541,128012,1.0489150073376199,1054889074.2934878,USD,22.383825468494027,7.5081,USD,-9.035728564678516,1.33403545725821,Commercial services,Miscellaneous commercial services,Buy,18.576701460491737,19.844528756205253
MBWM,Mercantile Bank Corporation,60.71,USD,-2.3012552301255225,93592,0.9437188929311833,1049428838.4372387,USD,10.68255001671623,5.6831,USD,12.977357215275411,2.4782748632121,Finance,Regional banks,Neutral,11.009489087893478,11.014816388580805
PD,"PagerDuty, Inc.",13.32,USD,-2.2026431718061596,1839011,0.984105849128432,1047616283.6563877,USD,6.669337071900661,1.9972,USD,,0,Technology services,Packaged software,Neutral,9.424530524653425,9.826226286483186
NPK,"National Presto Industries, Inc.",146.52,USD,-0.8123476848090906,78945,0.8061946631537024,1045576532.6344436,USD,24.46607777981866,5.9887,USD,2.576092355651464,0.676956404007582,Electronic technology,Aerospace & defense,No rating,,
ELVR,Elevra Lithium Limited - American Depository Shares,56.33,USD,-0.8972554539057092,21184,0.6286445149401001,1045564256.13772,USD,15.53288294498828,3.6265,USD,,0,Non-energy minerals,Other metals/Minerals,No rating,105.40004490681834,
VRTS,"Virtus Investment Partners, Inc.",157.65,USD,-1.1164774509188993,106845,1.070299477497115,1044066986.8349745,USD,8.982803614773621,17.5502,USD,-14.581356072441967,6.02145142068619,Finance,Investment managers,Sell,6.667040229550868,6.701132263943425
GHM,Graham Corporation,88.74,USD,1.0936431989063495,128482,0.6467076959937264,1041544284.4203689,USD,85.16314779270633,1.042,USD,-16.846221370999924,0,Producer manufacturing,Industrial machinery,Strong buy,52.323113207547166,56.45038167938931
SAFE,Safehold Inc. New,14.69,USD,-2.843915343915342,415684,1.6459492923571082,1040291207.0244709,USD,9.080793719478272,1.6177,USD,11.30452731526076,4.68253968253968,Finance,Real estate investment trusts,Buy,8.85273603178066,9.025043420350151
SIFY,Sify Technologies Limited - American Depository Shares,14.3,USD,-0.3484320557491215,11487,0.5198090368124539,1039436750.0000001,USD,,,,,0,Technology services,Internet software/Services,No rating,468.1108094511433,702.1658494671466
UPWK,Upwork Inc.,8.32,USD,-5.346985210466427,2414306,0.9572518317015659,1039196001.2013655,USD,10.878661087866108,0.7648,USD,-56.0510286174003,0,Commercial services,Personnel services,Buy,6.493177091259575,5.9870372009449735
NNE,Nano Nuclear Energy Inc.,19.35,USD,9.198645598194146,2372381,1.586799334427193,1039059026.6901808,USD,,-0.6945,USD,26.30517826825127,0,Producer manufacturing,Electrical products,Strong buy,,
OI,"O-I Glass, Inc.",6.75,USD,-5.4621848739495755,2066303,0.8007609756566381,1037203254.831933,USD,,-7.5194,USD,-352.92133477894237,0,Process industries,Containers/Packaging,Buy,6.09253064768565,11.781852456298056
GLIBK,Liberty Capital Corporation - Series C GCI Group,25.92,USD,-1.3323182337266763,560200,2.128692009577214,1035491456.377617,USD,,-11.2857,USD,,0,Technology services,Data processing services,No rating,,
BV,"BrightView Holdings, Inc.",11.18,USD,-1.5845070422535186,606195,0.8116242365688604,1035267951.7764084,USD,,-0.2412,USD,-819.9999999999999,0,Commercial services,Miscellaneous commercial services,Buy,19.710095870752543,22.270916334661354
SANA,"Sana Biotechnology, Inc.",3.45,USD,-10.389610389610388,4986001,2.370400426919205,1032794134.5194805,USD,,-0.7608,USD,28.462623413258097,0,Health technology,Biotechnology,Strong buy,,
GLIBA,Liberty Capital Corporation - Series A GCI Group,26.19,USD,-1.6153268219383912,33509,1.0346020013399901,1032521355.4293764,USD,,-11.2857,USD,-253.3549842374171,0,Technology services,Data processing services,Strong buy,8.788590604026846,10.151162790697674
EQBK,"Equity Bancshares, Inc.",50.13,USD,-1.6480282519128826,103408,1.0470476855859825,1032301606.0206004,USD,30.109916511502192,1.6649,USD,-58.847665422547394,1.41259564449676,Finance,Regional banks,Buy,9.994112783752161,10.99686722001259
QNST,"QuinStreet, Inc.",18.08,USD,-3.470368392952494,895734,0.9272927392535644,1032122277.0656699,USD,12.904146741845691,1.4011,USD,1687.1173469387757,0,Commercial services,Advertising/Marketing services,Strong buy,11.387305044361991,11.371069182389935
TBLA,Taboola.com Ltd.,3.82,USD,-1.0362694300518145,1851934,0.8613634091969449,1031993589.4041451,USD,9.436758893280633,0.4048,USD,1002.9972752043597,0,Technology services,Internet software/Services,Buy,12.000012565458183,9.432098765432098
PCRX,"Pacira BioSciences, Inc.",25.87,USD,-1.8216318785578764,386424,0.7853525402158243,1031226981.8857687,USD,74.55331412103747,0.347,USD,,0,Health technology,Pharmaceuticals: major,Buy,8.453593626898833,8.970625103810626
LZ,"LegalZoom.com, Inc.",6.02,USD,-1.7944535073409515,4228048,1.8723090844308818,1031014212.8646003,USD,64.17910447761194,0.0938,USD,-42.41866175567833,0,Technology services,Internet software/Services,Neutral,7.326506619413538,8.267413755218632
HPK,"HighPeak Energy, Inc.",8.15,USD,1.242236024844716,230755,0.7932388296689301,1030590381.757764,USD,,-0.7825,USD,-191.0942956926659,1.49068322981366,Energy minerals,Oil & gas production,Strong sell,,
ITRN,Ituran Location and Control Ltd.,51.79,USD,0.09663703131039265,81858,0.8295541721432834,1030288515.0065712,USD,16.036538163802447,3.2295,USD,15.686344748531308,5.79822187862389,Communications,Specialty telecommunications,Strong buy,13.469440832249676,14.446304044630404
ABUS,Arbutus Biopharma Corporation,5.18,USD,0.5825242718446477,5291491,0.919091913759483,1026187769.4097085,USD,6.612203216747511,0.7834,USD,,0,Health technology,Pharmaceuticals: major,Strong buy,,7
NWPX,"NWPX Infrastructure, Inc.",106.48,USD,-1.1098212212676974,148276,0.9226291034239872,1026169325.9701879,USD,21.401724519124475,4.9753,USD,49.79526705606069,0,Non-energy minerals,Construction materials,Neutral,21.122499786751625,19.625855405662453
HRTG,"Heritage Insurance Holdings, Inc.",34.44,USD,1.4432989690721498,239470,0.9486639197523894,1023984435.241237,USD,4.907590806104564,7.0177,USD,102.68896398347917,0,Finance,Property/Casualty insurance,Buy,6.851457068579027,6.457500403593775
BFST,"Business First Bancshares, Inc.",31.38,USD,-1.4447236180904548,171698,0.9558010619145859,1021415269.6827888,USD,11.17720391807658,2.8075,USD,11.75908602364555,1.88442211055276,Finance,Regional banks,Strong buy,10.033573141486809,10.451290591174022
CCNE,CNB Financial Corporation,34.45,USD,-1.3176740189057399,114599,0.7973613094095022,1020439447.4448582,USD,11.102517000225596,3.1029,USD,30.57145261740449,2.11973646519622,Finance,Regional banks,Buy,9.704225352112676,9.731638418079097
MCBS,"MetroCity Bankshares, Inc.",35.38,USD,-1.1455713886560397,69880,1.027500488900848,1018279908.7996647,USD,12.2642817526345,2.8848,USD,12.187913199035531,3.0176026823135,Finance,Regional banks,Neutral,10.78658536585366,10.886153846153848
NX,Quanex Building Products Corporation,22.22,USD,-3.0963802878325377,894130,1.9867621773702915,1018258315.1696466,USD,22.360873503069335,0.9937,USD,,1.39555167902311,Producer manufacturing,Building products,Strong buy,11.036420186615832,13.245901639344261
HBNC,"Horizon Bancorp, Inc.",19.73,USD,-0.9040683073832231,411866,0.9324678182617583,1013027383.3656454,USD,,-3.1709,USD,-369.45105370496253,3.21446509291813,Finance,Regional banks,Strong buy,9.155452436194894,9.280338664158045
FTH,"Faeth Therapeutics, Inc.",39.2,USD,-2.122347066167277,292079,1.0013682807762894,1012944659.755306,USD,,-141.6493,USD,-564.7892281554765,0,Health technology,Biotechnology,Strong buy,,
CSTL,"Castle Biosciences, Inc.",32.76,USD,-0.45578851412943966,217020,0.6716207283287655,1000801848.9516864,USD,,-0.6504,USD,-82.85071689626088,0,Health technology,Medical specialties,Strong buy,,